date,dgs2,dgs10,dgs30,real10,breakeven10,fedfunds,usd,spx,ndx,vix,wti,gold,hy_oas
2016-08-15,0.7020559172916041,1.5764312263897664,2.293572640118854,0.14338998095978028,1.4330412454299861,0.5,118.59547810001773,2201.1375266756363,4832.890049043415,8.968217622269876,46.24379406940622,1346.2766705634454,5.138463512919194
2016-08-16,0.7360004944627618,1.578363292628703,2.291931584193432,0.16098140631170724,1.4173818863169958,0.5,118.95305539721032,2168.976531904998,4775.924410101401,9.810809259920244,45.15008744500579,1341.2587891679846,5.240558062304551
2016-08-17,0.753213923568769,1.6115723685846848,2.313714818832498,0.1928673580024199,1.418705010582265,0.5,119.09217390496624,2166.324021929641,4766.313207851779,10.247419663920612,45.69534837523137,1330.5081678845506,5.257137775942254
2016-08-18,0.7563925610277336,1.579836574754796,2.295397933064853,0.1548896332020293,1.4249469415527667,0.5,119.09150643018373,2189.856363364708,4811.461499420793,9.3318866277581,46.36966443287377,1328.5452729006581,5.230668206081001
2016-08-19,0.7315348496310855,1.5178139784350395,2.235964733200915,0.1455954755954122,1.3722185028396272,0.5,118.89652735936527,2186.9799002386058,4795.607578737072,9.137627469856913,45.91582525834806,1321.4923768600108,5.2020282313793285
2016-08-22,0.6981044543414906,1.4749481128909097,2.198140139207117,0.09572592657971793,1.3792221863111918,0.5,118.79257722784303,2185.3788021052633,4791.400605382685,9.052985302544599,46.95294784121923,1326.625995089641,5.156958733180321
2016-08-23,0.669623635642335,1.4290704683001658,2.1639512780253485,0.06119364492421121,1.3678768233759546,0.5,118.62327137383022,2188.633624483034,4776.046754713038,9.638058023816706,46.70872672047098,1328.421774403688,5.207606889418776
2016-08-24,0.6432408177831636,1.4213085517229511,2.139898196627176,0.062764965580902,1.3585435861420492,0.5,118.66231683653842,2196.473413277159,4808.219028716506,8.670664998006895,46.8850631869756,1325.9473452623806,5.163052594723896
2016-08-25,0.6600606546497672,1.4489490623628218,2.16662983736221,0.06407668040610359,1.3848723819567184,0.5,118.2888723443741,2186.271814566467,4767.384721564836,8.712677449659884,46.34578763431813,1325.2125844523766,5.177802963135464
2016-08-26,0.6692219298239106,1.458917778127173,2.177904216943433,0.06390454032309476,1.3950132378040783,0.5,117.94556092421095,2187.908062170824,4758.152050880526,8.686228375269716,47.11264759205941,1331.0048928707556,5.174217732665624
2016-08-29,0.739083901526174,1.5450609548933556,2.2729892883696197,0.08854767866864835,1.4565132762247073,0.5,118.28256872328885,2205.37411918888,4783.346576886729,9.010317742762401,47.37490706179472,1321.6445164601375,5.107033398811038
2016-08-30,0.728916318690113,1.5226704590285716,2.243143089178851,0.08679067627396465,1.4358797827546068,0.5,118.35956273854917,2220.4506704106752,4822.549661668264,8.5,45.912709431192205,1316.84090615978,5.1058575658567396
2016-08-31,0.6992793533481673,1.5223239861538413,2.2517251444566657,0.048951262312692756,1.4733727238411485,0.5,118.14581890899684,2218.8208839867366,4800.4497788113285,8.5,46.2413295724407,1322.0502808438284,5.036913435182478
2016-09-01,0.7112322257425087,1.5202442677097363,2.22350735466922,0.07130016300464233,1.448944104705094,0.5,118.1527576443573,2208.081482862074,4773.660965994386,9.419177468293798,45.50176391973723,1326.147958149127,5.073879398885914
2016-09-02,0.7035771159952595,1.5474356822786581,2.2604453798353052,0.07228428531572753,1.4751513969629306,0.5,117.958908944784,2223.139859144364,4803.131827579252,9.864524444671463,45.93325830914559,1336.2705480475179,5.056214473160169
2016-09-06,0.6727702262108759,1.5212999495130972,2.2351932283965983,0.023558398814641807,1.4977415506984555,0.5,117.85314736312986,2219.63534973458,4780.63768074734,10.951142917796341,46.76299901625423,1339.8211882462022,5.036317893401444
2016-09-07,0.6932071807171464,1.5756442453276842,2.2716015463454178,0.05449911930701967,1.5211451260206645,0.5,117.3974667681648,2255.105074540243,4842.941045647137,9.708588838527248,48.23285177159,1328.632056129638,4.882749740018632
2016-09-08,0.7466050678051632,1.6245783124484054,2.2886247896019043,0.13411059661544172,1.4904677158329638,0.5,117.3178237953553,2251.6646723102735,4836.817224542387,9.610992565188871,48.16532265489532,1314.896000508419,4.938540981249517
2016-09-09,0.7526150650058849,1.682319392087546,2.326093688688261,0.16950009010857364,1.5128193019789724,0.5,117.50702164438236,2266.162086793931,4868.613063536339,8.763915172667538,49.76922949624086,1303.617152921399,4.886732389733111
2016-09-12,0.7246701354573903,1.6724135703911684,2.323634871433333,0.1468131807523316,1.5256003896388368,0.5,117.40766833624905,2273.441644181532,4881.73916241958,8.5,51.31301221971094,1306.429506947879,4.885037336311541
2016-09-13,0.763068446846944,1.7236676423505821,2.3842347095731844,0.16267057002951388,1.5609970723210682,0.5,117.38491638350465,2276.6811042557742,4898.59500276423,8.717527382806065,51.33001180423917,1306.892818761659,4.8839958390031235
2016-09-14,0.7681697672245537,1.7445100994435376,2.4132341779508617,0.16277520530489092,1.5817348941386467,0.5,117.3779300186575,2305.331867824478,4973.918898561744,8.5,53.07559353451438,1301.939322215212,4.7989522823359625
2016-09-15,0.7687848124213583,1.7325290095107078,2.392524729110072,0.1533964925456919,1.5791325169650159,0.5,117.83449016803641,2288.0977143853975,4933.895010678043,8.5,51.80027074300988,1298.6089369463705,4.868432776832472
2016-09-16,0.7399078971865523,1.7025440322807437,2.372009472841404,0.13162630644535023,1.5709177258353935,0.5,117.57114119829585,2279.7223525692657,4910.733274169647,8.5,51.00257247782301,1305.160110211901,4.896943917142339
2016-09-19,0.7454645781486898,1.694805685180396,2.3601582696312664,0.11861697022127764,1.5761887149591185,0.5,117.59680067756021,2289.4262464496715,4938.198102507702,8.5,51.04315119779742,1302.2676003483823,4.838604059571125
2016-09-20,0.7611293966400314,1.7304510484981646,2.3891220577929904,0.15639118175935918,1.5740598667388053,0.5,117.53438770471307,2291.7036810920104,4940.193398568328,8.5,51.184180474957486,1300.8732677143491,4.885511868650108
2016-09-21,0.7708902510402351,1.7418932648382335,2.3976546168435267,0.14863842904278063,1.5932548357954528,0.5,117.73699261104852,2293.0041556675756,4923.560692577756,8.5,51.732756450318576,1295.7855942084961,4.849059974512061
2016-09-22,0.7630551007944558,1.7554459377870237,2.41452856067491,0.14231422645306804,1.6131317113339556,0.5,117.62156810664243,2306.6090110508894,4964.4439320979545,8.5,51.98231082273577,1306.295896333153,4.850728751249887
2016-09-23,0.7599672164737243,1.7522404828163634,2.4077228243319455,0.14870942606654058,1.6035310567498229,0.5,117.78986772633425,2312.391896444309,4969.963887999124,8.5,52.39803018024016,1304.108054968337,4.802214995114731
2016-09-26,0.7750625435264912,1.762280801330813,2.412687483740225,0.13590784867334604,1.626372952657467,0.5,117.8358223688382,2318.803364490992,4979.268303313307,8.5,53.47523266912846,1290.9781958202184,4.763342866915715
2016-09-27,0.7952225848219354,1.7642355846391953,2.399227083342689,0.14724639361239134,1.616989191026804,0.5,117.98558866293232,2306.846397246761,4929.6556113688375,8.5,53.215912183826354,1290.9387505290501,4.751781798221336
2016-09-28,0.7607274689762371,1.7420761356765802,2.39534534700388,0.10061110784593366,1.6414650278306464,0.5,117.88320306411539,2294.486566666271,4909.154027324264,8.5,53.43276888120182,1299.7573376853693,4.767955671050921
2016-09-29,0.7778627602197324,1.770516128696825,2.4108463517933663,0.15020023809539207,1.6203158906014328,0.5,117.82250471131576,2292.0763677340983,4906.300601333939,8.5,53.463559091927905,1302.6334679359888,4.779851062792131
2016-09-30,0.7821335282256534,1.7568475746989192,2.4030572377129658,0.1650689489629893,1.5917786257359299,0.5,117.73864883774868,2290.86002425967,4905.250925983197,8.5,52.87584459209242,1302.345414097238,4.808272251447363
2016-10-03,0.7899328167133904,1.8028656903104727,2.433187921669118,0.18859708868597874,1.614268601624494,0.5,118.02357267806268,2302.986606216047,4954.100384539178,8.5,53.477549888236084,1288.1433236759196,4.758996672018875
2016-10-04,0.7800231988625653,1.7779501812224598,2.395582198724091,0.17426915028082546,1.6036810309416343,0.5,117.53404132604541,2288.364967029895,4897.141494400001,8.5,53.535319407968736,1297.9228607125724,4.850024750260811
2016-10-05,0.7929322777091287,1.7766368249411215,2.395355416786913,0.15084082587024428,1.6257959990708772,0.5,117.67026750175546,2313.7428669086703,4946.233278781274,8.5,53.702255777289785,1293.2045497028348,4.803729757993219
2016-10-06,0.8338476804156995,1.7980915088271914,2.4379436405201287,0.1791707883031824,1.618920720524009,0.5,117.99858221753918,2293.857213315123,4899.991285005864,8.696094228626624,52.66621551625645,1288.9599847615661,4.8342924655271045
2016-10-07,0.8030782681542394,1.7956079232096858,2.4399726627148666,0.17883157205492023,1.6167763511547655,0.5,117.65467760345204,2298.996678369143,4904.067406509163,8.854362306653524,53.85039404248598,1289.1094937543016,4.7732832715851385
2016-10-10,0.8154504144182368,1.825775454967869,2.4816489506814436,0.17156686077383845,1.6542085941940305,0.5,117.62699208453304,2317.987767773298,4945.4094528380265,8.5,54.424718489388255,1284.8362998579787,4.680934880682756
2016-10-11,0.8429120944275341,1.8397058464097635,2.498382173215507,0.1977865638221558,1.6419192825876077,0.5,117.97947858993021,2326.337505190638,4967.461224095339,8.5,54.46369318982026,1280.0657702292633,4.650373628210356
2016-10-12,0.8481660821063773,1.8157760865283592,2.4724316060744633,0.19286070639442854,1.6229153801339307,0.5,118.05230330472078,2325.3221251385394,4971.798234454416,8.64442705134501,53.51650718397078,1274.4714566736127,4.67742039418755
2016-10-13,0.8433401028627099,1.8066930798497642,2.470873038734273,0.1861478168430954,1.6205452630066688,0.5,117.98871616514012,2320.7418527277487,4947.478617877814,9.106152542052678,53.10219279975598,1290.4972223890545,4.668597671380978
2016-10-14,0.852641917790614,1.8011524330453947,2.4712969977392634,0.19573878198535832,1.6054136510600363,0.5,117.9896126788529,2329.9944190540414,4977.6251880810605,8.565872903481296,53.06087232180378,1284.7211099387605,4.620394700652811
2016-10-17,0.8805178025320584,1.7919168549554458,2.442222105665412,0.2232596905504845,1.5686571644049614,0.5,118.12659349063298,2321.543719811176,4943.141364536173,8.671478186417708,52.22516516924649,1271.2478454820337,4.616022974172518
2016-10-18,0.8526989839973277,1.7899258900002413,2.467254564021587,0.1943842185835142,1.595541671416727,0.5,118.12767750221981,2313.111560105848,4933.169671689825,8.656685392363537,53.2483093524314,1275.2480817730118,4.585993616418933
2016-10-19,0.8469762038891586,1.784800871411166,2.4452658912292558,0.22540775134928964,1.5593931200618765,0.5,118.15435820112945,2292.8735923791937,4905.839093233089,9.223767959865196,52.866046363154375,1273.3497676387508,4.624707416421948
2016-10-20,0.8578765564203482,1.817393213647116,2.466218165201342,0.23900944021887788,1.5783837734282382,0.5,117.91091774566374,2320.8540706317904,4976.493933552783,8.5,52.765731123603366,1269.7769442707652,4.563885403874894
2016-10-21,0.8990706630114063,1.8684100759586535,2.504197259751437,0.2717056605965284,1.596704415362125,0.5,117.77579393117591,2327.373646753026,4993.024781282117,8.5,52.559030304252566,1274.4325929474705,4.559377567033828
2016-10-24,0.9627497774179424,1.9468708174120355,2.5685786527686654,0.35745867298785006,1.5894121444241855,0.5,118.0332622330673,2306.012740115992,4922.867118861323,8.970559925170038,52.51515957788211,1269.1927423611987,4.63853261616359
2016-10-25,0.9591633747797751,1.977850628927256,2.623685494775156,0.3613842486485119,1.616466380278744,0.5,118.03781570438886,2251.6066856528405,4785.861655361605,10.68665429656022,53.49564377828357,1273.0139490441802,4.806107852538444
2016-10-26,0.9559813593071813,1.9175200747074341,2.5516531690318063,0.3467053354571975,1.5708147392502367,0.5,118.14224220661902,2252.379492273467,4792.27750166051,10.660152533662458,52.53243813535222,1263.1286937616494,4.8200753524942765
2016-10-27,0.9868215600048624,1.9783057651295033,2.6193261501165463,0.380495892442978,1.5978098726865253,0.5,118.0629068463884,2257.4536747591924,4801.956682821061,10.659255165890775,52.42308379373034,1266.6976649188555,4.83117584244581
2016-10-28,1.0256728891463456,2.0417468027623116,2.674292214075493,0.44153355229179586,1.6002132504705155,0.5,118.27797949951406,2263.324207888109,4786.2896813026755,10.655618938666223,52.51745441433231,1260.5684811210415,4.823128803369448
2016-10-31,1.0798614268668074,2.092612174217291,2.728894003186335,0.44732821823993446,1.6452839559773567,0.5,118.11852369722442,2255.0000530624393,4769.437054271235,10.888000356682236,52.629625771931515,1258.069199464655,4.855224060324033
2016-11-01,1.0871102858479809,2.058940545210953,2.6869610261312853,0.4326710276878286,1.6262695175231245,0.5,117.68447388710149,2231.5168391272946,4738.132682151486,11.48435873766122,52.36948611673448,1273.654989646765,4.890732271370034
2016-11-02,1.0811360393513585,2.0881849256306273,2.714857339651613,0.4431471896193779,1.6450377360112494,0.5,117.90084375281094,2251.3894692156014,4799.213808568412,10.351813511328741,54.04354313890721,1266.2721974462206,4.86104195402673
2016-11-03,1.0768406767674634,2.0686017971111115,2.70581380729601,0.416996802416552,1.6516049946945592,0.5,117.75052131040081,2235.141127151021,4759.886006734069,10.648737424893755,53.49263269773583,1268.3451973881606,4.911015091765795
2016-11-04,1.1604546911821223,2.2137595306089586,2.820028475979158,0.5146429668883616,1.699116563720597,0.5,117.94542653935025,2229.4903670860185,4746.743550334299,12.139001219667517,54.24273352226948,1251.3024201264875,4.929108925899527
2016-11-07,1.17955841995277,2.2446527930421767,2.869419592709203,0.5283966476686577,1.716256145373519,0.5,118.65365751218204,2221.7651149661237,4721.295011283627,11.685615556004546,54.985509617426025,1246.4027566293269,4.974545058930709
2016-11-08,1.2113038318812364,2.288084192984332,2.9198324735150485,0.5403466667268111,1.7477375262575212,0.5,118.69218978978311,2234.688158992869,4737.5935292511585,11.933881571895748,55.5656508306766,1240.352117334023,4.999308285182177
2016-11-09,1.2241544430971756,2.2850945903451154,2.907137519973013,0.5628821302945551,1.7222124600505602,0.5,118.54342988512681,2236.0660068481448,4775.760512946106,12.14535823478376,54.881180727039606,1250.749310432474,4.995578930503075
2016-11-10,1.2551457385592237,2.384396510983836,3.0276386151729175,0.5814910659997702,1.8029054449840656,0.5,118.82530753515947,2242.3227061630837,4796.67208711687,12.301292154334863,55.96679626428729,1260.7837677700609,4.97215881389082
2016-11-11,1.2894188390344352,2.4425497849623694,3.0730376399854635,0.5919022032031467,1.8506475817592225,0.5,118.6180125520893,2250.9761404323244,4830.290378215241,12.233544691367328,58.30450111347073,1260.1624817058032,4.996017924704852
2016-11-14,1.30749629686421,2.4641799946534384,3.0829447459292845,0.597616192514935,1.8665638021385034,0.5,118.9494389488168,2248.1798468268676,4781.091913567831,12.975500565311087,58.05018545587139,1250.1727410056196,4.9902113308723735
2016-11-15,1.2587085911957623,2.4232006920462785,3.050303290436204,0.580783475745844,1.8424172163004344,0.5,118.53060047839188,2231.6595148767597,4765.848325072485,13.234955358528124,58.706924404860025,1255.4384112538305,4.928569212553805
2016-11-16,1.2312391298416485,2.3482821081152725,2.9813519552201604,0.5095736623358362,1.8387084457794365,0.5,118.54628490405707,2242.926087288776,4804.59925799457,12.25693803309023,58.872332715947074,1246.877774732893,4.88210324915482
2016-11-17,1.305786814874966,2.4248460639993596,3.0347525214405575,0.5664338033980657,1.8584122606012938,0.5,118.53063730142324,2240.128707771125,4791.894251727212,12.89794152893474,59.501903768853374,1234.2068862474234,4.986625554752399
2016-11-18,1.2964148021316162,2.389885768672648,3.0301005357983053,0.5510556343713953,1.8388301343012523,0.5,119.15348549966403,2217.5701575928065,4729.958355280294,13.600306314534107,57.718807959445215,1217.4204180546458,4.936558164054663
2016-11-21,1.3040001841826991,2.3461168757515,3.009315339964997,0.5035638433737735,1.8425530323777268,0.5,118.5680227696001,2214.3891747701414,4707.023915940752,14.57197814621727,57.00242776944971,1230.8982296506617,4.946985440051454
2016-11-22,1.2735572320645132,2.342970304751778,3.0325172399768006,0.4957469332361065,1.8472233715156712,0.5,118.10348705783116,2206.1973935773167,4706.211530031241,15.391304978841022,56.68726204526624,1246.2880335172038,5.019063115316954
2016-11-23,1.2081376967573636,2.2644318608456517,2.951951147570771,0.43641422921222306,1.828017631633429,0.5,117.69572699866669,2203.9251374985047,4749.657846863256,15.631196856026701,58.0349416712057,1260.1793645905811,4.903263456467233
2016-11-25,1.2400122310689339,2.4290383578207644,3.1062980405042135,0.5143797694362258,1.9146585883845386,0.5,117.57454937411462,2209.3961479017507,4738.269196225643,14.861760837437764,58.22860271083069,1244.9292501990465,4.760735843730832
2016-11-28,1.2581830763720365,2.382286237357811,3.0781052594560214,0.49686645115838785,1.885419786199423,0.5,117.22765906713875,2197.11738608403,4706.039373146624,15.873036125850744,56.21646755405419,1246.2202432695167,4.783954329387861
2016-11-29,1.3158405071311003,2.435988980918037,3.1232147934858556,0.5254781208568174,1.9105108600612195,0.5,117.3883336531409,2226.194968994168,4744.438257258989,14.530759759479983,56.27233620697659,1246.1580181115319,4.652131282004597
2016-11-30,1.3713146446714455,2.4866649877253915,3.151846227448369,0.5946270297472684,1.8920379579781232,0.5,117.60739819108746,2209.764460840772,4731.435933881906,14.0376480414477,54.58268552846406,1239.3269185342053,4.669236582971633
2016-12-01,1.4089987610021797,2.571177577160328,3.2179014961213297,0.6208917033988679,1.95028587376146,0.5,117.07691613686318,2262.107147990929,4847.3744543333905,13.049647109871522,55.55372736967041,1237.9681441538817,4.5635803672500135
2016-12-02,1.3973560830274334,2.554103087390814,3.197914502581803,0.5876309552872978,1.9664721321035166,0.5,117.01799157553481,2281.9609886214785,4910.834716016392,12.151466183816627,55.31573551739085,1249.1711622530615,4.508288345032802
2016-12-05,1.4619581965139816,2.566824757388922,3.1902670517839615,0.6556657566101018,1.9111590007788197,0.5,117.62813117470311,2243.766747619082,4815.250123586592,13.408492820668991,53.454095059893454,1236.7928172427937,4.567557202399257
2016-12-06,1.3739696017775642,2.3917195826855115,3.0336988383235104,0.5213280549715524,1.870391527713959,0.5,117.75359962795335,2210.1776549108563,4765.386419817396,13.57468631321805,52.04049660515955,1243.491956844295,4.63311936657116
2016-12-07,1.436334823278119,2.4574743236672543,3.079848241416197,0.5762919453033393,1.8811823783639148,0.5,117.63461237262574,2213.5394154919263,4814.289371743237,14.312968720729883,52.40291530614811,1244.5961986505406,4.699396368494402
2016-12-08,1.4041734798021641,2.4533664943530504,3.0729681550342836,0.5659934646495935,1.8873730297034568,0.5,117.45640358952947,2208.385470533628,4754.970629411729,15.409241921373152,54.22558218497813,1246.7990062536105,4.711770984356898
2016-12-09,1.4369166626873193,2.485051183480492,3.0997966921862274,0.5683329731830025,1.9167182102974896,0.5,117.64391016036096,2245.166126043468,4821.186255013049,15.791365249926153,55.57111038861132,1235.4480882968198,4.707293333353314
2016-12-12,1.381231837912012,2.460782226617126,3.0687395161948103,0.5386021384170832,1.9221800882000426,0.5,116.66657098377117,2234.47130574844,4769.261577137141,16.791480111569594,56.83031408800299,1242.8111642139709,4.581578454366305
2016-12-13,1.361013248307148,2.497080978033271,3.1358174460799315,0.5320779952140947,1.965002982819176,0.5,117.0140602157359,2238.2011699088453,4795.557676309818,16.004849666854184,56.11969882453072,1253.797707737973,4.623916162121214
2016-12-14,1.3860682329165297,2.538610502848441,3.1774957734238667,0.5183911225521166,2.020219380296324,0.5,116.78844607169395,2208.3351406043557,4726.310145240705,16.180764296614317,54.963788859844584,1285.9911279160128,4.688184822343558
2016-12-15,1.3779745416333018,2.5462113425933266,3.190371209475308,0.5088968885085253,2.037314454084801,0.5,117.07897159963483,2224.432793286832,4759.8931576203995,16.673028814290422,55.620118371876046,1296.6872145893078,4.626728528414221
2016-12-16,1.3960752098754954,2.5835252149448067,3.242381877608061,0.5360220434973336,2.047503171447473,0.5,116.965902460836,2235.5753066326824,4771.998250747344,16.23412060789342,53.232952224384945,1304.1469518787196,4.632413071006364
2016-12-19,1.4510383244226963,2.6354140383705804,3.2563963921983765,0.5907782247411841,2.0446358136293963,0.5,117.02881453252455,2235.559320339214,4782.612901990515,15.74882049736238,53.16578021873064,1291.040070953659,4.681890389362206
2016-12-20,1.4484895083891314,2.643501671249024,3.220290506613571,0.6171605688453765,2.0263411024036477,0.5,117.31300336784929,2288.6049075289184,4941.374090788358,13.356271228070852,53.878856163059965,1263.1298580014416,4.473274143618291
2016-12-21,1.4330593204805542,2.599070352530889,3.1791327845589312,0.6057730824642449,1.993297270066644,0.5,117.55290955392752,2266.9069825656657,4859.605291946991,14.29972464476774,52.36138051955221,1256.5752815350318,4.467342937424793
2016-12-22,1.491671254938952,2.6577604039802263,3.2418761562977285,0.6787943899525144,1.9789660140277119,0.5,117.46387336547996,2237.2738078557286,4796.769180695952,17.108982274576547,52.472318208483564,1271.1251684494598,4.60998281591053
2016-12-23,1.3943928516181738,2.5475447537354987,3.146760823000713,0.6069566941808494,1.9405880595546492,0.5,117.39744231132883,2232.9055158083656,4818.107587091804,16.972740141983067,51.82731457231386,1263.5674834214988,4.630921815465518
2016-12-27,1.4116793396455931,2.613524468158018,3.2513401884514206,0.5904520871228712,2.023072381035147,0.5,117.61572469106267,2269.0641704443005,4933.232602102772,15.925618584431618,54.380815859457684,1259.5861571122305,4.47562550839083
2016-12-28,1.3608031523499604,2.51251772018466,3.122134258326206,0.5299209199327054,1.9825968002519543,0.5,117.50109163917256,2249.924943525861,4850.628407747959,16.20231721524706,54.63903497586478,1261.4345630552332,4.6026480559138045
2016-12-29,1.401064354239895,2.55153245173912,3.174365437884799,0.5285314452035215,2.023001006535598,0.5,117.48009178730393,2271.9163437503016,4904.774724342476,14.76987593106532,53.65426180718749,1258.1774513981081,4.480323332641199
2016-12-30,1.3859222219280398,2.558980094313489,3.190948968383535,0.48573109705746287,2.073248997256026,0.5,118.09421221250727,2229.1148208642203,4760.508376035451,16.454214223641237,53.656014538069996,1258.1665377472777,4.699212518258096
2017-01-03,1.3376832937132035,2.47349614145915,3.10568319968002,0.44710142944075465,2.0263947120183956,0.5,119.01064141999451,2209.5264500187163,4708.2213647595045,16.548727396418034,54.67010035003911,1261.070540764136,4.636998601374007
2017-01-04,1.3397741289429335,2.39574936479068,3.0448119870279213,0.4026230361956824,1.9931263285949972,0.5,119.15110490379762,2200.208802347607,4683.9277365149455,15.805347301115486,54.42352178741421,1260.8805304461102,4.677012098161638
2017-01-05,1.3080559603153425,2.3374066573002015,3.0253466652687138,0.37435333750660105,1.9630533197936004,0.5,119.61273135927132,2154.711080933564,4554.1070243034355,15.289863827621637,52.19245000843892,1283.0113730083401,4.698372315699162
2017-01-06,1.2473847281971255,2.1998435942960284,2.8717398151300886,0.3279127053766995,1.871930888919329,0.5,119.93783990130098,2127.0569103902385,4515.854840830103,16.274135776697378,52.03822054658461,1286.5618771441477,4.78884722486552
2017-01-09,1.3398660764702488,2.2937845099632668,2.958437006967654,0.45147447384906064,1.842310036114206,0.5,120.56911576751708,2099.7072732043844,4495.171665096665,17.942985677384947,50.080339770044674,1282.9925671460785,4.900547127926367
2017-01-10,1.3471404341884385,2.2928594031691487,2.932534979176008,0.4812236157729577,1.8116357873961912,0.5,120.87470008162394,2108.183219766154,4506.155563216733,15.864486901171148,49.762419825322446,1267.6829517945237,4.921889606884889
2017-01-11,1.3036738613552556,2.303093138073823,2.94003051589354,0.4728174217352465,1.8302757163385766,0.5,121.0165876014909,2098.3737433950596,4510.3651575332,15.741443987125198,48.4693588693489,1276.7880819691468,4.942066000969378
2017-01-12,1.3124232748210738,2.379464510459261,3.0119440265938966,0.48715172908338894,1.8923127813758722,0.5,121.6404256877411,2090.5629534466925,4533.918028756781,16.04597813176525,50.047148525994366,1284.92588465016,4.868772965973132
2017-01-13,1.2606208062868058,2.423880318218527,3.089535460012749,0.4461668395689619,1.9777134786495651,0.5,121.4089924670516,2089.8019983901954,4515.4418121109165,16.543248819281803,51.92016005785055,1284.1343638226685,4.900795380771433
2017-01-17,1.2449506722239663,2.3885836607329494,3.074062739818294,0.3936526758865219,1.9949309848464276,0.5,120.95374231172623,2070.9116366141943,4477.924326727792,18.122914452324256,51.484218252311365,1295.4134852496247,4.895876079771502
2017-01-18,1.249989158262351,2.3584801852833874,3.0365712194723167,0.4144382704723746,1.9440419148110128,0.5,120.20774020240827,2090.0406804466033,4529.279411722731,17.62092124740575,53.134285024943736,1289.8303460243883,4.856189152427619
2017-01-19,1.301875234953282,2.370136315085722,3.049868720789638,0.4168666845022586,1.9532696305834634,0.5,120.2587701763367,2099.067986248735,4577.633759622481,16.40187570213626,51.304148813155265,1277.6752320939927,4.964294469559738
2017-01-20,1.3409183004850553,2.307960291532397,2.9799470174149043,0.40555332992556176,1.902406961606835,0.5,119.87424605659079,2088.584692527193,4571.410424897151,17.136910172149413,50.1443194033964,1280.147503101461,4.998828750298523
2017-01-23,1.377605292892005,2.346974222979535,3.0534769325949465,0.40952463335173384,1.9374495896278014,0.5,119.64917535689506,2075.291303984823,4555.967173991952,17.714165485228033,50.145083285750815,1290.7131954256304,5.144323371603872
2017-01-24,1.3873133657213037,2.390399271890252,3.06221416984903,0.43355495335799143,1.9568443185322606,0.5,120.09622478170816,2028.2465339791147,4459.724522295538,18.129078793411637,52.095792245123185,1284.8431197467648,5.2592224870121935
2017-01-25,1.4598978742593829,2.406973673584673,3.0467521429546265,0.45725841436447817,1.949715259220195,0.5,119.86902276608097,2024.607892964805,4472.30652097883,18.76673960590139,52.60730483829852,1285.5898539210189,5.18492161479826
2017-01-26,1.4679624751591156,2.355230191888953,2.9995078752712714,0.4100197290894826,1.9452104627994702,0.5,119.74565546937505,2021.7593242504843,4448.436850637153,17.37421612696131,51.430109675522964,1282.519677791424,5.121174067673236
2017-01-27,1.5190488478464153,2.405772530119359,3.0899758629744416,0.4564610121388743,1.9493115179804847,0.5,118.94196164106383,2018.958839936602,4453.322030738674,17.52592181147026,52.07174495063916,1278.05262119579,5.063095266006016
2017-01-30,1.5888113089587357,2.510243925372973,3.1797292538169577,0.48648519971983056,2.0237587256531424,0.5,119.33401722903791,2059.704217592748,4557.955475578829,16.117525959963775,52.675317380309615,1275.9296554345583,4.945120527181488
2017-01-31,1.5703960553060772,2.514406581435666,3.199243407420191,0.43229685142057384,2.082109730015092,0.5,119.7501544551336,2067.995656915372,4574.20617325162,14.438650933110898,54.6318544937074,1274.883740515047,4.979388605253671
2017-02-01,1.5189451035401387,2.4645797884838845,3.10087705658574,0.41658125600330725,2.047998532480577,0.5,119.08843221731118,2070.1919965932234,4576.381640302196,13.152046205034974,55.93985793221816,1268.35608361646,4.92508287389169
2017-02-02,1.4759063363988867,2.41530725759759,3.050998966317511,0.35830471356422167,2.0570025440333684,0.5,119.30382138948708,2072.3089966536404,4573.066759309264,12.114359741612615,56.94605004047572,1265.735545756239,4.94055169340796
2017-02-03,1.584843058337203,2.5233820489811207,3.1514201162116318,0.45725995997147434,2.0661220890096463,0.5,119.99577987394603,2061.8073942791257,4546.395434154576,13.499677357441211,57.70765799397886,1251.2429539033851,4.995519798547942
2017-02-06,1.5871091725347979,2.574630048697606,3.222001622903728,0.47459107463612704,2.100038974061479,0.75,121.03666649712724,2036.633398469185,4491.266575000015,14.533945213236297,58.243045285156676,1245.058315294752,5.1305344493451575
2017-02-07,1.5888305206520963,2.5847431785344086,3.223966639093736,0.49583510646709344,2.088908072067315,0.75,120.87011633371814,2047.3602152444662,4518.279038273702,14.564697060247683,58.88172637773916,1251.0975914791504,5.1324257204564585
2017-02-08,1.5577761938680577,2.606645853388302,3.2648973447780856,0.5046790864488918,2.10196676693941,0.75,120.488996786478,2072.554495569504,4577.314469460418,12.607577802667617,59.426830905453,1253.038515068522,4.947587397847267
2017-02-09,1.6340692218635566,2.613796010804255,3.252337741880769,0.5889186099151968,2.024877400889058,0.75,120.63321614373027,2046.649555882258,4526.436706409226,14.818764709767411,55.960437437806725,1260.6215362527294,5.076509662955683
2017-02-10,1.6578399511114292,2.652227167685103,3.2878405756829023,0.638982615269991,2.013244552415112,0.75,120.72397942581092,2055.4695473899337,4556.704152427299,14.88183109009146,57.383604435729524,1263.6212831767664,4.977354203882374
2017-02-13,1.6427604400876947,2.633886567358041,3.2427761774421704,0.65975359969755,1.9741329676604908,0.75,120.81789177078142,2058.514164153824,4573.108156901592,15.979375918944315,57.5658369294369,1261.2368482162412,5.0653140924396585
2017-02-14,1.682909022099988,2.6846612323106296,3.2823822761811057,0.6713000548565826,2.013361177454047,0.75,120.56494256985417,2045.0204153450868,4560.8086281873775,16.072485115687748,57.479672918704054,1258.055102234526,5.127618553016285
2017-02-15,1.7082891199600878,2.6312306280659112,3.2204227375247294,0.6834414665129649,1.9477891615529463,0.75,120.44920663480188,2009.2446280201316,4440.6381751638055,17.383638264623002,54.77370255927075,1257.5808160745921,5.229773723798761
2017-02-16,1.831333230184653,2.8000851105114917,3.3763348911735043,0.8240010254796893,1.9760840850318022,0.75,120.5935893177893,2007.3131254824307,4462.010380479951,18.147816744411912,54.147392832732,1248.8318122957573,5.282220344343825
2017-02-17,1.8260531665645656,2.8516842325457983,3.396955876880999,0.8718938865669861,1.979790345978812,0.75,121.25554025061768,1992.1564279757274,4453.909113730574,19.350784210275656,55.9472744625467,1249.903154003509,5.367458667384682
2017-02-21,1.9328022363805868,3.0066403791666203,3.518145044935532,0.9491022746935048,2.0575381044731156,0.75,121.28439292104173,2001.978476177155,4490.132370787068,20.09359436887454,57.42593338753449,1244.7826112712035,5.34518121241171
2017-02-22,1.9871240862889585,3.029346772893628,3.5251559389807143,0.9660138260767299,2.063332946816898,0.75,121.023829107652,2049.131598879761,4621.210247107612,17.5040538498035,56.86802891316252,1234.4310538487532,5.267139195433379
2017-02-23,1.9584798928174303,3.0305555880554227,3.5124821949353535,0.9557744339377898,2.074781154117633,0.75,120.59025903479828,2086.897915023372,4710.427765357289,16.135060300755327,58.86612600132447,1230.7011485217804,5.122799617264373
2017-02-24,2.033638828533527,3.053276997592911,3.5005782250526343,1.035849665852959,2.017427331739952,0.75,121.20424378840666,2082.1701311173547,4684.677218068848,17.68162107500102,57.84229450622596,1207.5906542819118,5.180010220248414
2017-02-27,1.9670016936799142,3.024451299752195,3.499665113458034,0.964167529525636,2.060283770226559,0.75,121.31412745055727,2107.1777359728144,4821.43628612849,16.293310760897135,57.70469220454332,1222.457420176348,4.99939547500852
2017-02-28,1.9416520055623927,2.9803675026090786,3.449894134776226,0.9542791572671989,2.0260883453418796,0.75,121.19231425785787,2119.041066533837,4859.679745778105,14.273947043107082,56.050280320029216,1215.5330820728973,4.9471118416367545
2017-03-01,1.9458811789173835,2.8905152602139395,3.3576881376692578,0.8804629768078245,2.010052283406115,0.75,121.09037278556444,2123.876268497223,4849.42382709324,13.552505622918966,54.161733563869646,1216.5666539965987,4.84390855085044
2017-03-02,1.9881994325171486,2.8961067355817924,3.332865983600697,0.9204464579799294,1.9756602776018628,0.75,121.27996910384263,2109.7499024742733,4803.80071556642,13.640397582179977,54.60442546055165,1210.5365574806738,4.8915084676087695
2017-03-03,1.942014590836828,2.834799153669081,3.282454513031205,0.8763982908212578,1.958400862847823,0.75,120.63069293793687,2103.3660390845553,4799.80659706307,13.444649046567486,53.918928401002994,1228.9557025155666,4.870093454561398
2017-03-06,1.8709684925685064,2.7345564345656994,3.2022446533325355,0.8277436577471531,1.9068127768185463,0.75,120.52960400604044,2087.6457210412473,4740.276068290187,13.883980239572853,53.71999539150148,1237.5020699199692,4.801809604054555
2017-03-07,1.8140290156395482,2.617435805853446,3.0871383790004314,0.7641362635244953,1.8532995423289509,0.75,120.4185760204154,2100.8475826635763,4784.75594157932,13.88057719282151,51.98085911611584,1234.5461145064282,4.765631496695692
2017-03-08,1.8606286794145517,2.6547826503149263,3.103883285317533,0.7986115857817758,1.8561710645331506,0.75,121.29648094459907,2099.2608846737394,4779.901905998304,14.258132001169056,52.89687040322982,1214.7236978816097,4.919106391727028
2017-03-09,1.8736149692541364,2.673976583986302,3.1278047912690274,0.807232221715345,1.866744362270957,0.75,121.25202364699808,2118.0089434917013,4814.427789316244,14.199922853139439,53.22618016274018,1224.0334831369764,4.88322826138487
2017-03-10,1.9444327123875185,2.689510226532147,3.1293104247286623,0.8733782220422828,1.8161320044898643,0.75,121.45387785460743,2112.9759269392875,4795.613179931192,13.634945937643641,51.94739463702947,1215.8888723126083,4.872341685656091
2017-03-13,1.9853480409608109,2.7336192693976873,3.1589886327191334,0.8949000167008745,1.838719252696813,0.75,121.88057262478452,2096.551024419921,4747.171722402087,14.2830433026669,52.58007996784296,1219.1252875511777,4.865530961962205
2017-03-14,2.0079911999032545,2.713230656338658,3.105935895435896,0.9284451943497449,1.784785461988913,0.75,122.04107112489056,2101.767578790345,4751.873332924847,14.126782130480203,49.59416210670002,1221.3955469379198,4.814934379753396
2017-03-15,2.016612369852123,2.72008410622682,3.1214332731062657,0.9054129286091905,1.8146711776176299,0.75,121.81837937006505,2105.254559055974,4790.083816868091,13.302353712792664,50.36140117095822,1239.2626011842349,4.810646702228758
2017-03-16,1.9971737175151323,2.7184668278090167,3.140065016054261,0.8546508863612612,1.8638159414477555,0.75,122.42968888630895,2109.133413976212,4780.608022510371,13.13191116639974,51.268472567867,1239.065161673235,4.778736382056641
2017-03-17,1.9823099801371364,2.7368630657929116,3.153531966184338,0.8695718719175032,1.8672911938754084,0.75,121.94390222854817,2099.7436572925485,4766.867893271662,14.168161543162714,53.060997292301096,1259.7229322739465,4.843312164614827
2017-03-20,2.012954413669827,2.77762124978576,3.209840807159963,0.8982326387797328,1.8793886110060272,0.75,121.99942454643222,2102.1270477696203,4796.008520770707,14.31154682915508,53.389748377748184,1251.1516862340388,4.917939423677009
2017-03-21,1.9453149641204353,2.7207995905407785,3.157774556376908,0.8533541907973015,1.867445399743477,0.75,121.59218215862117,2127.2759132880515,4842.618897338701,13.409284609347619,53.58093328379532,1258.3749426457061,4.983771370421036
2017-03-22,1.9920861056746837,2.791774868733742,3.224669072916238,0.9005432494593388,1.8912316192744034,0.75,121.40861051940675,2124.8876300550323,4829.630854708246,13.122077256959797,52.52585420738886,1252.5782150126952,4.998314781671813
2017-03-23,1.9170842075194703,2.771092906154452,3.223475577807374,0.8105454033139228,1.960547502840529,0.75,121.05848841635635,2150.219215926821,4888.524940238798,12.385131772270737,53.169172236474026,1248.2519503854671,4.887703942286329
2017-03-24,1.9329967540307615,2.809244792014794,3.265050506810724,0.823833118350625,1.9854116736641687,0.75,120.59108428501749,2167.5036529911554,4945.521757845032,11.400496261049138,54.29711824874649,1251.8183660187783,4.796426842744003
2017-03-27,1.9000579796530268,2.8421715643176952,3.295995181610481,0.8390995153058902,2.003072049011805,0.75,120.58774305213024,2198.9655272736563,5038.784643085791,10.642087433652929,54.66158130291438,1243.7199440569464,4.639584796678596
2017-03-28,1.9271083554070594,2.8768060002192892,3.348739601154258,0.8320660545306646,2.0447399456886246,0.75,120.60388480756214,2232.5286333784425,5127.890095995061,9.946161712632117,53.59547941962917,1231.9127706635552,4.533382049297885
2017-03-29,1.965392776617008,2.899320084914896,3.342018107767372,0.8644427915256865,2.034877293389209,0.75,121.0280916206153,2222.9551269266303,5095.199238896959,10.867213709222595,52.529082998199875,1223.1247864981415,4.5672741199911275
2017-03-30,1.9945173579608944,2.8654325876306554,3.3192480632268584,0.8248912959259884,2.0405412917046672,0.75,121.36445345722748,2209.699506280998,5082.76224703805,11.575757405748329,52.654882884298985,1217.0806787393944,4.592798991439327
2017-03-31,1.9559082102512955,2.8093165286634814,3.2824955944188097,0.7728236304683948,2.0364928981950867,0.75,120.76360879774157,2209.5286019209825,5102.74507007021,12.325481231259166,52.34179426569899,1230.0940391955266,4.537427776604491
2017-04-03,1.9687933496875836,2.797110127524465,3.2339017509058725,0.8446321816548978,1.9524779458695674,0.75,120.84111957262328,2197.6970316465095,5035.577173871456,12.767911904520039,51.258094420919775,1217.8684411553022,4.571280155261133
2017-04-04,1.9779696358520662,2.779814688927701,3.2065441765779936,0.8876991511192849,1.8921155378084162,0.75,120.92079060209034,2167.190119605479,4926.330405185485,15.023015659712192,49.08406312570687,1222.123759726992,4.608910544277993
2017-04-05,1.9518246220815636,2.772257621364445,3.184230876417108,0.8904853258599368,1.8817722955045082,0.75,121.34678175239709,2177.876941617578,4906.631565978597,14.6345143974812,48.71946351448304,1217.7176150175294,4.5602992927248085
2017-04-06,2.0296937095172485,2.8728229317701,3.2456320535697603,0.9769301055920716,1.8958928261780283,0.75,121.51941167622739,2195.1966809641094,4937.017978195933,13.993850585638294,50.01157442994882,1193.2483240472754,4.575321962485258
2017-04-07,2.050103850332431,2.9577792046769416,3.352295505100691,1.0446623132002983,1.913116891476643,0.75,121.74012906554069,2196.1254000788354,4990.498606995702,14.53259645229999,50.72738075334405,1173.676542603635,4.551913253513169
2017-04-10,1.9801549193729413,2.9425725991940883,3.3394207598237062,0.9745118775168844,1.9680607216772037,0.75,121.29094871734878,2190.052718422475,4988.538502100356,15.50244836851576,52.16207186567994,1199.4912465470513,4.619504684273579
2017-04-11,2.0109618356600576,2.9105328446404357,3.3051250048229495,0.9236122381212921,1.9869206065191436,0.75,120.6251933339273,2235.4072954902313,5131.5959960374375,14.520614557308004,51.6965747346336,1210.1746766073059,4.483179321158182
2017-04-12,2.014930897899509,2.8691391613261077,3.2628811654074346,0.9542924070065626,1.9148467543195453,0.75,120.97509078666612,2228.9143644234728,5132.988948132669,15.298218049022065,48.68755275162771,1201.9485265198578,4.614305280326528
2017-04-13,2.0689915953874802,2.8869655982640987,3.2585434548058707,0.9667329385285892,1.9202326597355095,0.75,120.0582073409032,2220.3725393904792,5105.82771448287,17.209178725046062,49.27773035886833,1199.2599898888661,4.687962356382826
2017-04-17,2.157275946036145,2.995854824677837,3.371154917613108,1.0216252995008366,1.9742295251770006,0.75,120.16909785195152,2206.2389403770844,5085.543036243404,17.54243235509644,49.85822820406638,1193.1526305392817,4.755223607169762
2017-04-18,2.050287575713629,2.9267905557424663,3.332954896909365,0.8713160521896985,2.0554745035527677,0.75,119.93142175068533,2178.374077346145,4986.599899178843,18.423377356658744,52.416848877436095,1229.234814025333,4.881062038056713
2017-04-19,2.065915926399637,3.0017067596859217,3.3883475581257336,0.8415994247798131,2.1601073349061086,0.75,120.22246454269357,2224.66603323092,5097.813743688865,15.477398029710244,56.20826218777501,1232.2160855286395,4.734024363445783
2017-04-20,2.0739917240210453,2.950803222142662,3.322627492341125,0.8208354649519396,2.1299677571907223,0.75,120.17397677218362,2248.1063085277306,5188.982404265017,15.706972446774477,57.01699069179032,1224.5718606877422,4.593062047256402
2017-04-21,2.0590464655296667,2.8987253474899193,3.283855756003852,0.7905864797245196,2.1081388677654,0.75,119.60207886340015,2250.425222148224,5185.112533601454,15.144579438545483,56.462383337122056,1217.6590355480866,4.500770540712531
2017-04-24,2.0178614350747184,2.8686602894358444,3.2494521187220973,0.7371452254699611,2.131515063965883,0.75,118.85638347739074,2291.7021458108434,5315.08678199371,14.089384009648471,55.79808475942227,1212.9564305224524,4.277806426015304
2017-04-25,2.028804246719668,2.804914806447264,3.175959015786224,0.7057775132809483,2.099137293166316,0.75,119.31376109589672,2246.6389863364993,5132.990075882626,16.528124453044704,54.21182964228404,1217.0411506183862,4.3690886992639335
2017-04-26,1.948203586928031,2.6531102201909094,3.032709764343777,0.624560740962851,2.0285494792280585,0.75,118.86001170208358,2253.764407231831,5145.29167143244,15.122567566757224,53.33129567667075,1215.7830030523114,4.431791005550378
2017-04-27,1.9389160085875567,2.618954127979693,2.9984915573497815,0.5899175368577307,2.0290365911219626,0.75,118.56951845032071,2268.827473275578,5143.720032696051,14.523928356095995,53.17286677562152,1222.9106834645888,4.5247362086077745
2017-04-28,2.019616196442858,2.6614286818515476,2.9820687437549367,0.6608887090114596,2.000539972840088,0.75,118.41185481226496,2254.9188158562592,5153.382350868515,15.792435906777989,53.49001649549476,1216.0938370712422,4.71140381223183
2017-05-01,1.9363512061228254,2.5375087556214933,2.8871061265647695,0.5552212497791494,1.982287505842344,0.75,118.567380265368,2230.6171928062886,5126.460574740668,16.5532898995872,55.87325533563373,1214.9846334737517,4.757179460720562
2017-05-02,1.9415181231294056,2.5575946392146314,2.8930328397297207,0.6137743040123995,1.943820335202232,0.75,119.77017866534474,2181.485638098062,5009.593206428378,17.679292392473705,53.33879672042258,1206.7082248780237,4.916363540701662
2017-05-03,1.9906450878833857,2.6191702316692016,2.9730066046205446,0.6084549566919984,2.010715274977203,0.75,120.52339809281273,2201.0067414832424,5011.715990210739,15.719929423965274,56.24446326240831,1207.3040800220756,4.939902413023772
2017-05-04,2.0648457813066563,2.614014230373105,2.93326127747342,0.5968427720155787,2.0171714583575264,0.75,120.90161635351939,2222.941348360158,5048.718768245009,14.100812163496885,56.67425800507037,1184.0524880467503,4.826227690079622
2017-05-05,2.0144224306892458,2.593434543212207,2.886875617486949,0.6144527422706416,1.9789818009415652,0.75,120.79953210365758,2179.4031540126116,4955.486444305786,14.55893545777866,55.63263740353537,1206.3539160407731,4.9521046342647566
2017-05-08,2.026695657191291,2.5761208175118515,2.8549714918044935,0.6182540162127258,1.9578668012991256,0.75,121.09443330836926,2218.592103878677,5039.241081982971,13.116082200083731,55.437227055685504,1188.5925559897819,4.962753595910186
2017-05-09,1.956403749198653,2.5679823371078303,2.8798458956731716,0.5816464518949869,1.9863358852128437,0.75,121.37994353344624,2227.4182676805226,5090.622085934169,11.84035903174021,54.79942154311464,1196.2547474196656,4.83168077449963
2017-05-10,1.911160150289465,2.53722138988642,2.8689724932528478,0.5564900963129819,1.9807312935734382,0.75,121.29461422004158,2255.765342936041,5177.167937416562,11.326519963598416,54.15907461479464,1196.5522876184118,4.749491421493162
2017-05-11,1.888727270859466,2.4847883487321356,2.8381955730163053,0.5237458388540783,1.961042509878057,0.75,121.15547184226156,2270.7295975917536,5243.416032737462,11.597988413171782,51.74425348668997,1208.6183374957538,4.709671162399618
2017-05-12,1.913722319329961,2.475234653186715,2.8192496767257293,0.5505241811994577,1.924710471987257,0.75,121.97281810905682,2258.8222729706295,5207.769851061361,11.323692457999947,49.14095997305555,1197.9410654326973,4.762325078485374
2017-05-15,1.9812941184916926,2.520536368450496,2.868375013946812,0.6324217482462728,1.888114620204223,0.75,122.4718853602304,2255.0055175067646,5208.3750023380435,12.188650021082243,48.04417965914235,1194.736626591531,4.803696025864317
2017-05-16,1.9397630194706166,2.5195849465804736,2.882566647260465,0.6161649812229095,1.903419965357564,0.75,122.1106601441701,2246.7772474771496,5234.958917841193,11.698468030836011,47.93581785649814,1202.3016015864348,4.672636051132361
2017-05-17,1.9528611592663783,2.519898944562971,2.8859852460725524,0.6290718283577021,1.8908271162052688,0.75,121.93615576989902,2226.4607219649633,5197.407391384029,13.0225487024376,48.10871954718506,1203.2918605799846,4.783509832742255
2017-05-18,1.998690449136857,2.5902045550024053,2.922681311835294,0.7244598718518968,1.8657446831505087,0.75,121.80561959658621,2240.224209055438,5192.64089103417,12.756434152765285,48.46707171427733,1199.6300372983837,4.7000689144465415
2017-05-19,1.9732786022564213,2.5044413315230694,2.8235023152907672,0.7015101139483008,1.8029312175747687,0.75,122.48779653531068,2237.3203176670922,5202.017056494773,12.64740204452192,46.784835094107514,1178.290369179569,4.691903908216869
2017-05-22,1.9616536503047395,2.4721153424920326,2.8187634208440735,0.6803475044222724,1.7917678380697604,0.75,122.5229645611771,2250.0970417984604,5226.268825990885,13.03289314432963,44.63119783566847,1167.2673410812636,4.548289912236971
2017-05-23,2.044864353265159,2.511369089052237,2.8700807000625534,0.6970367314674437,1.8143323575847932,0.75,122.55849766320061,2261.1206513471175,5236.847797709634,12.933834838498845,43.557107905039025,1178.2060317729274,4.619413207093144
2017-05-24,1.990394784364408,2.491855514750918,2.8587458724705934,0.6818981621247101,1.8099573526262078,0.75,122.56180215962797,2259.5679716490004,5185.8108733712925,12.157047764046675,44.70433569888501,1180.118714954839,4.513060096825772
2017-05-25,1.9911343864541333,2.4935584358195455,2.8706557615757293,0.7043060586351638,1.7892523771843818,0.75,122.18747369544579,2272.6114399203907,5199.223161815831,12.04603363621889,45.49620110281942,1189.1888018541324,4.398206277482934
2017-05-26,1.9323155474715645,2.401955166090127,2.8013523850965814,0.6107521684933509,1.7912029975967763,0.75,121.93760514563104,2330.7701876797805,5335.769933714813,10.560344936119902,46.01688756491255,1194.1055601375613,4.268448684952385
2017-05-30,1.9500287441856188,2.3909977415355614,2.765958687821613,0.6396195299843492,1.7513782115512124,0.75,122.14573925623564,2345.3843806114173,5366.427410157968,10.287337918723871,44.82883154865012,1184.3443518064296,4.22344331422505
2017-05-31,1.9121010853608076,2.3614160907870776,2.7355565395092465,0.6276442093119812,1.7337718814750966,0.75,122.04266625285103,2355.1074537822915,5408.422375258645,9.789738225710092,45.138341126732065,1191.0443171129994,4.21748098541655
2017-06-01,1.8827123637528729,2.3160673397565263,2.718953658279821,0.5568329111997061,1.7592344285568202,0.75,121.98023068232249,2340.8760626411477,5382.040502457662,10.622989831777417,43.37017654532368,1201.3682109165795,4.234268783274664
2017-06-02,1.9065539373952805,2.320722697047697,2.7018883384236183,0.5623200089276563,1.7584026881200407,1.0,121.7266043641868,2354.2656693504487,5407.966797357052,10.615578097169212,44.675035734824434,1214.3022773879932,4.234255863641158
2017-06-05,1.936243827258242,2.3748453674692387,2.7604391000204127,0.5812637863517872,1.7935815811174516,1.0,122.1055390421313,2390.0525006491894,5485.51603764618,9.186930993750469,43.91089311806801,1194.0854981514613,4.109739183747711
2017-06-06,1.9260177189495096,2.388263802693226,2.74320626365377,0.6394435931595495,1.7488202095336767,1.0,122.57956034015623,2365.6356598002044,5432.991642459022,10.389967454918125,43.96423880568955,1175.8085739073183,4.262031161217214
2017-06-07,1.9037334105891566,2.3185660260853007,2.6697039638180606,0.6022907088041706,1.7162753172811303,1.0,123.23438722066174,2330.46918819579,5339.5927827364,12.043083120405107,44.121346559315604,1169.9760828550975,4.385068719646952
2017-06-08,1.9657387694285724,2.4171382801663217,2.7073268808541253,0.7360347798559255,1.681103500310396,1.0,123.34764769998343,2343.275222116935,5356.028932905716,12.510317949948654,44.87752207050859,1145.631620493342,4.5179663264611785
2017-06-09,2.099142540405313,2.5612896486251486,2.8301300292998786,0.8416104453157047,1.7196792033094441,1.0,124.11362700377632,2323.302117371616,5298.120473026783,14.87231257567087,45.23398077369777,1121.3865216409404,4.609213605957968
2017-06-12,2.103241883126567,2.5333964284679475,2.7581283939215866,0.8579025686375583,1.6754938598303892,1.0,123.43510977213464,2386.405871474341,5441.729357128533,12.997938534422312,46.15928955028933,1116.559626816012,4.549734410427951
2017-06-13,2.087162391886809,2.4444930447651405,2.7034112557968877,0.8531863711764498,1.5913066735886907,1.0,123.01446173269755,2316.1332960366535,5312.252271919237,15.317941752260708,43.600104748613056,1133.6017158672064,4.874040034909171
2017-06-14,2.064602905432317,2.471357478298203,2.75117282288629,0.879168777830049,1.5921887004681539,1.0,123.27667236052251,2323.067206100118,5322.35288251957,15.16366403274442,43.10528553584081,1126.8358335327168,4.824914841194723
2017-06-15,2.0780334891712195,2.525701393820205,2.7772617364806536,0.887809959616208,1.637891434203997,1.0,123.33991564060736,2322.026153351403,5291.685943939347,15.201861654367976,46.44491097224284,1131.4006878721343,4.93040740777807
2017-06-16,2.0537630326176046,2.5143346241047064,2.760598653087325,0.8643241949504323,1.6500104291542743,1.0,123.40654727007558,2319.875375747294,5284.542120445898,14.409945488923633,48.28069504116199,1123.3884389001637,4.917938150726449
2017-06-19,2.0116196309245695,2.4733430666417506,2.7222564264136726,0.8198530491857823,1.6534900174559681,1.0,123.58700113300321,2313.9773651456335,5299.922168632166,13.22208556445998,51.020574409825315,1124.5114488602399,4.872841764952529
2017-06-20,2.0330014759305293,2.592381312404034,2.8749786488866658,0.8852921393575888,1.707089173046445,1.0,124.3560670509754,2283.7573960939058,5261.401302195105,15.006733800359306,52.70049864114346,1111.8065376899215,4.959504950727925
2017-06-21,1.9589822896400444,2.5427382773996996,2.84109568086469,0.7918859276484409,1.750852349751259,1.0,123.86786991329522,2310.5245087512676,5363.979496328587,14.44912897736025,53.84539326732017,1132.4743472870982,4.838137960220393
2017-06-22,1.941322386322559,2.531253544903099,2.84812451665215,0.7648497544216175,1.7664037904814818,1.0,123.89165728732983,2318.530274490385,5352.878465387037,13.248819259610398,53.214199180026085,1130.5029397550284,4.883880708119146
2017-06-23,1.9195173316089404,2.4862288617115738,2.8116715168704696,0.7279375696905721,1.7582912920210019,1.0,123.51426460620148,2313.997848587909,5350.188503747901,13.47651537632712,51.85506549134972,1146.897599529455,4.957950704722736
2017-06-26,1.885090943653391,2.4627271533961856,2.774488241602564,0.7354449875103026,1.7272821658858828,1.0,123.69290084326191,2287.6029829176027,5348.310992297176,13.752477747713652,51.175672687673384,1166.3850264450068,5.012097465106809
2017-06-27,1.9106233090323363,2.499932122009512,2.828863181185521,0.7209659520385314,1.7789661699709807,1.0,123.84998142144156,2290.6984153591397,5379.232452116878,13.943769170265835,50.893636721876,1172.8718534478935,5.026616808378411
2017-06-28,2.026964040127589,2.627683124035374,2.897555052652279,0.8567260818557991,1.7709570421795748,1.0,124.21878644119617,2294.8864432245787,5418.414782696973,13.859336457745936,49.6098008794544,1165.7043636748824,4.995896608340679
2017-06-29,1.983408918390948,2.5791965856491155,2.8840902743496244,0.7873155657115595,1.791881019937556,1.0,123.98976145536948,2279.4554284436485,5350.2811617164,14.528263563497802,48.99635151686712,1178.186037575486,5.021722089693747
2017-06-30,2.021436987676918,2.597701321045036,2.8929614315076018,0.7769453851421031,1.820755935902933,1.0,123.57371924921583,2271.6207973886267,5328.802832069222,13.905061366063705,49.50856004111646,1170.2471890250515,5.096929289549408
2017-07-03,1.9390875593687273,2.510527611212516,2.838222847458496,0.7024069538807854,1.8081206573317306,1.0,123.21598104924931,2223.9659795388584,5217.790955094488,15.823539709669904,50.57209561817158,1172.143622022746,5.239114654573886
2017-07-05,1.9340438943393075,2.530179021601492,2.8530695549796548,0.741736107228179,1.7884429143733132,1.0,123.227921735494,2175.6906166009626,5051.464849280241,17.85137884189115,50.50742152860065,1163.047850412613,5.39710991763084
2017-07-06,1.9774632492719126,2.4703363224004677,2.826646858977278,0.6461495794198874,1.8241867429805803,1.0,123.09427770418016,2160.6044361889135,5041.378449223881,17.92777674218575,50.02760165865817,1189.0499363788433,5.40546443931688
2017-07-07,1.9635900525344416,2.426414385681409,2.8245861764536553,0.5278924749595266,1.8985219107218823,1.0,122.68653513978386,2170.163170036545,5085.887648496317,17.367597013723838,51.73935829868203,1210.8485254537343,5.459487065862421
2017-07-10,2.0110762285843955,2.516282030629378,2.926897195009541,0.5331205153012047,1.9831615153281732,1.0,123.06391080934105,2162.5478638074264,5078.646141542129,17.264859412865587,51.94956121619629,1202.4536297942975,5.473001920312814
2017-07-11,1.9797514017086126,2.575639568445871,2.9840017557116165,0.5491537874754111,2.02648578097046,1.0,122.99621071697518,2193.9157352038815,5148.026530158768,16.485351286969202,50.82139288338367,1201.0017286166128,5.349026697604766
2017-07-12,2.0560521998745847,2.591751858194839,3.0147859002088504,0.5862318223328088,2.0055200358620304,1.0,123.95249432694696,2169.3252344637995,5053.373567473714,17.577071647459924,50.47992534051533,1178.6986081540672,5.3739457167118685
2017-07-13,1.9548177670237596,2.4877346883047062,2.9447130614660426,0.516302171536327,1.9714325167683795,1.0,124.06418902937804,2167.3663327519607,5011.999542688491,16.528807624656825,50.73589555147825,1177.2516475650784,5.431643841846372
2017-07-14,1.9379805028898835,2.428929628240711,2.8885953048231605,0.49987810038878,1.9290515278519313,1.0,124.32598436180007,2214.078080057154,5133.419701305542,14.683254617511984,50.78540285272542,1165.1056960323913,5.296082152267821
2017-07-17,1.836384852651301,2.427580670599453,2.8681399188206695,0.3870166452226986,2.0405640253767547,1.0,123.78272933269952,2205.7812255015588,5162.470431650193,26.4302054907891,53.41302545425404,1180.882260537184,5.394315171336551
2017-07-18,1.7714235960791604,2.5069234559555342,2.9704149647010154,0.2649219844994747,2.2420014714560597,1.0,122.86125181017889,2362.424366044746,5686.583402338258,21.88556488171608,59.73144706250601,1199.9898271149636,4.882466423742881
2017-07-19,1.573791631224195,2.382723725965281,2.881214773978607,0.18592465585739198,2.196799070107889,1.0,121.94782695678828,2301.2164954185755,5519.451852536678,22.665522822396433,61.827832374120234,1211.4101071848827,5.08067431036716
2017-07-20,1.723333975708233,2.530625937274189,3.015814142143681,0.3308128507416991,2.19981308653249,1.0,120.87120736342514,2285.8618520328278,5468.855034427451,21.77544774979637,63.07447074564132,1253.3742309817387,5.20065926167674
2017-07-21,1.677147748303454,2.4980958025361586,2.9380356058069985,0.2907041674813474,2.2073916350548113,1.0,120.1236097637005,2287.639874434817,5395.6588720613545,19.00837587531731,64.31740468786298,1272.1207965114675,5.159207207070536
2017-07-24,1.5695512421791051,2.4463466116218564,2.9377234660700617,0.09910397345949823,2.347242638162358,1.0,119.03316492907234,2318.1717940124386,5411.2893567770425,17.397155559944885,70.23926421259438,1304.1164581207822,5.092034699397935
2017-07-25,1.5364249019972747,2.4467495347916164,2.918749235906931,0.12177620834615216,2.3249733264454644,1.0,118.65358002811669,2240.5744614522246,5165.834182905572,18.998274582540148,74.77386444683803,1328.1223935764285,5.33014067981005
2017-07-26,1.4334200272677158,2.3867338632318824,2.8822468096439398,0.026975185739766427,2.359758677492116,1.0,119.0240756288264,2234.602123049931,5151.46088055839,18.411602483063753,74.4553476730213,1344.8287190418198,5.420380859528948
2017-07-27,1.334082352781231,2.251458924402612,2.809938600286928,-0.11532967165976782,2.36678859606238,1.0,118.96659059474442,2308.6629542785704,5390.480219032956,16.617749509949057,74.97610952192429,1332.9217743001893,5.368198858730054
2017-07-28,1.3225997349786787,2.2044493315756344,2.759835600454544,-0.14155526661527634,2.346004598190911,1.0,118.8607670257075,2352.5137722376385,5447.436097728313,15.2508937009906,75.03391100774893,1330.5242903096364,5.150824181630123
2017-07-31,1.3869571778687577,2.2786763229285736,2.873783047991858,-0.08466467876983652,2.36334100169841,1.0,118.9610227171964,2309.709175600088,5282.489749403067,16.091437133587252,72.09670188407631,1351.011061608248,5.205048874755141
2017-08-01,1.379682347756588,2.215060842980253,2.8197410925605153,-0.11682615286954323,2.3318869958497963,1.0,118.96535578965528,2296.3086783271283,5294.136052626871,17.206515455642975,72.72790849794136,1362.275136396703,5.257302289154706
2017-08-02,1.3414533799673267,2.0447124027749743,2.6521561904873874,-0.2653076181462562,2.3100200209212307,1.0,118.06122215713182,2287.9699868967746,5228.7936986017985,17.071872364236913,72.73965200902693,1380.374606202121,5.330687196012092
2017-08-03,1.2506449293161939,1.8871137452277178,2.4842405295372685,-0.27923433603569786,2.1663480812634157,1.0,117.48433359012023,2261.1002761128975,5137.382302701557,17.86581634354255,68.87200986500329,1401.1108838979806,5.287397552100892
2017-08-04,1.1800236062649716,1.9089745548115968,2.5882389218803645,-0.3362295564195028,2.2452041112310996,1.0,117.63843861192372,2201.9129296722144,4946.895244219776,18.667399384581184,71.65113164197219,1436.3699641643698,5.110143753347001
2017-08-07,1.2983964206383984,2.0694455019416713,2.732722860322289,-0.21148874024177416,2.2809342421834455,1.0,118.1862605977038,2168.4822750930684,4885.494150673246,21.31298568252376,69.28719174742152,1429.580850896871,5.24301686380161
2017-08-08,1.294073186637738,2.0546590768282385,2.683090910695382,-0.22470666090712482,2.2793657377353633,1.0,119.34880228074601,2122.2977069749522,4796.403023862448,23.64826155179405,66.81318862609305,1405.2322767683172,5.3962881112107395
2017-08-09,1.286807699240759,2.036618939722835,2.6334308315358492,-0.1746585146836681,2.211277454406503,1.0,119.86958506235187,2159.2294460529024,4921.629147709184,21.262633803369518,65.23346924548753,1378.836871283998,5.366764578185627
2017-08-10,1.2458354413924144,2.019265974559244,2.625401057536036,-0.20141846271990405,2.220684437279148,1.0,119.20992887045924,2167.15380471874,4959.479946818974,20.89997217435458,67.68247664855379,1397.2801576568115,5.46574797414487
2017-08-11,1.274428025089627,1.9617829834756384,2.5552925536175843,-0.16673743178063094,2.1285204152562693,1.0,120.11938493768159,2085.5280821728634,4716.329239458434,22.673464740462922,64.91793643220934,1390.780209772819,5.794428585167903
2017-08-14,1.1645150010829959,1.9437573553390943,2.5252719151434904,-0.18534951463273786,2.129106869971832,1.0,119.13814435907297,2124.503952408344,4845.8144229072,20.13518503078646,67.02880437987012,1397.332543155293,5.582838212260025
2017-08-15,1.19472845952063,1.9521040347064524,2.4713702566808537,-0.15226660012572002,2.1043706348321725,1.0,119.40122819533309,2159.863533111952,4900.166517052989,18.327444311324662,70.96415736895644,1373.1595695600101,5.304914431678071
2017-08-16,1.3246820315444952,2.1254581957755705,2.6393525322101423,-0.061598788372861146,2.1870569841484317,1.0,120.49885684222006,2163.1969107758923,4896.46244551198,19.07765201427534,68.70567236451254,1378.4518939501845,5.200012219458937
2017-08-17,1.4265134899262144,2.307647917505218,2.793104657727128,0.05315052619867766,2.2544973913065403,1.0,120.79622445090736,2170.665984762695,4911.484733661004,18.203111136140766,67.36684819010614,1358.931896579407,5.177347761308867
2017-08-18,1.4413981920240189,2.3082494925611003,2.805888770631326,0.04162070530110262,2.2666287872599975,1.0,120.77981799922567,2078.0478826194594,4686.864221401991,21.566045258578487,64.62688615836105,1375.724010207914,5.668299645931374
2017-08-21,1.4755653743719714,2.344374373671611,2.815605875661568,0.03256888727473606,2.311805486396875,1.0,120.22718390469461,2171.234762872367,4933.976261821789,20.08234330938447,67.9589563781685,1380.7001880736225,5.527967428131616
2017-08-22,1.5136793933739174,2.42814295808115,2.8802243791920463,0.10935786709526135,2.3187850909858887,1.0,119.69520926607782,2185.514618225287,4954.082961692329,19.26443874228836,68.8333699665525,1388.8096242062877,5.400072819839371
2017-08-23,1.614967608418099,2.5022296372023485,2.9460337188398373,0.17587570901050398,2.3263539281918444,1.0,120.01484892344482,2149.6527737275946,4862.749897071041,21.270095227334313,70.16349950103437,1369.8580969394839,5.421507623571144
2017-08-24,1.6401352735694785,2.468552607092019,2.941193927166957,0.18529466802976902,2.28325793906225,1.0,119.17903065683953,2130.0462906880057,4824.172934670044,21.37596675224368,66.8755534095804,1402.2027597602082,5.5689354219916405
2017-08-25,1.772982535563097,2.625757574033492,3.0660793571446314,0.3341945651641146,2.2915630088693772,1.0,118.00976919069728,2163.5259891371165,4926.598679697954,19.695146089476022,67.13935379686693,1369.753276791859,5.4576070687507094
2017-08-28,1.7659510712915423,2.5630484361143244,2.960938168091358,0.2921474226567883,2.2709010134575363,1.0,118.10557384064298,2201.939182933629,4985.919524274982,17.35826117127202,66.56296697856213,1351.05097959913,5.284534152731075
2017-08-29,1.8509560462089352,2.68553772123425,3.0569821679143963,0.43219413143464663,2.2533435897996035,1.0,118.6390592752442,2208.8330191510063,4960.292632071552,16.223233721581956,68.49642361415705,1321.882320792295,5.222382448959609
2017-08-30,1.961306894503315,2.888060859525603,3.2599597124203803,0.549194511427931,2.338866348097672,1.0,118.2438042399128,2259.1561607064255,5118.724406913722,14.997474763178394,72.48364179556397,1306.80118940342,5.094046012973983
2017-08-31,2.0089654790354468,2.85664994511235,3.2564483284620778,0.5519050576274434,2.304744887484907,1.0,117.91079834791455,2218.70758717918,4990.842251502756,16.327118753595975,72.52200353570409,1301.2493331217975,5.144044526543391
2017-09-01,1.9309929620382607,2.7411035175779577,3.173443142082254,0.39566572815143275,2.345437789426525,1.0,116.69488096939241,2217.9176319318203,5006.32002829301,14.6719344322738,75.07286059675592,1323.1453055237307,5.1505574822430065
2017-09-05,1.8266384208915891,2.5843993417530946,2.999013323634157,0.2995069347248854,2.284892407028209,1.0,116.29684865354989,2174.2899785806844,4886.874554672009,15.518896219781178,73.50679806049313,1328.2225457242835,5.208887367538418
2017-09-06,1.8769738291468112,2.6348773158274095,3.02835076763246,0.3517564592745205,2.283120856552889,1.0,116.79539493698753,2166.7512399443444,4855.197093600059,14.493027996590108,69.26853994560115,1319.320563146302,5.215573670857378
2017-09-07,1.9382502789091083,2.697680381248019,3.078028388980159,0.44920786810434504,2.248472513143674,1.0,116.280906572072,2139.395389538787,4779.837462737043,14.442470030763207,69.34843051553342,1316.0822313626422,5.342872244577442
2017-09-08,1.9366793306557784,2.6869039900917144,3.086427149222486,0.4289509870450391,2.2579530030466755,1.0,115.94296733465609,2106.4652045706475,4643.611401333743,15.342219229989489,67.81322665881943,1326.849658554836,5.4289504662771115
2017-09-11,1.9588051107918187,2.6766155024666882,3.045486470672918,0.4377715469092944,2.238843955557394,1.0,115.59828191814184,2131.8054387925617,4702.396311297986,14.11621548932513,68.61675189253108,1332.8246664037836,5.258462006394573
2017-09-12,1.9482930615219465,2.686182776224425,3.0649666206024095,0.4570138380657177,2.229168938158707,1.0,115.97785602397853,2131.384171286768,4674.045820695319,14.73328889562907,67.12913422375289,1327.1253642976408,5.348272297553647
2017-09-13,1.996676222194388,2.718110786955201,3.083462598566094,0.477666941279443,2.240443845675758,1.0,115.75517512625149,2122.7514503891234,4615.296061013894,14.482312521435055,67.49801584026085,1329.5096279210138,5.268972215364167
2017-09-14,1.9750055250046845,2.6344455203515222,3.0081945365861453,0.40830812932683225,2.22613739102469,1.0,115.36041835822704,2128.2785553468857,4639.931322159445,13.8195519670921,66.12522489376767,1337.6658906622743,5.21680630880522
2017-09-15,1.9545038501112721,2.6013432812906574,2.9882551732142986,0.37113790936809843,2.2302053719225587,1.0,115.1201787297775,2144.4750708865854,4643.659490706629,13.076233213576186,67.3914400367495,1329.117449192342,5.2409599602486185
2017-09-18,1.9514902681179107,2.61007247348435,2.988690241449169,0.41271800120684077,2.1973544722775094,1.0,115.19183682289282,2173.9005234904807,4749.768110254545,11.81230576034298,67.8656857419279,1338.7675343421242,5.050595350620689
2017-09-19,1.9583560060945584,2.6123860608327867,2.9989675011155974,0.405224408084955,2.2071616527478315,1.0,115.811120729896,2193.643191827805,4819.1790211277075,10.688012867808485,68.50688459157628,1337.882490052281,4.957643885856015
2017-09-20,1.9860491676209189,2.6256777746338593,2.9762355986252826,0.43063187897565375,2.1950458956582057,1.0,116.03606270938012,2209.318718332577,4879.267588072399,11.7783169582574,68.21098442500211,1319.4650999460187,5.002835722373556
2017-09-21,1.940539327761608,2.5086424721044094,2.901299121256858,0.3344609803918697,2.1741814917125395,1.0,115.73955640828494,2219.6553776074147,4934.61948147175,11.661108679285379,66.39507013780053,1325.4717883148205,4.965375876915899
2017-09-22,1.9352689304190835,2.4934660080361235,2.8682163797751232,0.32167487561641184,2.171791132419712,1.0,115.61047600384389,2172.1543056099117,4772.13418018924,12.71831918769812,66.79159956671677,1326.6057295730727,5.055255359058614
2017-09-25,1.8726353917244623,2.4185168674847497,2.809778079346809,0.29821147457268404,2.1203053929120657,1.0,115.64055784668028,2164.534027840504,4723.022643228814,13.705717957849505,66.9155739315452,1327.861921903049,5.092016249300514
2017-09-26,1.9188826497783618,2.4508243397206217,2.838776449121202,0.3419888529315417,2.10883548678908,1.0,115.71536520959914,2163.586152407904,4688.594599889382,12.60980751414941,65.55779293883202,1324.0801501072451,5.006555324054695
2017-09-27,2.0169006058811303,2.552449665749015,2.903062287574423,0.39842476256243087,2.1540249031865843,1.25,116.07640790510087,2167.80715285119,4695.096446401534,13.483181470231516,67.20236897895866,1316.5926050891521,4.9735311425938615
2017-09-28,2.0319585917098775,2.585311785155086,2.9293631560431947,0.3779463074873654,2.2073654776677207,1.25,115.88190606739968,2184.28514557393,4714.337672785994,12.154483357098865,67.00419046845832,1323.0024094246255,4.900283767355221
2017-09-29,2.0671986397399955,2.5985192354624305,2.9577541706049764,0.3990203906966374,2.199498844765793,1.25,116.11857196521463,2194.522766525117,4705.226573953496,11.536695770705789,68.28069562528361,1331.7037906542753,4.868598618449801
2017-10-02,2.0680475885262313,2.5451298930436947,2.9194028214832914,0.36850988103557264,2.1766200120081223,1.25,115.96238447135447,2179.04313006982,4645.427671634363,11.150509930038577,67.48092261988786,1328.7087566724238,4.729389634147166
2017-10-03,2.081840401455703,2.5262602879568794,2.89339064895196,0.3445698948077289,2.1816903931491503,1.25,116.28082290688515,2172.2772710877757,4623.986884829301,11.334734716884576,70.42201153167139,1314.8132263675357,4.7625117877988625
2017-10-04,2.0809427440888753,2.5731929090207792,2.9574795002068224,0.3736464953680571,2.199546413652722,1.25,116.38789847257914,2180.1483799230227,4649.389740772261,11.045227370098502,69.77391403098729,1320.4748743620623,4.691242225302634
2017-10-05,2.0630187099713373,2.5633225337546923,2.97763954873916,0.35141400929202626,2.211908524462666,1.25,116.02177338102335,2157.7625263176624,4612.782241435636,11.474926069939189,70.29966606754401,1322.477840834369,4.732978462550086
2017-10-06,2.052975017667774,2.4903782830494428,2.8947160688294833,0.328980727052842,2.1613975559966008,1.25,115.30247360532982,2154.4108942392454,4611.030166951767,10.570660063520492,71.89926807062723,1334.8043941966653,4.733466457582458
2017-10-09,2.0375649958052833,2.490956218562677,2.899808279715448,0.3342270437483021,2.156729174814375,1.25,115.0011832984769,2194.2472208047147,4724.855885035144,8.992686936817789,74.13465223635659,1327.2293269258828,4.552494332916069
2017-10-10,2.03408286906223,2.495261314657447,2.915434279372764,0.34415145381430984,2.151109860843137,1.25,114.95466195439157,2180.6952863527467,4674.064097313365,9.067266462594432,73.2536765245104,1322.3730311982822,4.590112411202516
2017-10-11,2.0161907509491326,2.4772545872849068,2.9105395755029977,0.3209093527006944,2.1563452345842125,1.25,114.73186503410436,2188.4237138413173,4692.2220642213815,8.53240449200864,73.9954330445315,1332.8668952729522,4.590639650610892
2017-10-12,1.9913534392037402,2.4425141400869044,2.8860182404643973,0.2676099794752335,2.174904160611671,1.25,114.5616839127538,2212.3728684352263,4760.405513574395,8.5,76.26175166798966,1322.8180335999948,4.546507014513664
2017-10-13,1.952427220919225,2.446123101819163,2.8950820975605818,0.2619011096550563,2.184221992164107,1.25,114.36237350778167,2194.9198286699484,4728.350313014741,8.5,78.052601908401,1327.0522775269342,4.606757829574082
2017-10-16,1.9055362268400835,2.3995159939444597,2.851751912554143,0.22135808979678231,2.1781579041476773,1.25,114.19454823401205,2195.5859324039434,4733.693715848646,8.5,78.33882482685671,1328.780401177438,4.542480659693982
2017-10-17,1.8675105013236981,2.3304298223639117,2.7755132340396025,0.17575795325571641,2.154671869108195,1.25,114.28966979471889,2167.3904427823204,4683.727062839868,9.306966175200769,74.99905920803887,1343.291744811922,4.706745301007059
2017-10-18,1.8297082288997795,2.3271767754598933,2.779733091226833,0.15598846606017197,2.1711883093997213,1.25,114.37487545049565,2188.686035309631,4741.176647424299,8.82507938967877,73.81831632364295,1346.3133967515687,4.619403166408703
2017-10-19,1.8593867379731137,2.3573262584145906,2.8224198745962545,0.17562527091181013,2.1817009875027806,1.25,114.48070750719712,2198.263292866747,4773.094635961129,8.67970106422001,72.37547078963341,1353.852022865023,4.665795316275458
2017-10-20,1.8181825652695907,2.3168590572471377,2.804595053950777,0.10864403264796046,2.2082150245991774,1.25,114.43424861800943,2225.6003167115614,4843.423959564842,8.5,74.10024817167552,1355.3502030414184,4.5944996054655105
2017-10-23,1.8122806104448614,2.254844413234695,2.7573029303582888,0.07355986415134813,2.181284549083347,1.25,114.19171567313849,2210.447267210594,4766.885081592662,9.064360767275272,73.86413450484763,1364.5181000750783,4.636828695033734
2017-10-24,1.7589204526804287,2.196190043469694,2.7078062710623896,0.027459011508618403,2.1687310319610758,1.25,114.67836592191986,2179.180119436193,4693.595032555626,9.984287777223354,74.83402430835874,1356.023038959345,4.6946584607858775
2017-10-25,1.8109670261228843,2.2722869432462147,2.780730696326634,0.08248611310620702,2.189800830140008,1.25,114.25242860014866,2155.593341075498,4605.499696072286,11.1186423407247,75.02541079889322,1376.47470444321,4.727918466434598
2017-10-26,1.7972933669469615,2.2154686811875886,2.7328010717471103,0.0570972073605594,2.158371473827029,1.25,114.46114285244556,2155.5141861451048,4599.565151662844,10.48972238894037,72.50434267272244,1377.3714059345014,4.7301571277485746
2017-10-27,1.8156267536478408,2.241699112036353,2.7719927440975467,0.0759175633116344,2.165781548724719,1.25,114.65583421102463,2121.309985127248,4489.285796459133,12.185433760521303,71.89651183065232,1389.1225792685118,4.8044307681819785
2017-10-30,1.8649413742419547,2.335225351643849,2.863093941090308,0.13414681922415556,2.2010785324196935,1.25,114.32540565150336,2141.1021809434833,4540.2448702353695,11.702004672989048,74.45899561927222,1388.7652190883566,4.637695482795991
2017-10-31,1.877695851114972,2.325946113552006,2.8527763617485165,0.05912429406521019,2.266821819486796,1.25,114.569339717371,2156.4398122591856,4585.545635352569,10.21602178209611,76.65117132455283,1379.8682537481375,4.610215431351735
2017-11-01,1.7719356664450356,2.2130617637578465,2.7428648627252956,-0.052016670616027605,2.265078434373874,1.25,113.94241638674086,2152.3081663145467,4568.621605541671,10.960827815952065,77.63410804216849,1398.4604972725317,4.587081710282719
2017-11-02,1.7670731632745291,2.2205718116395925,2.7313159540903142,-0.036147788571479655,2.2567196002110723,1.25,113.91069748654033,2189.4561015528584,4670.871425314697,10.108042747473284,79.16325497815517,1387.4421788387522,4.409458330471644
2017-11-03,1.8226357606471462,2.262156611858349,2.771304394376894,-0.04604580601693953,2.3082024178752882,1.25,114.16311558841969,2204.7586293381714,4727.606981996908,11.186764180875995,81.11525155836834,1387.267127096878,4.4960860791648685
2017-11-06,1.873221451356931,2.3746988456648563,2.863994799487699,0.03500960039343298,2.3396892452714235,1.25,114.57018896373063,2245.6646491831857,4861.086624120283,11.340573299183678,82.53992305323467,1362.8236573744687,4.369962160491449
2017-11-07,1.8745219521061938,2.350752178569253,2.8346349456218043,0.050106665221022806,2.3006455133482304,1.25,114.66749123980196,2227.322505190689,4803.003881089908,11.581731995939354,79.12331610229766,1386.0225272612065,4.388930513207006
2017-11-08,1.7822595093579945,2.2669418513035273,2.778450946046857,-0.09009681053085161,2.357038661834379,1.25,114.3271949064933,2221.861150365009,4817.2153360217435,10.52826874797359,81.04578604482398,1402.3658392833524,4.349177393478479
2017-11-09,1.8002872679320687,2.278112655948895,2.762622389963377,-0.04309463500363592,2.3212072909525308,1.25,114.32462732776334,2225.03154553759,4819.16966172765,10.982657683416967,80.3184309672055,1391.254575160799,4.299244237964349
2017-11-10,1.7382058478228586,2.192533734184646,2.6958595850379927,-0.10296254408138589,2.295496278266032,1.25,113.78856909534386,2216.385944666664,4802.746289962612,10.74260119549477,82.31030890820898,1406.2192657855862,4.297561667682712
2017-11-13,1.7038990499019029,2.1406196200434726,2.6497409208487843,-0.1559261052715466,2.296545725315019,1.25,113.79012461920662,2233.0210434563846,4841.474750646323,10.531951934380702,83.50331641269979,1400.3790461742494,4.209089331728191
2017-11-14,1.7200139133905237,2.144248494468379,2.6363429430688,-0.11372926596996297,2.257977760438342,1.25,113.80943940277848,2240.6391970257046,4828.774667382198,10.784386728751093,81.21855388220388,1397.8587891412303,4.21407871868259
2017-11-15,1.7021138263340347,2.118657239695422,2.6170433672322977,-0.15256158604831865,2.2712188257437407,1.25,113.52925662118395,2268.098018263718,4873.083851244426,9.688336093124352,79.49192918219605,1412.608946178032,4.150183688782595
2017-11-16,1.7175799261589444,2.125385398581177,2.6125366201302374,-0.13809346703712144,2.2634788656182985,1.25,113.11755371695465,2321.1834318564265,5014.78561616655,8.5,79.48497635596978,1416.3137112914808,3.9353803893383934
2017-11-17,1.7944300687994996,2.1509537702337846,2.605076585789744,-0.08725604210344795,2.2382098123372325,1.25,113.78547652457524,2321.945583322827,4998.83617236019,8.5,78.55319403544851,1397.3121835623408,3.932683823832267
2017-11-20,1.860797678069821,2.2207334056251993,2.654008730089021,-0.01700048677767202,2.237733892402871,1.25,114.29138392259124,2327.914127479612,4996.016393123384,9.541733183890392,76.98749569757969,1388.9707844385136,3.902686136618366
2017-11-21,1.7901755554685885,2.1384265306547774,2.589258722282953,-0.0426452559050991,2.1810717865598765,1.25,113.88702850498214,2310.735501099185,4919.57636410279,9.890928465102574,76.02951559138343,1394.1382948333599,3.9562595494313886
2017-11-22,1.7591805989393263,2.0932827186748133,2.542884968850133,-0.05988809002784945,2.153170808702663,1.25,114.21707304198623,2320.8237917279093,4946.173488377806,9.248117722067358,75.21723650242393,1387.9094168647555,3.9202777064283665
2017-11-24,1.7265681740934151,2.0392133935034975,2.5008858978423536,-0.13130175710271835,2.170515150606216,1.25,114.06892664462814,2327.306360762689,4935.687952932789,8.5,76.01528994710186,1408.8497626432215,3.853020160914246
2017-11-27,1.7016215943859216,1.974122607713722,2.4492002101006016,-0.16602672485672965,2.1401493325704517,1.25,113.79152553586898,2324.7393170203127,4949.727073423606,8.5,75.0819704634431,1417.6806086839001,3.8847952397433043
2017-11-28,1.668149212659297,1.9254873080572037,2.4169676435625917,-0.20228241507707212,2.127769723134276,1.25,113.81932541080384,2326.587228986065,4950.867918018253,8.5,75.82839645391601,1415.0541626043994,3.908655002858834
2017-11-29,1.658648118701509,1.960293855047237,2.4487424102281663,-0.1968058268490615,2.1570996818962986,1.25,114.31409804824919,2348.6883394171637,5001.333527787735,8.5,78.54438220380018,1402.5848525711108,3.9493249360499405
2017-11-30,1.674488077577691,2.015847976161213,2.501003035212859,-0.15754396601739956,2.1733919421786125,1.25,114.1656677773817,2350.4893654396146,5007.037008110604,8.5,78.1619497904381,1392.4837475237268,3.938338767124401
2017-12-01,1.7340534175384983,2.04788558640928,2.520735879643581,-0.09990116850010022,2.1477867549093803,1.25,114.80855083422142,2374.1147343312164,5081.9453580933305,8.5,76.55566565707117,1375.856493601488,3.8878856754206654
2017-12-04,1.7410217215540298,2.063212152402123,2.5403908817089924,-0.09282003179822457,2.1560321842003476,1.25,114.88586645835383,2352.7580518504783,5025.241423116059,8.5,76.62231641380052,1385.9897074755665,3.973340613994567
2017-12-05,1.7358187633375008,2.0781669528936275,2.555515268984249,-0.08323339540025282,2.1614003482938804,1.25,114.87891787966474,2334.948540384464,4957.015857732132,8.5,74.19805064816845,1376.2560249897595,3.999466692651759
2017-12-06,1.729933782705689,2.1242691057660252,2.589643122785333,-0.04764315268365171,2.171912258449677,1.25,114.47916257543214,2350.854046865263,4997.997853084275,8.5,72.92301264047885,1385.5201641643748,3.9964686911414757
2017-12-07,1.6437679021378504,2.006727200977583,2.4867188636361277,-0.12951108432621317,2.1362382853037962,1.25,114.33665713783152,2336.242853738766,4978.162661864108,8.75785758952741,72.79070879070129,1389.628677664998,4.090989914359377
2017-12-08,1.705760217829919,2.0301631243552225,2.4736314281520553,-0.03681881907289769,2.0669819434281202,1.25,114.47438183944016,2329.5545868148247,4982.195879229699,9.00685950896921,72.29420440150591,1363.6245127460625,4.135897192684765
2017-12-11,1.7224516504767557,2.0437039453318877,2.438581309162408,-0.0051563900258874695,2.0488603353577752,1.25,114.74285288846461,2311.485978782166,4925.662977187097,10.373322054266996,72.15294448719588,1352.8384154329804,4.170854078212005
2017-12-12,1.7488619284649627,2.088263914774308,2.4918547796414487,0.03276196897101907,2.0555019458032886,1.25,115.03655720552541,2329.223943753895,4932.963352451535,10.127176090839122,71.61756260579503,1332.207859374543,4.061908252837069
2017-12-13,1.772360052381197,2.004830120608691,2.3674005745768056,0.036188034551178416,1.968642086057513,1.25,114.61487099926774,2331.7651254105067,4935.240345654774,9.895001724144844,71.08780427777054,1337.2015528160161,4.030759481120087
2017-12-14,1.6968867153646436,1.9075877281477993,2.2914769173985094,-0.023891446437731445,1.9314791745855309,1.25,114.4754820373419,2323.319120519037,4899.408169379176,9.470863647155136,70.31152065749457,1337.9333329537242,4.023902215693279
2017-12-15,1.7549198233241508,1.9078564574605013,2.3005860031089598,-0.04656363975376682,1.954420097214268,1.25,115.00553376118484,2320.583416964169,4884.292960312796,9.749791592053036,68.83860548007311,1343.2306218715014,4.124786535246093
2017-12-18,1.7333154401985742,1.9165432262465336,2.3431467418485425,-0.07630031621858563,1.9928435424651192,1.25,114.53600208402074,2317.7075737079012,4894.923760985043,9.377839078518232,69.93373081111562,1366.068242030128,4.197599534282074
2017-12-19,1.7305940187596085,1.9449062636808991,2.3977792502862973,-0.10012022434683293,2.045026488027732,1.25,114.27073479387073,2329.142822460441,4909.889392253496,9.084114344997998,72.25866768792352,1386.4093365853653,4.177117281031329
2017-12-20,1.7660900367086323,2.000948163658066,2.4536531652188334,-0.07808059981383447,2.0790287634719005,1.25,114.781598341409,2353.7407132237645,4963.354673402628,8.54087882371744,72.45211374829007,1380.3039819024802,4.1660611022634715
2017-12-21,1.826208092432681,2.0628442774439484,2.523126743005934,-0.05582272322194637,2.1186670006658948,1.25,115.07076247882043,2375.0593884972172,4994.3667053957615,8.5,73.39277194810418,1365.802547170654,4.0714292968638945
2017-12-22,1.754435006214314,1.9790568756717555,2.45534164561296,-0.09321065823848251,2.072267533910238,1.25,115.14268805003107,2362.5218700934843,4971.174369290195,8.5,73.04597513004524,1366.4199524736491,4.098328715623297
2017-12-26,1.7845951068179342,1.9325180859523128,2.4015530015214748,-0.09171325763023219,2.024231343582545,1.25,115.39484496548457,2336.334711726218,4904.454781888061,8.5,73.50711909676777,1363.2154682662083,4.177526418237626
2017-12-27,1.750376378321182,1.9414027947048536,2.4244316999930593,-0.1311026190011938,2.0725054137060472,1.25,115.43832969060013,2364.823868617586,4976.95017662449,8.5,75.24316521851124,1365.5956783940576,4.061140299191251
2017-12-28,1.6934305954089846,1.8704403307947837,2.3613042070505053,-0.18699834982222657,2.05743868061701,1.25,115.00581772252191,2357.147836115929,4938.656390636113,8.5,75.33377981410979,1382.6757083625325,4.0573208937230225
2017-12-29,1.6718313897454466,1.8224471060622593,2.327719262247485,-0.22689861003021777,2.049345716092477,1.25,114.77022159459544,2356.797327306896,4935.08662486738,8.5,75.29919217240523,1374.2397049473934,4.049137737894226
2018-01-02,1.6668144571900847,1.8262824912779325,2.335620534810568,-0.24143472489361395,2.0677172161715465,1.25,115.02830280494163,2368.9209200948526,4985.203961905228,9.635774995898156,76.01882135271465,1371.2237599721607,4.0056631726686325
2018-01-03,1.634386661849481,1.7971405682782748,2.3142914656974476,-0.2730751375719547,2.0702157058502295,1.25,114.57844252940991,2382.0172736274385,5015.947876554292,9.190713702429374,76.34575705633998,1385.3663170840982,3.931053793502569
2018-01-04,1.6377091962899015,1.8481890425030658,2.37133804661446,-0.22542974965618506,2.073618792159251,1.25,114.57794661064872,2362.1287001070773,4978.439712680441,10.372632579916083,77.23811151490804,1384.0160476939755,4.036954834455856
2018-01-05,1.6565497438588024,1.8586404149803684,2.341604153432329,-0.19428500013557332,2.0529254151159417,1.25,114.47326939879626,2361.8645616591734,5000.344159322725,11.4634810198751,77.04046420939349,1376.8741010856975,4.00020808651343
2018-01-08,1.6311320305789547,1.862058512449613,2.3338759215265705,-0.17459884166370654,2.0366573541133195,1.25,114.46974650202885,2375.0774416971412,5043.800745026342,13.228106932039632,79.61544328916307,1360.2904085613745,3.965556057443672
2018-01-09,1.6546215618889748,1.884574724404645,2.359339642052713,-0.1329281669782031,2.017502891382848,1.25,114.33192970504363,2354.8003059517664,4996.401190053891,14.093461568870831,79.14505423284366,1351.1405514288276,3.9654868322038137
2018-01-10,1.6523203763089513,1.8882341888681937,2.360718684729565,-0.14314997052041267,2.0313841593886064,1.25,114.38399430554209,2341.9586294934215,4942.989921182916,14.601465360813235,80.51925556014984,1347.4661060841884,3.972550865008122
2018-01-11,1.6736235889804298,1.8989172737594187,2.36204774570873,-0.12383358469297384,2.0227508584523926,1.25,114.3785495844376,2319.2324936405744,4888.960644722323,15.039710317403477,79.00712373396328,1356.4900574393937,4.009391932349074
2018-01-12,1.6988451204671995,1.934355376848758,2.3846023698747034,-0.10168405856182389,2.036039435410582,1.25,114.69438381174996,2337.8507933386463,4936.211562566423,14.259154949810029,77.24427200540127,1354.576406430913,3.9313402704387697
2018-01-16,1.683454217474425,1.93492829729258,2.4051332679077793,-0.1302448682906766,2.0651731655832566,1.5,114.61362264983913,2351.220871971612,4973.924408123218,14.879835302545164,77.42145661101786,1351.903794076748,3.8275280202915356
2018-01-17,1.6929622301767748,1.9290693880928975,2.3923991799893445,-0.123122405730688,2.0521917938235856,1.5,114.52454883576598,2373.0426604563463,5012.339304898396,14.132616594689404,77.16619501825987,1335.4984650592671,3.7061652887152325
2018-01-18,1.6747432682667962,1.9043245614688833,2.395274672408912,-0.15371053772567483,2.058035099194558,1.5,114.47332358276095,2373.274261759217,4992.897401056247,13.434173461497187,76.18504848405473,1328.4178820893435,3.6971750712527784
2018-01-19,1.7076982405175993,1.9284729199319328,2.4041551466238764,-0.1349491901410989,2.0634221100730317,1.5,114.81834695127988,2380.8982012359347,5003.278639502318,14.130345016423652,76.62258274707474,1332.0894145360226,3.660043033254599
2018-01-22,1.7082875474526913,1.9324248579465644,2.419423276580614,-0.13910459225191274,2.071529450198477,1.5,114.59563897229322,2381.1726906046447,4980.827116188701,16.331430261515088,78.41651337538819,1345.6023954480581,3.7255989158548792
2018-01-23,1.6971187463635897,1.9151317845582945,2.407020135471961,-0.13930783737683827,2.0544396219351326,1.5,114.57105108401835,2382.299641677395,4981.151213659215,15.812458964944575,78.60023015125803,1336.2423597844884,3.7021180733705594
2018-01-24,1.7166669700268917,1.8961570362482238,2.3980727692599606,-0.1354058813162216,2.0315629175644454,1.5,114.58864471694852,2374.5758261054057,4935.695981142767,16.58647986205034,77.1166244157111,1339.1073237990574,3.6855474565270794
2018-01-25,1.7224869853502947,1.9365098407670325,2.4221430724961355,-0.09050430531442633,2.027014146081459,1.5,115.03387076380184,2362.4573896820502,4899.346366673109,18.49939453677685,76.56744990398337,1342.0666167634865,3.6943583209338304
2018-01-26,1.757739651298354,1.9716406642283095,2.4497702843571756,-0.05120964753409263,2.022850311762402,1.5,115.32137709052861,2348.253974375639,4855.405857239263,18.706612463844504,76.60869679549232,1334.7637158605246,3.784418928928501
2018-01-29,1.7910025937062182,2.013666230613616,2.5004469711935275,-0.006147410816495169,2.019813641430111,1.5,115.73482407521796,2310.277210046864,4749.613814961587,21.931676540461197,75.54503096570527,1332.8771481899944,3.905174726438149
2018-01-30,1.7525775122101055,1.9706114002013853,2.4705955042739087,-0.042838215597027385,2.0134496157984128,1.5,115.56005948051076,2321.258327696964,4765.745830311725,21.37946015234425,76.02623176718257,1343.1393571639096,3.8624828768320856
2018-01-31,1.777249913315701,1.9959664815483156,2.5000635108390417,-0.0173903257598379,2.0133568073081536,1.5,115.70322431345215,2312.169504517028,4738.999884962348,21.92509561906003,76.8962053384862,1353.0802458456205,3.8800521859394417
2018-02-01,1.8100957150089625,2.0571027217959674,2.5434246027501684,0.018649913944931817,2.0384528078510358,1.5,115.72406152282062,2313.4257169751477,4721.748127838144,22.93276330847509,78.23879838570225,1350.3411172993833,3.882389037957918
2018-02-02,1.847541652819463,2.1016211857359566,2.57124960854023,0.049262117574883746,2.052359068161073,1.5,115.82971300935533,2299.804690416589,4696.348868807274,25.960406632787908,78.00549476652016,1345.2334333804215,3.8830370846319027
2018-02-05,1.8566376548975199,2.1276541563708204,2.624018172488386,0.05685850590894298,2.0707956504618776,1.5,116.15167876642087,2293.8091795544337,4660.22714236694,27.478482548009787,78.61858608151938,1347.2121181380876,3.8704712749661367
2018-02-06,1.8459130262776249,2.08865795670805,2.577089161642606,0.04404119401645745,2.0446167626915925,1.5,116.11147332050962,2293.8781837042625,4676.353858968639,27.04563986301881,79.56616524651524,1348.6690961602055,3.8837767025809824
2018-02-07,1.8623919319624,2.104335487259398,2.584235357383037,0.0687952261008275,2.0355402611585705,1.5,116.15753054464253,2308.310519841436,4745.0338557571895,26.088770607204726,80.26656904211224,1347.16230863416,3.8264081873053417
2018-02-08,1.860016530891552,2.0848505866973053,2.551442635554721,0.0696810394502207,2.0151695472470847,1.5,116.12411755923945,2301.630099382217,4709.376643050813,27.199668232531085,79.45374653615363,1351.3326648766333,3.7925281389470356
2018-02-09,1.8478206661117644,2.095953889436961,2.5724734102112015,0.058126991178386045,2.037826898258575,1.5,115.85989244914401,2285.882133684179,4712.28124757932,28.14183493844665,80.61011421087416,1364.998388778134,3.8345330514393066
2018-02-12,1.8309098536509616,2.1047162258131915,2.597273004156467,0.05503733741023786,2.0496788884029535,1.5,115.5552946337911,2271.6133728979207,4687.849590940604,31.17480846382626,81.83017092199087,1353.9987977821604,3.8291236287223986
2018-02-13,1.8615476613944093,2.1586915492662406,2.6186665001828677,0.09277395951374356,2.065917589752497,1.5,115.83157519421148,2266.083487158087,4666.0836641923825,28.864237359225722,85.04189160376076,1345.3875496045796,3.8686225669193015
2018-02-14,1.8372316645519777,2.165176935684047,2.628493717035915,0.0801213721532984,2.0850555635307484,1.5,115.55004072741554,2248.2830494618015,4632.657678978878,29.960457708743654,84.81359493233188,1355.6788696320536,3.9165445375933223
2018-02-15,1.8446395470167674,2.1484288546086376,2.5882856949011814,0.09453521883318211,2.0538936357754554,1.5,115.3405618576847,2236.217945097223,4620.286471778254,30.38900681141804,84.81449173960756,1356.1572598528394,3.9478402219061155
2018-02-16,1.854331372544395,2.190330086049923,2.6275635802329838,0.1014111286163405,2.0889189574335827,1.5,114.94467251453173,2256.3681754160025,4674.7752141462815,26.425659989818516,85.47549689930761,1356.8384565073525,3.826454389909645
2018-02-20,1.9517482823297545,2.348990397252419,2.7600971690121865,0.2086162728327443,2.140374124419675,1.5,115.51490887897559,2274.1437909860706,4740.02144287626,28.269619873734364,86.67004029940188,1336.782898109393,3.8072561734487858
2018-02-21,1.9105831132221274,2.33641366144276,2.760148474184692,0.15437880256984193,2.182034858872918,1.5,115.46427597610872,2248.858234461344,4664.020295972833,29.29425117323934,87.8231572959099,1348.8951112426178,3.89352906085069
2018-02-22,1.9204582638188317,2.329261499210273,2.753550652411085,0.14033042190834794,2.188931077301925,1.5,115.56351329737066,2240.0250934191527,4652.66106080048,29.85354837293954,88.31541713837305,1346.3336461097292,3.9774562488115124
2018-02-23,1.9444189888662524,2.2931756264247607,2.718420807399983,0.1331530000625747,2.160022626362186,1.5,115.67822052910329,2249.6670667171225,4678.47117627631,27.118341319816082,85.90731566246525,1341.0109147081846,3.9766287679723002
2018-02-26,1.9547801703375203,2.302133294074949,2.718177965355876,0.1402140452455276,2.161919248829421,1.5,115.73551523474262,2256.188582451901,4701.567792640223,28.10772104631455,85.77561824838098,1347.2351464167511,3.992698816668977
2018-02-27,1.9627523048675874,2.3021180333471207,2.7121154394183495,0.16241063655523358,2.1397073967918874,1.5,115.62596137627064,2262.015062611645,4703.106834072541,26.680872640584397,84.1900605529665,1350.3970257420308,3.967477899677564
2018-02-28,1.9636743914160697,2.303095286150721,2.7191924271716914,0.14946686431237466,2.1536284218383464,1.5,115.2397905436412,2262.3496779634734,4687.288905702826,25.940955698929148,83.49410525744874,1357.9246701405873,3.9865811681020245
2018-03-01,1.964840988224073,2.297069273400088,2.7206055335028374,0.14192634669079723,2.1551429267092908,1.5,115.13936941780149,2289.5856420144105,4766.120664834326,21.50877825188616,82.10600930671869,1362.011658369516,3.8812357539533635
2018-03-02,1.9456266905587978,2.267634343948632,2.6900222916064815,0.11662174274965803,2.151012601198974,1.5,114.83045803005322,2275.7977246636083,4746.409554230323,21.448071244130286,81.08262557630194,1363.2527735531878,3.9073230471614897
2018-03-05,1.9424616082914405,2.2474899499246987,2.6774357478374835,0.1025366856152794,2.1449532643094193,1.5,114.46583639654722,2272.0655894246866,4730.552560258302,22.82235422049666,82.46808589676611,1364.2968236923386,3.8235018884877334
2018-03-06,1.9568678174321257,2.280701140650126,2.717768175781266,0.1252478746913454,2.1554532659587804,1.5,114.6466442735573,2279.540301356291,4766.110148352679,22.911331349757603,83.04802820028303,1368.2742838507613,3.839029017339074
2018-03-07,1.9831259842964661,2.368052418285271,2.7934309338341903,0.17559589235288536,2.1924565259323856,1.5,114.56303752114715,2284.9686561748567,4789.519461344706,22.630695402045543,85.51705788075961,1368.680301806777,3.8364574384396057
2018-03-08,1.9337265551707017,2.30110189668888,2.7274923549650123,0.1253586210824627,2.1757432756064174,1.5,114.47162999338624,2284.32175696531,4804.88718468873,21.796967912324316,84.74614256707495,1375.6063975738962,3.8337577090178927
2018-03-09,1.9673013847033376,2.2955440785950563,2.725006164006518,0.13842841154365232,2.157115667051404,1.5,114.52495372303108,2270.4456837399057,4766.503918658054,23.155326229964874,85.57104165595271,1357.788687876206,3.842450912667037
2018-03-12,1.9776355483782142,2.328429344526897,2.743766318416308,0.14269449708321097,2.185734847443686,1.5,114.46961985501511,2271.8440696928737,4765.1161081813,21.595511172635298,86.10306441611421,1358.3106283685152,3.8060654735464214
2018-03-13,1.977377771155333,2.305368352714066,2.7391706856685127,0.130294640752885,2.175073711961181,1.5,114.25299641469051,2265.0291133741293,4757.560958542666,21.27047902868624,86.4806741676137,1357.528785395606,3.805065510640175
2018-03-14,1.9445681823516483,2.2581386667140046,2.6984917828480843,0.10271832899285616,2.1554203377211483,1.5,114.23498793407282,2275.626494077807,4803.77988573196,20.32899115415365,86.16671828311831,1365.7347758943602,3.7982691432052618
2018-03-15,1.950087170091172,2.2437733699024838,2.701038819726664,0.07710548306160003,2.1666678868408837,1.5,113.98946389382736,2258.0991649069824,4784.267724349899,23.606590731785534,86.44760170230913,1368.5433858525944,3.775862550535241
2018-03-16,2.0105037547042417,2.29200583043194,2.741803032305933,0.11827175143498753,2.1737340789969526,1.5,113.81505302583682,2263.1286255668338,4793.484119896403,23.679196238929165,86.8230493034534,1368.075296964312,3.788658302098475
2018-03-19,2.046583862677832,2.3170749930283883,2.7545238318574463,0.13603407705570375,2.1810409159726847,1.5,113.91426072016188,2245.80355305805,4740.499692047845,27.596761369143454,86.94603811925236,1381.2053626901845,3.8228191878629354
2018-03-20,2.0279735398262,2.3236620859301667,2.769345521533919,0.1216326607894308,2.202029425140736,1.5,113.66887661416426,2268.2316379076833,4807.226314644369,25.122711804502895,85.05589511417186,1391.3234006236903,3.850399687931186
2018-03-21,2.0890512168138673,2.3856031916254947,2.797055326989843,0.19131185459831673,2.194291337027178,1.5,113.88540967919029,2287.9567775439546,4831.762172433506,23.96996184601491,85.30702711979711,1368.5662926564796,3.8274667915032907
2018-03-22,2.082383905815996,2.365260062484097,2.7969769983115604,0.1522520811129135,2.2130079813711836,1.5,113.62156145583616,2299.8973567909084,4871.992562265188,21.78032753895347,84.96515291102163,1368.8866897082714,3.769953733767257
2018-03-23,2.1159369731444317,2.4175167272138673,2.8480858683834565,0.16485403773885332,2.252662689475014,1.5,113.63940073535885,2318.4859120781225,4907.409896537229,20.827582188290663,85.59890596800848,1358.615362647691,3.7297386969699744
2018-03-26,2.121775641668902,2.433355325783228,2.8662624265193135,0.18354599331043187,2.2498093324727964,1.5,114.13979940388951,2323.7611667818755,4901.173240976422,20.985885053226188,87.11130484551116,1346.0890476105428,3.7259710098819525
2018-03-27,2.1510552722172513,2.4935326020903554,2.90518672067152,0.24416530883382465,2.249367293256531,1.5,114.35484336826225,2307.4528581061536,4867.788860357822,24.578755142033465,88.08860235969382,1352.3418197874016,3.840529754886577
2018-03-28,2.1479628257901155,2.4951279400188797,2.9244056607274516,0.2350697031978416,2.2600582368210382,1.5,114.71799517901778,2280.0574347635584,4789.515521039521,26.47178740837971,86.67859519545543,1350.7216297615996,3.9397289072185937
2018-03-29,2.1662723840952176,2.5017274491759625,2.9261001488245886,0.2587825157539309,2.2429449334220317,1.5,114.59168381870928,2290.934903994847,4821.494575482617,26.01955830726971,87.90189835789108,1335.7718398010209,3.852299226042556
2018-04-02,2.1933236533380174,2.559792958660791,2.9952040662433927,0.277857261712349,2.281935696948442,1.5,114.73526216958012,2286.446386992286,4821.917208070412,25.99081295095976,87.80383979793466,1331.5102733966862,3.819842507493209
2018-04-03,2.238939288308929,2.6311734772271196,3.0624311600418306,0.3281743697302487,2.3029991074968708,1.5,114.88117675295489,2295.213050652894,4861.9209849485605,26.02126872178181,89.45923362446152,1333.018050699163,3.791628703181352
2018-04-04,2.198801201393007,2.6179757646700503,3.0551569014477225,0.29831361822655933,2.3196621464434912,1.5,114.6993950348909,2300.4656464812792,4873.667337826062,24.932824843057016,90.40330996025945,1331.5316113144754,3.7331253530894184
2018-04-05,2.1993618471500636,2.633247587690206,3.0724948982459215,0.2989903530389534,2.3342572346512527,1.5,114.87385700403543,2293.5423803677295,4867.833196409629,25.637877504501077,92.39807047945573,1329.6597985841038,3.6902973537802737
2018-04-06,2.237659762614814,2.67268259356985,3.107432958111235,0.3370818670621351,2.335600726507715,1.5,115.00295954890052,2302.8859624886186,4892.02168317191,25.002058623357534,90.24490841849483,1330.2997302650604,3.727774711391657
2018-04-09,2.219882503056797,2.6879050551817443,3.1279697530848303,0.3211628842831535,2.3667421708985907,1.5,114.87231985902994,2314.0592485180996,4929.433062780135,24.512999068377823,92.27522425520036,1334.3598015407163,3.6854905962167592
2018-04-10,2.1913333386647373,2.6390634301612073,3.1085647202011883,0.27282193972289165,2.3662414904383158,1.5,115.02577197075695,2302.8229519101355,4871.217318925639,27.273581791132653,92.69605156485862,1330.7227425012152,3.6779326519848325
2018-04-11,2.207875715807625,2.681229971218806,3.1510124282388974,0.28498904560342236,2.3962409256153836,1.75,115.20419103034877,2326.5545769050564,4939.2665189900545,25.619459027999827,93.40308740149679,1333.095991234048,3.677680664041832
2018-04-12,2.241220052766309,2.734858285157213,3.1891665520241648,0.32735623706540357,2.4075020480918092,1.75,115.14757398380203,2314.3489420384517,4901.755753113883,26.110144656261674,91.32267839320045,1338.9400128021596,3.6579560618880906
2018-04-13,2.213095592382333,2.6827854104346027,3.1330669783182055,0.29347569723223577,2.389309713202367,1.75,115.29613266253354,2321.446197768127,4916.741430549094,22.827259192254264,92.91366376642317,1348.232151819323,3.5985535736446685
2018-04-16,2.2350729886306424,2.6818418496747864,3.123821714573381,0.31682055826552563,2.3650212914092608,1.75,115.4317886461288,2323.110643286954,4913.321166218458,23.063952442115824,92.00886671828287,1352.1581659040203,3.6073274397324337
2018-04-17,2.2534960759255966,2.6965405568956737,3.118292910574444,0.3359900395070407,2.360550517388633,1.75,115.42737411830325,2320.586859727353,4912.168252135155,25.469998282894675,94.4397564100681,1339.3804286113223,3.6434403231302426
2018-04-18,2.2557722445971917,2.7330280517402246,3.15477360925947,0.35381729228972597,2.3792107594504985,1.75,115.59013627813181,2315.130356363096,4918.541575884622,25.903226750471937,95.92828386266157,1345.694406813455,3.688275424628477
2018-04-19,2.2639364405411277,2.7074739455841343,3.1376508319622207,0.356578843509578,2.3508951020745563,1.75,115.49559083250854,2303.24145978482,4890.127630191688,25.88761649026933,93.22140845651452,1348.6065036593595,3.7686689839964123
2018-04-20,2.2715127636270163,2.7350885913162095,3.1629848518976256,0.37773177161389115,2.3573568197023183,1.75,115.2212393549052,2316.354433591551,4902.9265790015115,26.61406698323778,92.43733678344346,1354.8060308293332,3.7810729996906347
2018-04-23,2.2792220377511856,2.719251585454147,3.147111206888064,0.3776702368883245,2.341581348565822,1.75,115.17072349756724,2322.30018598575,4925.676735247628,24.841592864843335,93.83048857840849,1357.6686334768274,3.7256029874209364
2018-04-24,2.272690856875014,2.699206625490719,3.1041303717815194,0.37094388860481337,2.3282627368859057,1.75,114.73224416598607,2323.789585971331,4914.894224301362,23.7189553944179,92.47041834378959,1365.5949994418806,3.70533032081175
2018-04-25,2.291619975204609,2.684133039055901,3.0760545192150666,0.3761767204568647,2.3079563185990364,1.75,114.8464206415007,2301.860840294158,4847.262271597996,25.276068293372244,92.6714161365449,1371.5103262683913,3.8179511405459974
2018-04-26,2.2551920043531934,2.6127376368440496,3.0053192960947968,0.35726392241342897,2.2554737144306207,1.75,114.53311243002493,2301.1473506177053,4845.315403856194,25.356773813573692,91.6312870591759,1393.6090111771614,3.8829618873198735
2018-04-27,2.291301365381456,2.622420756883107,3.004515683609975,0.36730135918171286,2.255119397701394,1.75,114.35701424686006,2320.2701335837974,4882.871788214679,24.505016752997832,93.824556488424,1389.846077264344,3.8380028088166935
2018-04-30,2.319462813141369,2.648747827208207,3.0136628108691257,0.39424365878060097,2.254504168427606,1.75,114.5700039014765,2325.74486753966,4901.633029428575,22.68533225163225,92.71371130319139,1384.6157650534024,3.787691508350109
2018-05-01,2.2952822016598344,2.6030946980135874,2.9527477103999873,0.3748117034428928,2.228282994570695,1.75,114.56455098323164,2343.3046452470703,4949.673245417495,20.51276405955774,91.7201625719347,1383.2840459940858,3.710015870742606
2018-05-02,2.335103562701042,2.5926709550023945,2.9430874286891955,0.4038873128261945,2.1887836421762,1.75,114.87137991875471,2307.3001704302665,4861.608240841827,24.57337699699192,87.57959569991556,1379.7211408190785,3.7860460714467914
2018-05-03,2.29188486495425,2.5343831515765864,2.9153485096822993,0.3617987300947728,2.1725844214818135,1.75,114.81983959011461,2300.3484473954777,4818.1986877939225,23.72999105184138,86.00103266149027,1388.435106816284,3.782888666251108
2018-05-04,2.316952217457494,2.554756395698105,2.9277852363177495,0.37353249289272095,2.1812239028053844,1.75,114.8075681053267,2308.5717579025268,4842.3386975416915,24.081950301969947,86.19230770237202,1399.8430148568343,3.7473219947588206
2018-05-07,2.3292276833521326,2.578676762531102,2.946253246219576,0.3536880128569219,2.2249887496741803,1.75,114.3390209560859,2301.2060850211788,4846.480174951555,25.221717753024098,89.1908495122458,1397.0630268285356,3.7922052219932785
2018-05-08,2.3245680266656255,2.6159110712771754,2.9822203113572234,0.35614606825665335,2.259765003020522,1.75,113.90253927872556,2305.579831821226,4870.93340715121,27.727583605334978,89.27542040946109,1404.3588608362159,3.770209342600515
2018-05-09,2.2729181797640265,2.536551651545782,2.9156566556101544,0.3260116475482206,2.2105400039975613,1.75,113.73845289759078,2280.303367151666,4799.603880515922,27.444010079707628,87.38569229531969,1422.30392306462,3.8712532967561857
2018-05-10,2.209924743953722,2.4527527323629337,2.8441739974261027,0.26985583030086907,2.1828969020620645,1.75,113.59375145947243,2284.178528601699,4801.478879484439,28.697125153439845,86.90597418067854,1415.5321721535763,3.879063324954811
2018-05-11,2.1856638587851043,2.382612844323461,2.7782498717553836,0.21782020012987724,2.1647926441935836,1.75,113.63906690479182,2242.8129674968723,4722.167477995767,28.414160355275932,87.47556251764003,1441.098787204117,4.073718605334276
2018-05-14,2.1767727128334666,2.384170763682029,2.797594588876949,0.18221496291000827,2.2019558007720206,1.75,113.43205972728748,2259.3498760937746,4754.674379138375,29.625812696520406,87.26887062728449,1456.8135072065413,4.042142148282264
2018-05-15,2.1768216419156996,2.398366214711479,2.804780118745064,0.18984422170101822,2.2085219930104607,1.75,113.84774129814123,2254.346669085952,4760.359970300419,31.747361759713872,86.37024116631954,1454.9284081330134,4.032097773857782
2018-05-16,2.1712667939162076,2.3859459831968852,2.814782134929832,0.17987072154898165,2.2060752616479036,1.75,113.5119418375409,2276.9044115537376,4810.401732166533,30.78108771250931,84.37314485814458,1463.657842993902,3.9664726485541717
2018-05-17,2.1406641815911165,2.3906303957931865,2.8167968860978467,0.18485576466918963,2.205774631123997,1.75,113.69859554725679,2277.923847067727,4799.342699178066,30.19219717120395,84.44523222666268,1466.348649400751,3.9126715280579583
2018-05-18,2.1394140544701417,2.346571012324442,2.761809836338606,0.17723035748952698,2.169340654834915,1.75,113.7100988009941,2290.2929644198675,4849.263296237806,26.985093371078353,83.90005717172627,1470.1409692891382,3.839387259077337
2018-05-21,2.196480987673932,2.470084392298932,2.889756435574467,0.28288481673236077,2.187199575566571,1.75,113.96125821227544,2283.0649300916166,4828.5305315507,30.46104322367689,83.70363609668543,1464.3843301012587,3.9576540435501872
2018-05-22,2.164300372124622,2.466003347235209,2.8860168124339314,0.3168665810359598,2.1491367661992493,1.75,113.92828022305892,2287.275552250449,4841.304991060149,33.640301427504866,81.25051901588742,1466.7160879777884,3.9330027503984035
2018-05-23,2.167929795891914,2.467131539034585,2.881743173729933,0.3149950264225645,2.1521365126120204,1.75,114.09557890395165,2280.253443814797,4841.587019787394,34.678057760063915,81.02973427690728,1463.1897362069515,3.9855358851135168
2018-05-24,2.2072609575000497,2.5544696858515374,2.9755346725935294,0.3526775378923903,2.201792147959147,1.75,114.42375035375282,2291.8779452591157,4854.146125078609,36.40165619072789,80.62016459723245,1462.411133477038,4.07213098422327
2018-05-25,2.1623182702670842,2.480294696838965,2.899924669156236,0.2946436595612803,2.1856510372776845,1.75,114.45795634971874,2290.4880019853163,4832.863739857697,35.10510341262836,83.34820875639268,1474.3691473120768,4.09862354012084
2018-05-29,2.1870835579894607,2.499530065386607,2.9157096972907306,0.3430296698158129,2.1565003955707938,1.75,114.16443499034662,2310.8992862093587,4894.091448375602,32.97109706131831,81.98184522644412,1474.4642157501817,4.033646022980738
2018-05-30,2.184867204720104,2.508455837976376,2.9182839913748495,0.3410626660669813,2.167393171909395,1.75,113.97661040122023,2335.08138783701,4941.864414095823,28.829467856851263,83.49257932076435,1484.3197337464885,4.025899484545393
2018-05-31,2.2190456918614245,2.5975999735515414,3.0142589812399243,0.40550902795401605,2.1920909455975255,1.75,113.87842991298476,2336.5580199834635,4937.522049274699,30.808706677297682,83.2320992104723,1471.6007869942928,4.041292222926622
2018-06-01,2.221266627643568,2.585680211682723,3.0102668294293164,0.3864250365768219,2.199255175105901,1.75,113.66462089859147,2312.936247988357,4892.113413889805,31.151874139849642,83.00056987975906,1482.242777484592,4.121812783290822
2018-06-04,2.2500235294947615,2.592792078195955,3.012130066242573,0.4030157382264289,2.189776339969526,1.75,113.63555928476566,2308.7115811812123,4896.53108611308,30.7602496601619,82.79680466798946,1471.7923753087427,4.061190769331393
2018-06-05,2.2403491695772852,2.626665953366879,3.03978577817308,0.4250298184282043,2.2016361349386746,1.75,113.43032520026733,2319.9924293576582,4907.894008587978,30.065010558490773,84.12800607700441,1488.1416976142357,4.0708254244788975
2018-06-06,2.2069445684935736,2.649081288772788,3.069527015608159,0.4220759993101974,2.227005289462591,1.75,113.52030911803395,2315.846837408365,4893.397597886611,31.7036958372068,85.78112468011568,1484.8260294467361,4.084342562535235
2018-06-07,2.2483753667485953,2.7139991193091726,3.132436312498532,0.45085639530359356,2.263142724005579,1.75,113.35232093279657,2326.1375228557145,4936.0252863135165,32.44754343188657,86.08194982176245,1497.251921663422,4.124181995096112
2018-06-08,2.235385855973496,2.737572389134909,3.174758043776875,0.4366046552423339,2.300967733892575,1.75,113.24977178851744,2317.271357517723,4919.760650937044,33.044237870282345,85.77554059320269,1513.5769789570356,4.115722098893138
2018-06-11,2.183348993245132,2.6559885498189963,3.097376682522513,0.3677620182311576,2.2882265315878385,1.75,112.84984897023456,2344.932107511735,5004.370545438075,29.050958802685454,86.13259668249346,1520.3008368251499,3.9777366404417434
2018-06-12,2.0980019299188823,2.5516146104496005,3.0014250764861576,0.3027119715487393,2.2489026389008613,1.75,112.34942841055224,2347.4159209836225,4983.69210675357,29.415153604541135,86.41359125856758,1521.454192587839,3.9224487708358886
2018-06-13,2.1258608612525918,2.5824562325955847,3.0161158487178503,0.345108206076188,2.237348026519397,1.75,112.55908631770762,2352.905778379444,4964.3045454581525,28.356603745588664,88.031965825591,1510.321237562697,3.966440860773547
2018-06-14,2.1393976673623225,2.5784719862205403,3.0231879478200794,0.33581381747237465,2.2426581687481657,1.75,112.37755861519062,2325.270863093525,4882.738212074196,32.419013259093504,87.42044192566809,1525.1330838695415,4.068857798377256
2018-06-15,2.123133395778483,2.572559401498036,3.0331878509290773,0.3144760373225214,2.2580833641755147,1.75,112.41176499942536,2323.6123778435317,4901.899602094468,30.77978492746433,86.47001546494307,1523.565597551699,3.997623565576156
2018-06-18,2.1371212524443575,2.6264782463433356,3.0979690313822186,0.33925643945216,2.287221806891176,1.75,112.98712867782253,2308.834573158028,4880.264104430795,31.69721433833104,85.35959455228726,1519.519418338051,4.013665267530558
2018-06-19,2.1227735343768974,2.5979283055411297,3.075871120334274,0.3116716071150788,2.286256698426051,1.75,112.59904709310544,2309.8722060313416,4872.2929482700865,29.406694890177217,87.92815889353625,1531.6316229263848,4.034656765696334
2018-06-20,2.096969391861545,2.556181086402744,3.0551613461556846,0.28645842040874503,2.2697226659939993,1.75,112.76927860278306,2306.6438832151757,4877.691369431811,31.301126496867514,89.30576362370033,1519.8357349870657,4.067928305833581
2018-06-21,2.1367975285797263,2.6287974626142283,3.1498452569429625,0.32669353855360206,2.3021039240606265,1.75,112.20875452635491,2321.8000432518857,4913.912097777346,30.524950460058577,92.13060081097655,1519.1863046077528,4.028400265925374
2018-06-22,2.176254977552193,2.6792581341800887,3.179244739881047,0.37777430661331657,2.301483827566772,1.75,112.63372246551188,2283.6342995573973,4822.572701141615,34.348343181365635,91.73371383678719,1514.6800418312675,4.142484630382633
2018-06-25,2.132003320404067,2.613592967609789,3.131952494437817,0.3291659358282494,2.2844270317815396,1.75,112.5105311402149,2276.0586557382358,4813.19389493061,35.09657097484687,92.02239995380151,1521.3970635720746,4.268990693639712
2018-06-26,2.0650181527072577,2.6184507978512332,3.1614367024533947,0.2883136443487775,2.3301371535024558,1.75,111.63927097378166,2308.971621245693,4893.616961390932,30.468287328318883,94.68156354365283,1539.6925851755902,4.08461201642001
2018-06-27,2.0479174988131312,2.6123346085087937,3.177741415751899,0.26750040220542637,2.3448342063033674,1.75,111.64495729686567,2291.371337883713,4881.0449417151185,32.9026491967632,93.37138183704914,1543.918909798779,4.1317473505048925
2018-06-28,2.0509184647500196,2.6252153056442413,3.197167902963681,0.25044759551818907,2.374767710126052,1.75,111.67374884047385,2307.2356835870087,4918.164828209255,30.888948769560393,93.18463596106596,1542.6727165910584,4.088925679483167
2018-06-29,2.090210236154765,2.656037169957489,3.2227198958306844,0.25675839138519196,2.399278778572297,1.75,111.46662278570075,2309.4155763287745,4931.51712909216,30.751260005526614,95.75692387270048,1557.4834921881068,4.04326829503976
2018-07-02,2.0653689090418914,2.6414500945766806,3.2478387057098193,0.20805938966006443,2.4333907049166164,1.75,111.09689816119703,2321.988728749834,4958.708991697165,30.193388686886905,95.68229140235394,1585.0403379484997,3.9477652889215733
2018-07-03,2.076232177582055,2.6563995845651927,3.2565508337464175,0.23633836320092128,2.4200612213642714,1.75,110.91387778753295,2327.4686159062585,4984.221721759135,28.354323303828508,95.30895479912866,1585.6094738098545,3.9354577282333025
2018-07-05,2.078913928847558,2.6717722766700405,3.2605579766834945,0.25042524519792686,2.4213470314721137,2.0,110.7385341151933,2347.9174821619754,5015.252285921895,24.363213605386473,92.9087906659545,1575.0527838459866,3.874557248537192
2018-07-06,2.0719496456826385,2.640332453532382,3.2326814135338005,0.2308338305765274,2.409498622955855,2.0,110.35343249399807,2345.1440182467354,5008.962567543285,22.999937516311498,94.58961169004894,1585.5219081647404,3.887442679379357
2018-07-09,2.048912996773598,2.6129226399239283,3.218363041677543,0.21480158717250697,2.398121052751421,2.0,110.15853814553914,2347.8891861575903,5047.84154319768,21.05119904747931,94.219463670328,1580.1624146238094,3.8991440879752863
2018-07-10,2.0513307690355127,2.587957363580285,3.19415395884885,0.20459173510207884,2.383365628478206,2.0,110.12095611170197,2333.9657495836336,4985.777024203104,22.827943933641336,93.62690453136894,1575.0822056507989,3.945782536498826
2018-07-11,2.06630628644324,2.592256429007719,3.1903881647657424,0.2216692443736047,2.370587184634114,2.0,110.23698391156329,2340.737543676153,5017.805852496851,22.450235108720555,94.11482051713035,1578.4925320836865,3.9461117799163903
2018-07-12,2.057629022238088,2.6119882356921287,3.227316799181134,0.22089382158449944,2.3910944141076294,2.0,110.46590598368498,2345.475400937207,5044.776620921708,22.195264073442267,94.83750866948311,1574.6991617931174,3.9311832867403282
2018-07-13,2.111449572365656,2.6580309346611357,3.2627006236189082,0.26624629943272315,2.3917846352284124,2.0,110.77401225849266,2343.2819596735476,5026.7455806527,22.00877123245605,96.51307887667423,1567.4807068976538,3.987857353596732
2018-07-16,2.1057695201636633,2.6178490311786815,3.2239734387745638,0.26217230447299744,2.355676726705684,2.0,110.87473116697163,2304.397137721596,4929.894407534164,25.653131425551877,97.76654330625757,1562.7112834739455,4.097762693702997
2018-07-17,2.1196934957966067,2.6557852372142103,3.2740662046212883,0.2763066210686844,2.379478616145526,2.0,110.4459332169437,2302.544773741862,4924.246916670501,22.882509832452882,99.55218353860266,1566.4673969216014,4.083909807083479
2018-07-18,2.1014699135051353,2.6530589602089085,3.2537028124275484,0.2709892567848933,2.3820697034240155,2.0,110.56354169485971,2321.1462765417723,4971.360150352053,21.13101848564946,100.74444523376445,1569.2956740286472,3.9851805940503446
2018-07-19,2.0623020006333617,2.566100507487847,3.162916352252412,0.2367103002314671,2.3293902072563797,2.0,110.38518191848331,2317.936949751516,4969.511659143739,20.625201586010967,98.45158760359799,1582.5512305298287,3.9672896089713863
2018-07-20,2.1049706521119087,2.583718636027026,3.173570996256171,0.26780357846033565,2.3159150575666905,2.0,110.5513585948883,2309.243845929264,4960.767701747562,20.37340881389779,98.3107381744928,1582.6668942253968,4.016505007083634
2018-07-23,2.1194063561806655,2.5938630474016167,3.1890910243204527,0.3082210518892554,2.2856419955123615,2.0,110.57067835608122,2299.612015494178,4936.050839295309,20.9432773752751,96.35010505565846,1578.411426673251,4.077928927896969
2018-07-24,2.076910323820374,2.5807088510533323,3.1775506165298384,0.29727605223635156,2.2834327988169805,2.0,110.47129558370396,2289.3677984433803,4907.523420565473,21.111981470359474,96.40210227340881,1597.4908629734941,4.07480958419524
2018-07-25,2.063783281472054,2.5622021278049165,3.150911416354626,0.273413969846263,2.2887881579586535,2.0,110.4183358059338,2256.483620393213,4824.00674566668,24.439815796387588,96.36776985939412,1589.2830625659678,4.202503694925464
2018-07-26,2.0886598406953913,2.5390449366292698,3.119256327925435,0.2908931884948598,2.24815174813441,2.0,111.01794122861861,2246.9201237081643,4825.9865113151745,25.019400227856938,94.69601282607093,1580.540167874817,4.31099167071024
2018-07-27,2.1264141937914833,2.5594674331495164,3.134695751419626,0.29781855359383824,2.261648879555678,2.0,110.9549664461253,2250.988469606346,4833.608877499083,27.840585203273307,94.79514032093162,1573.753033433612,4.232297045355303
2018-07-30,2.219387167277574,2.6878484898965214,3.229931552928028,0.41243017297260876,2.2754183169239126,2.0,111.26552048790663,2237.5592145776354,4833.588393631749,29.84307078108365,94.62157640858602,1570.5539972075655,4.367573614053595
2018-07-31,2.198948521450157,2.68604701588937,3.2253909483191943,0.4335372855883778,2.2525097303009924,2.0,111.53388120792684,2245.136076828112,4831.379600662315,28.50478039355494,94.18812444105306,1574.2068412899307,4.402381028326207
2018-08-01,2.1872750016973646,2.690621465639247,3.2452661140962484,0.4491094498215868,2.2415120158176602,2.0,111.85916530892986,2230.615529814571,4785.322515561429,30.92696172912478,94.42711282581212,1567.258841027798,4.378830712289168
2018-08-02,2.0966999346583015,2.5896133971775894,3.1733698144301097,0.36396212412734186,2.225651273050248,2.0,111.47119125199258,2209.737889316358,4741.611966466444,31.693343335136653,96.31587107463069,1589.7492372843417,4.43086997238564
2018-08-03,2.0811242151709606,2.5726392532938647,3.16486803530751,0.3374913872786295,2.235147866015235,2.0,111.07212284429676,2233.304700562557,4837.097782087653,29.458682292495762,98.3560167376502,1601.884575813461,4.451111727138856
2018-08-06,2.0928365263238065,2.5835433216047115,3.1594111885493517,0.37385225699120794,2.2096910646135037,2.0,111.38534924821288,2207.4058151647946,4775.317008165262,34.76959506811512,96.4683316153544,1607.7874990695002,4.460413775187846
2018-08-07,2.082959556664091,2.6129046632846316,3.2004121664967045,0.35490738953769163,2.25799727374694,2.0,111.27653145853255,2189.7362772625515,4741.090495311745,36.372292381485224,98.07228616318405,1621.6516431712444,4.52605702161397
2018-08-08,2.088840428497316,2.5616265037846193,3.146125423551054,0.35751841478886526,2.204108088995754,2.0,111.33112811253861,2215.4838206378377,4832.936489681829,32.82006714308209,97.36565633515153,1615.3188292007064,4.56869317936011
2018-08-09,2.060062997615168,2.515662785198394,3.0900345333519743,0.3278742196921419,2.1877885655062523,2.0,111.39147391924799,2209.1410398721355,4806.456062267708,34.07876693290516,99.73044036346846,1614.2448167451391,4.583510993360408
2018-08-10,2.144468431402314,2.5612736837935155,3.1215501349634094,0.41498887804411855,2.146284805749397,2.0,112.05149622991583,2206.9449196418173,4814.300642499592,36.062582867817746,99.23997969804812,1585.6728632225033,4.620412209792861
2018-08-13,2.22199695881603,2.592283579611134,3.1357492001201495,0.46008465977092355,2.1321989198402105,2.0,112.39264764609027,2216.6074348056936,4806.7149306983265,36.64456720937844,100.52434008698872,1552.8504406664813,4.569079812239188
2018-08-14,2.23862336746606,2.619747074752105,3.125384781941922,0.49720655733570174,2.1225405174164034,2.0,112.14091824188345,2242.4293567084524,4888.083911484908,34.27018584504131,104.79315292820841,1560.554278278539,4.509558763753965
2018-08-15,2.252810593264954,2.599278755091708,3.1095617668963045,0.49073408218970477,2.108544672902003,2.0,112.83267369128265,2244.4729659797426,4913.743514958112,35.3143500088947,104.12101457359064,1530.559606138783,4.506251918740388
2018-08-16,2.252172481562532,2.629473672504812,3.1262370937714383,0.5171976276195733,2.1122760448852382,2.0,113.38212485612813,2277.770027041614,4999.97427791716,34.27274544548721,105.51978189436358,1520.2682658991994,4.448170636272072
2018-08-17,2.2726617678204537,2.645718724751074,3.128572399524252,0.5529744411939626,2.0927442835571113,2.0,113.66418273248865,2285.154838180878,5038.177679184041,34.96737562227414,103.61888688321545,1517.9054730450782,4.49749640952166
2018-08-20,2.322436042497417,2.743032997865108,3.2069372628250408,0.632628942285958,2.1104040555791497,2.0,114.00601301716749,2267.392452479739,5012.496530256028,34.824139806391656,101.04120625477572,1520.7624280360774,4.490976382949444
2018-08-21,2.2821084412192487,2.6730786209941595,3.1478652430839893,0.6160183139039144,2.057060307090245,2.0,113.30865719285536,2258.2460423838565,4969.582849534933,34.22892592452498,101.83136494982782,1544.1351637958169,4.585218655908213
2018-08-22,2.314132904131864,2.67421014361288,3.1664393585915844,0.6330452374502138,2.041164906162666,2.0,113.78683328478137,2245.354551897248,4922.564113935638,38.1065772546289,96.84947141146345,1539.7088850904752,4.673297830212192
2018-08-23,2.2713610457288196,2.575147323470455,3.055012548179931,0.5631668999135833,2.011980423556872,2.0,113.47921729202919,2263.2035882797645,4959.049035262575,32.564406273455724,97.92040443883947,1547.853293255187,4.570183481991574
2018-08-24,2.218218006141938,2.525887505483478,3.018573958343799,0.5334312880540166,1.9924562174294613,2.0,113.9795360732442,2255.5335596091704,4984.019478288504,31.767713618580792,96.56232131414693,1546.0836423138658,4.615867389298918
2018-08-27,2.2581964184542738,2.6002820878475057,3.0745493533393553,0.5664065702192899,2.033875517628216,2.0,114.537662715763,2237.98325850939,4908.611589918404,32.46044319737997,97.39596436507004,1537.1696863978511,4.70857696972237
2018-08-28,2.2893598585182136,2.6524504684328405,3.1025230931430388,0.5886805617009127,2.063769906731928,2.0,114.94407094704268,2253.099664133502,4905.205361438017,31.5641250518509,97.08038479130929,1511.722752402766,4.6420485077289255
2018-08-29,2.242775093244192,2.5871028329726284,3.057921296263602,0.5391055769314528,2.047997256041176,2.0,114.5038339717228,2242.432078897965,4885.386238843382,32.691291433580034,97.74314933752157,1520.9040925554104,4.517112967324145
2018-08-30,2.222938891733067,2.6251254648945235,3.1233403996238858,0.5193156079681807,2.105809856926343,2.0,114.39873464244907,2217.485622327452,4826.401981000748,35.325364962326965,99.92247709344078,1518.405747426775,4.533703352743914
2018-08-31,2.2561759322397528,2.664485980292838,3.136891898217968,0.578772792401461,2.0857131878913773,2.0,114.83517260993546,2220.2462019522454,4831.114848240501,34.21734402252552,99.45069340287351,1509.0089098612655,4.496401665160324
2018-09-04,2.281635724215914,2.67710326970602,3.108093212798809,0.6166296168914054,2.0604736528146144,2.0,115.03954680866522,2204.638913315581,4791.539847113642,36.034879363777364,98.86915068369643,1501.491887615473,4.615947886025881
2018-09-05,2.369416162566739,2.7013521420800917,3.1431016613205216,0.6697719425916999,2.031580199488392,2.0,115.6567035678916,2211.0258480168377,4811.931157121463,36.41927626561052,93.20589493035995,1487.1232474470112,4.63965146411001
2018-09-06,2.4846400487621265,2.761148881623236,3.1445664984793904,0.6960070782345398,2.065141803388696,2.0,114.92456218923739,2230.128163194302,4893.2160733661385,64.10312177003127,95.79551496954159,1509.9933329804549,4.570440927012041
2018-09-07,2.4919217749879037,2.6250168668661344,2.994022848187126,0.6346561610763932,1.9903607057897412,2.0,113.4751246090406,2186.8659303660556,4789.66757427514,64.65917761285901,97.87472655126027,1567.040018267359,4.802937143943576
2018-09-10,2.458203175615922,2.4334247327291156,2.777116524544237,0.6082085156348231,1.8252162170942925,2.0,112.86884685668477,2104.3633113101823,4621.488526451572,69.33167575711605,95.75344849681086,1575.6042760796759,5.317291553046729
2018-09-11,2.299459995287303,2.187253141029468,2.565671474744825,0.4456749315913914,1.7415782094380767,2.0,112.98988026839754,2105.3482466781556,4634.546330512366,68.05707924186903,91.9566481119288,1556.386980818703,5.194635118049276
2018-09-12,2.281408592682049,2.152237089644867,2.4969050135520314,0.4404246338935378,1.7118124557513292,2.0,112.80117630373495,2119.1338507521423,4687.699735649452,62.3818585518963,93.89809762342408,1553.1532043191542,5.084077636815747
2018-09-13,2.2401999357994242,2.1067458745955556,2.4610464094812023,0.42666244833778355,1.680083426257772,2.0,111.36142945617452,2103.6125639280112,4683.727571457087,65.20651402713496,95.916231017229,1564.7822088325408,5.268104779729075
2018-09-14,2.1859887445410777,2.0031170675022087,2.3346910780999957,0.4018990803154179,1.601217987186791,2.0,112.1254481062895,2041.234123697296,4527.433327676978,74.87436084690601,91.16835203473929,1542.759400642597,5.315576167235621
2018-09-17,2.316233335722623,2.0461670306950825,2.3756969525957614,0.5276677557531653,1.518499274941917,2.0,112.13924756493903,2033.4232816895785,4491.12289982116,73.21422461825479,85.64398280273464,1554.654682938328,5.41648092247113
2018-09-18,2.3333761610581547,1.9513630881099593,2.345091736215306,0.4159659480667266,1.5353971400432327,2.0,112.67222715283272,2053.993100724857,4506.739290298986,68.45767414029667,82.39525351699207,1574.3235923950695,5.154488315345724
2018-09-19,2.3711901484454385,2.0478113826337974,2.443207389363106,0.4461252707718727,1.6016861118619248,2.0,112.57874967874376,2118.5553935020243,4675.661760910057,55.64103894967265,81.4265625262138,1562.7653907199604,5.03535190141903
2018-09-20,2.344369993969754,2.0448511239450227,2.4461767091029474,0.4235869923782719,1.6212641315667509,2.0,111.27426539224956,2188.288934024576,4827.780543281971,50.62074557375452,81.23042251518652,1584.4943938019783,4.828774977684157
2018-09-21,2.392896272745394,2.0159795613302345,2.445831068232521,0.40581594028634427,1.6101636210438903,2.0,111.30404990616786,2220.549352025003,4867.301247908637,46.32449693566145,77.95505874196533,1577.3413833490606,4.654093311839063
2018-09-24,2.428440132037366,2.0647941909834935,2.485800310726299,0.43572279063436337,1.62907140034913,2.0,110.23696815996576,2186.0389048991265,4755.244473022618,45.13940229159112,78.00763587832951,1589.351482989052,4.7173346241652085
2018-09-25,2.5054572008032867,2.227975978263234,2.6251560980991497,0.47107891826525705,1.7568970599979765,2.0,109.25305720727269,2239.8345279191544,4899.272628848812,42.60534801655636,86.762032275404,1600.8823645370417,4.6035900157643175
2018-09-26,2.5358672978619703,2.2846337466996625,2.686869052992085,0.4916497225579508,1.7929840241417119,2.0,108.74811164176916,2270.7062535438668,4994.750794906009,37.16369904940722,88.37163022219765,1592.8391505917334,4.509854916854678
2018-09-27,2.571203307921489,2.285629053092932,2.7129252584934282,0.4825346267502416,1.8030944263426905,2.0,108.96414081132096,2210.1900401976213,4810.975322246697,40.528227726497356,88.45903686351801,1585.035942954611,4.7783650034304985
2018-09-28,2.6292556750185656,2.289692380069261,2.657054646153005,0.5615350428772383,1.728157337192023,2.0,109.34505179320742,2228.5760837891903,4852.255298860232,44.31062509134264,86.11318851361999,1559.354960295454,4.847409016262082
2018-10-01,2.6774181199637486,2.407601084022709,2.8003445095869557,0.651052473659717,1.756548610362992,2.25,108.71454184442112,2187.0186254234322,4735.942690632895,42.15723977264997,84.86489879054852,1559.4532357151227,4.962566162422247
2018-10-02,2.6300762394223045,2.35441095796777,2.7317906224084982,0.6429482354503533,1.7114627225174168,2.25,108.18683318846001,2208.315232044114,4772.790003682605,39.09263714020922,84.76574523274441,1588.266785520678,4.778849844244793
2018-10-03,2.6548143298579614,2.4281367728153045,2.810929940509805,0.6476483524981584,1.780488420317146,2.25,107.67813675661272,2241.029994397268,4860.107913397609,36.71791658998172,89.30882438360432,1618.6010649494724,4.72824563987469
2018-10-04,2.701770664507765,2.5130697911954014,2.9140837996210576,0.7014683816424065,1.8116014095529946,2.25,107.186605275815,2241.7401617760665,4800.150251399968,35.48564498256964,91.20280794673538,1635.7932800749338,4.707949870305145
2018-10-05,2.6239695199673907,2.443686891293261,2.8169874611190675,0.6467210507614987,1.7969658405317621,2.25,107.44890514887784,2243.0154241359983,4783.1340990006065,35.19657411310316,94.80933613132487,1626.8409114567248,4.718239148298918
2018-10-08,2.6887327704783357,2.5335265096638024,2.907755552239686,0.7179390380791444,1.815587471584658,2.25,107.62473670670698,2263.404939114697,4857.456737425665,35.52712294110572,94.48552374622845,1629.1843410354159,4.757000159794205
2018-10-09,2.697389312764475,2.5064064078775905,2.8818434042037993,0.7417552888172645,1.764651119060326,2.25,106.9498676163577,2258.315331162532,4842.515030606323,38.52709442178997,94.96149754051191,1633.8362800360992,4.715624477701929
2018-10-10,2.7117221454098863,2.488594376313793,2.8658928132660875,0.6837723169085228,1.8048220594052702,2.25,107.36728475100793,2269.006450869039,4895.6779389515805,37.07107200504176,90.5150151181601,1630.1737194246723,4.772546578570012
2018-10-11,2.739157672636575,2.5893003582280354,2.9517137387910206,0.770953421483769,1.8183469367442666,2.25,107.39325856654987,2268.9627151130057,4870.174476128563,36.51248274704123,92.11569221148588,1615.4745180168113,4.702790965320057
2018-10-12,2.731222173514509,2.5296665970168366,2.8812135596014166,0.7681484560358662,1.7615181409809704,2.25,107.21692975675413,2274.8358549013824,4885.582518364832,40.11963008710946,89.82493709561622,1613.8036733501428,4.77482285582534
2018-10-15,2.717551140277208,2.4462242424064455,2.8138121050294913,0.7233322353219284,1.7228920070845173,2.25,107.49911092362089,2272.3153656126537,4901.531847117942,37.75633984568107,84.45062850710266,1608.7615790929283,4.687604571049747
2018-10-16,2.6775990337086975,2.500768119603002,2.8744453426959664,0.7362233217542105,1.7645447978487918,2.25,107.87066953753609,2287.014277006397,4947.246886143225,37.810495579542476,89.88848668318313,1578.1846229039656,4.655426297177528
2018-10-17,2.719997118541942,2.496321512003261,2.840392432265131,0.7576232481082394,1.738698263895022,2.25,108.33963318700081,2267.2500987212343,4887.2459023760985,37.3569721248278,89.78243709514027,1564.4746064608194,4.792427485310137
2018-10-18,2.7004421110925008,2.530144494417983,2.878340201888193,0.7691778682001171,1.760966626217866,2.25,108.65040643631303,2269.2589812495776,4913.573265682942,34.100777680786535,90.61081217490499,1562.8568620479791,4.7665890026235145
2018-10-19,2.7238987899381577,2.5883903043154333,2.9245959111175748,0.8375231099604363,1.750867194354997,2.25,108.65999048681255,2293.4868609615623,4970.704652953981,32.082018847476135,91.0164891601262,1552.1034246952804,4.659188214160273
2018-10-22,2.792822297718204,2.664498203722312,2.99673285837001,0.8743134618339797,1.7901847418883323,2.25,108.71917729339073,2312.710615587157,5042.966422801001,31.221820303704042,87.88199862106323,1548.7370028395314,4.565170170589596
2018-10-23,2.8076926699404,2.733160892801987,3.0550388825230304,0.8939512641438023,1.8392096286581843,2.25,108.75714672929479,2311.5333220845937,5042.908198788258,31.68227201166852,90.0483751870688,1543.398533842231,4.5555430405473025
2018-10-24,2.767621131449639,2.6955450634577467,3.027642293881981,0.8476173708948203,1.8479276925629262,2.25,108.12567844358881,2306.8539461595938,5033.811097036534,32.423113714496424,91.05483152862872,1567.6654482558301,4.5727612653514695
2018-10-25,2.768711186944632,2.7809293169889835,3.115003454294623,0.9415495273341755,1.8393797896548079,2.25,108.38426251742115,2314.0008168953223,5033.913426517658,31.836807032257127,88.98595734389289,1548.4624151625408,4.641612174142214
2018-10-26,2.7876980483591822,2.7661314416309155,3.0781052674280707,0.9223244714337224,1.843806970197193,2.25,108.23233201269201,2329.0814022389245,5049.918618501919,30.444044606132,89.40724967760016,1547.5391737995712,4.565226434478721
2018-10-29,2.7825524441564777,2.746454403865525,3.0770886756189904,0.9022601890404833,1.8441942148250416,2.25,108.60533588547666,2358.979633584518,5132.956744006799,27.99448678214731,84.09735171656195,1550.4276512558097,4.497758323667659
2018-10-30,2.8171680148671125,2.797774265293018,3.1013891518455328,0.9301061246858323,1.867668140607186,2.25,108.50941272391755,2389.8213418967525,5254.610522837052,25.244203637612678,84.24307591366781,1550.9905435138776,4.393446809097524
2018-10-31,2.7517298134939354,2.7090814628211746,3.05056316825693,0.850323876037405,1.8587575867837696,2.25,108.27442037386946,2362.7290972943456,5145.273875617299,29.08862956206656,82.78952154174509,1564.9668081520797,4.3829365914289795
2018-11-01,2.781498263514296,2.79630546264323,3.117946352175555,0.8991325328660027,1.8971729297772275,2.25,107.82990925793149,2404.6590923528724,5233.367517978767,26.2277862874522,83.5255913968168,1561.1015329542936,4.296154720871241
2018-11-02,2.8313715847715066,2.832423368748177,3.1554269098624297,0.9317471368275787,1.900676231920598,2.25,107.58939123533071,2400.9012971576344,5249.473768748164,23.925481969343306,84.22983302949689,1557.7038685659472,4.302101957507104
2018-11-05,2.8004570291838182,2.7953723863359947,3.1388157442836055,0.8818364887737393,1.9135358975622552,2.25,107.4406772697401,2404.058421524288,5253.342130012348,21.30111581675589,85.31196709540559,1580.1886271741926,4.333053697434789
2018-11-06,2.8495221570337876,2.851016403502004,3.2023009252694505,0.9259325538206297,1.9250838496813742,2.25,107.63409488789478,2431.795542472082,5321.937484736514,21.399824308787924,84.40921201458627,1563.1567286746736,4.35309355999474
2018-11-07,2.8240778514481972,2.8395611685705116,3.198932041544202,0.8905149864654667,1.9490461821050449,2.25,107.63795800297392,2427.173368991121,5327.525893480127,21.102933984541263,84.38932847637285,1567.3106186214009,4.397899340270711
2018-11-08,2.8338650774917338,2.819909709593861,3.1590616313579454,0.9166968518392303,1.9032128577546306,2.25,107.93152882784831,2405.440646433545,5297.520147711059,23.92529349430694,82.49400724186812,1564.0446292138624,4.526504410508293
2018-11-09,2.8088882916757556,2.8211190165792095,3.1865493061172625,0.8778281995265214,1.943290817052688,2.25,107.55910668097364,2433.227501756434,5358.232105316171,20.00931527081096,83.26154711033413,1575.2641953049724,4.439180481641792
2018-11-12,2.862714802459287,2.9340118245219604,3.284485338868353,0.9651840789112746,1.968827745610686,2.25,107.9948172294346,2438.1826502939102,5391.833410586704,20.41001212465124,81.27334211520451,1573.632192801409,4.461946158178471
2018-11-13,2.854213625129468,2.9237099960001416,3.2966955293941083,0.9525797665486813,1.9711302294514603,2.25,108.08863150314433,2437.1072286474987,5390.232807865601,20.512634204471766,81.44684664862625,1573.2352422095144,4.486672920969306
2018-11-14,2.888621958917972,2.9675224577793,3.3152515827899665,0.9982825022918231,1.9692399554874769,2.25,108.44834824950085,2425.992619749353,5333.296897049572,22.204385403063316,81.82711185424299,1561.2931850877083,4.521260950728355
2018-11-15,2.8430834668248663,2.9309611088782095,3.2914773397923547,0.9468047437307696,1.9841563651474399,2.25,107.99572648857082,2442.829410158316,5378.3112333757745,21.516663963407847,83.01587398030023,1569.6877997133606,4.445566330162993
2018-11-16,2.8433948845416595,2.9441173370874956,3.3225151704602762,0.9450691937582327,1.9990481433292628,2.25,107.77812285046531,2433.4878325844115,5369.189494394009,22.28593111184532,81.73012750299989,1579.3693549097989,4.477749129323181
2018-11-19,2.885078141721527,2.999957164659095,3.3657072633523653,0.9696747539661486,2.0302824106929465,2.25,107.84509878421954,2430.8782664318387,5369.667574930134,22.400348529832826,80.95062104785562,1576.6401895864465,4.454401505464455
2018-11-20,2.903069584470309,3.0793924312358776,3.451599041275563,1.0116020614256789,2.0677903698101985,2.25,107.74809481917231,2431.2362615308484,5399.366128495399,22.207868924319516,81.20503449590653,1582.6081631876202,4.461285265210991
2018-11-21,2.916999440299365,3.072327477962274,3.4453564301344604,1.0071455888910241,2.0651818890712494,2.25,108.13186081486579,2416.1691339262093,5383.903112222136,23.115314304682588,82.50226459992075,1595.3081377998788,4.464676135196765
2018-11-23,2.9160164220362037,3.0800920958933404,3.455018622783226,1.0071062408222184,2.072985855071122,2.25,108.43958468319953,2409.829548450333,5339.689627061588,24.92768688884229,81.36956250144095,1585.0326232892448,4.495997426713532
2018-11-26,2.943963314715604,3.1031374021413205,3.4664038812865394,1.074988186159132,2.0281492159821886,2.25,108.65238082910908,2381.4223375621223,5272.840402916525,24.85067853427031,78.47975777137444,1570.2385739862468,4.5198963180381515
2018-11-27,2.939781702635265,3.1164152403491494,3.476009970692085,1.1200181124875794,1.9963971278615702,2.25,108.86114383901653,2359.23421218638,5225.297870926047,25.278921716277868,78.13289960491105,1573.7402298651832,4.53899382065629
2018-11-28,2.9643051695528007,3.160684636175072,3.5131198092076064,1.1683818035842135,1.9923028325908585,2.25,109.12666653282666,2346.645647627175,5183.880411172242,27.91629184670421,77.38789039812646,1564.5496884411352,4.5196479290113425
2018-11-29,2.9241762827824953,3.136554243350046,3.4887925814717424,1.1387402161791842,1.9978140271708618,2.25,109.26856877878582,2335.447463015651,5173.495804488802,29.49974955297088,78.66778270573434,1570.3514348167128,4.5819520295723795
2018-11-30,2.9457325299335593,3.1725138161561506,3.512591413977565,1.1463413777278197,2.026172438428331,2.25,109.86773361508563,2343.3824266648867,5199.675697635603,30.100525934713758,79.02316285444255,1560.6450998251717,4.604163131007183
2018-12-03,2.968080988235458,3.180166101965704,3.5276747706059544,1.1619667185138705,2.018199383451834,2.25,110.00225536698545,2351.127612554394,5200.254955285515,30.341838064581946,77.47184393020402,1542.753125438259,4.6737618026555765
2018-12-04,2.9761795704332483,3.2695197688262305,3.626939775074333,1.2211498990295144,2.048369869796716,2.25,110.1025521606047,2375.3363964625323,5287.308319979567,28.18169209520012,78.40371994626918,1529.151741744053,4.634045486478251
2018-12-06,2.92302560329636,3.20292282456811,3.5774961279475392,1.1737717024598837,2.0291511221082263,2.25,109.90278487157626,2343.8479917464856,5197.619451464067,28.79069765152901,75.06297314615634,1561.603625089783,4.700948962004435
2018-12-07,2.9555579125483846,3.232377350044303,3.5907438260246267,1.2120177281830924,2.0203596218612105,2.25,109.71548632952454,2344.117125599667,5213.4478904518155,27.584475578083527,76.39449512656842,1561.8840368894798,4.753931817631565
2018-12-10,3.009741574227554,3.2605601386747467,3.6291114049763924,1.2368778787332784,2.0236822599414683,2.25,110.05618388339138,2292.3896971171653,5057.665507836439,31.591465637303997,73.67992823836596,1569.0467187386234,4.854058360342746
2018-12-11,3.002777479080501,3.246745156938694,3.60983800046154,1.2173528972978673,2.0293922596408267,2.25,110.00573071312282,2275.092665529429,5001.038337800426,34.359688784557314,74.8072748844994,1581.7487501888402,4.850159169633106
2018-12-12,2.9697297945025483,3.2593532966016223,3.6599022862771644,1.1963752359043052,2.062978060697317,2.25,110.1652517208762,2221.12919369673,4854.52526873571,37.25447340693163,72.95849708286214,1610.352394017198,4.978920087307119
2018-12-13,2.972253671824337,3.22973680306119,3.5959340323096316,1.213062759167929,2.0166740438932607,2.25,110.19661551077998,2230.848976822911,4886.515467065886,36.819319884388335,69.40881673698904,1621.09054056423,5.011372919406633
2018-12-14,2.9634651712318294,3.1792697122638147,3.539985532797149,1.2094297281772155,1.9698399840865992,2.25,110.53038389302827,2224.9873604087024,4889.693706792937,37.29673877317911,67.338750035955,1618.454745898473,5.047665907318367
2018-12-17,2.9651990367435967,3.198633668812915,3.5440915244897147,1.1992519658840277,1.9993817029288872,2.25,110.28875570366137,2257.9903339338102,4993.286098652709,35.0431308850734,66.03853162798154,1609.0139149130673,5.052306945872442
2018-12-18,2.945071094959057,3.1795174525914316,3.5204419284437503,1.186175790564775,1.9933416620266564,2.25,110.26790272199615,2254.034930523397,4993.876234677786,33.146814559407936,66.33944825596171,1616.3040027927696,5.1062111208228735
2018-12-19,2.9176581181429047,3.1535357380983666,3.5209448143525064,1.1775264576111621,1.9760092804872045,2.25,110.33296044215325,2258.322196904422,4997.658974685381,31.652435275050227,64.45039696167531,1609.4278065635697,5.167327787133316
2018-12-20,2.902939690073862,3.1130510581036086,3.500331551437051,1.1266592273928886,1.9863918307107202,2.25,110.43504223985023,2229.353157299492,4961.944804560585,33.95035293909367,61.890799690367224,1605.7439825158651,5.2762393544348765
2018-12-21,2.8812409224452766,3.0484092853490417,3.4444586010485923,1.0709730789875849,1.9774362063614566,2.25,110.15735166605664,2238.517202217178,5022.736429505997,35.75305403995663,61.90714203110293,1614.8392556035028,5.24105856109547
2018-12-24,2.8278566590528715,2.911736934002988,3.3155238449573,1.036963617496264,1.874773316506724,2.5,109.58199200938374,2240.6023024269603,5030.378442373298,34.25408626671473,58.675808619656046,1626.8580762720587,5.185951822347118
2018-12-26,2.8676793160332927,2.950883888388347,3.323703809032544,1.0698555975216824,1.881028290866665,2.5,109.95668551953491,2249.1407070080327,5067.650491742522,34.983506951819685,57.3651918947368,1615.034509398811,5.153557678611947
2018-12-27,2.819732303367583,2.963523983851395,3.339230167306569,1.058695464771024,1.9048285190803709,2.5,109.87626497209882,2243.44144730531,5076.7610170505595,36.65017004990135,59.03420717634557,1628.5830354536133,5.249402342999072
2018-12-28,2.782340993956649,2.9443959114641256,3.3209431679922425,1.068019028767522,1.8763768826966034,2.5,109.76503730801224,2235.7359460810444,5060.5658130125175,39.36107211388578,57.24794554392349,1638.5276093235666,5.295482641045601
2018-12-31,2.7330729496731387,2.8789744956961956,3.2274603459146385,1.0778799421022573,1.801094553593938,2.5,110.29936129924515,2216.5085115242987,5022.557871395304,41.67901365335068,54.06661207163789,1655.2238729337955,5.381326141342948
2019-01-02,2.7540713029864223,2.9422837229195844,3.258920030570018,1.1353966507581823,1.8068870721614019,2.5,109.96134490722494,2220.539508888503,5019.700885514461,43.51562199762324,55.48834474572447,1682.2248667666681,5.337536360032404
2019-01-03,2.7480545694279463,2.8697403241982915,3.2062641204028344,1.120636931714864,1.7491033924834276,2.5,109.95614268398533,2236.9447206367763,5033.045044264065,43.18174825906296,52.996784451554,1674.5272356862185,5.345466142813846
2019-01-04,2.701549212416697,2.866760429335095,3.1856571710520822,1.0949062741826656,1.7718541551524294,2.5,109.77379735580388,2227.6595479865664,5025.245061028949,39.95155181738662,53.598716458313206,1696.042621535809,5.443146280194887
2019-01-07,2.7079040262653042,2.844190107245619,3.1662229136654334,1.0560359331270384,1.7881541741185802,2.5,109.73431427636747,2247.3875573186137,5064.215287553136,37.533091140554696,55.78325071601223,1695.943281829262,5.345732457679171
2019-01-08,2.728521873689326,2.9159170049391476,3.2484539611835306,1.077853842483794,1.8380631624553536,2.5,109.70093017574372,2245.92677532495,5057.349124771275,40.239692045324816,55.350627541623226,1699.8896884125684,5.243982141781254
2019-01-09,2.7305807522361256,2.8905030325446033,3.217265972553519,1.127685002240179,1.762818030304424,2.5,110.32078567812576,2206.9520862122204,4929.330364584527,41.2346669686658,53.77331254513365,1679.7077485319578,5.412086780683138
2019-01-10,2.6948695245857444,2.923195626616475,3.2624604984677257,1.0786716747818836,1.8445239518345913,2.5,110.25159897427234,2264.9191568124024,5070.155092779391,35.032996051065105,55.28964904104405,1683.39466329462,5.201438300325535
2019-01-11,2.6837848467007137,2.880044407361387,3.2007415680832896,1.114005000333807,1.7660394070275804,2.25,109.80682900645417,2334.23691498257,5217.209237484239,30.417107857123355,55.463615465628735,1678.8691803819381,5.002302709514733
2019-01-14,2.682360272509905,2.8535354845725514,3.169580586310077,1.1192245589743028,1.7343109255982485,2.25,110.08720097182605,2335.942432966024,5241.071518074466,31.429707623790623,52.13539100602481,1680.4590949249289,5.035778967934735
2019-01-15,2.689476909336895,2.905470850797683,3.223891153847667,1.1654402638733143,1.7400305869243688,2.25,110.92324415972665,2268.184333789204,5114.75418678539,38.673232635995916,50.89280849770556,1674.4738038056323,5.318905642977518
2019-01-16,2.6103680367041395,2.821790926138167,3.1694806665580515,1.0695694379059182,1.752221488232249,2.25,109.93237026633426,2278.5502374784014,5152.372069318267,37.44987622061648,53.11719303218034,1723.966280338231,5.36904570244276
2019-01-17,2.650939596744657,2.8354124165749623,3.200319042800339,1.1610741103464184,1.674338306228544,2.25,110.67325147828008,2264.3078622064,5125.486065851416,38.560929216594445,52.42699773732938,1689.153535746846,5.394564267045375
2019-01-18,2.6768760149208064,2.9067096570248943,3.2854816844408217,1.1863953947901231,1.720314262234771,2.25,110.15513401346075,2266.940509758803,5158.3596235252935,40.47910156047604,53.756766393213894,1704.3986576463305,5.386008196889215
2019-01-22,2.786521186290676,2.9521544956689665,3.2522499038647523,1.2969442451085118,1.6552102505604547,2.25,110.23693896508975,2261.0417540931044,5138.826445472407,39.19598253227414,54.137622713778974,1704.7642012341464,5.5327911139114345
2019-01-23,2.7871343199796117,2.918497553149775,3.2232288234920756,1.2659418407305636,1.6525557124192116,2.25,110.15563504255483,2259.4723397160715,5164.134668042725,40.92682360668085,56.756629003369305,1727.4347435482043,5.480890138369329
2019-01-24,2.743395768693258,2.8737076385969686,3.1660531724919885,1.220074656614147,1.6536329819828217,2.25,110.1799529112519,2289.3072919445485,5254.3672206145275,39.047761860118435,58.420482194772546,1734.144527645664,5.517291926640662
2019-01-25,2.6985753943892923,2.872584371498842,3.1567620335539703,1.1921510122926957,1.6804333592061462,2.25,110.23590367383491,2314.156688992924,5327.534804766287,37.183715819038156,59.35028786349894,1741.0646593832703,5.361432575789415
2019-01-28,2.5923925455481323,2.803227634382292,3.1080322116925387,1.1243230925734051,1.6789045418088873,2.25,109.96352109230544,2328.927148107376,5357.427290827171,35.25265902354849,60.92953003596124,1757.7606265809977,5.296653003940965
2019-01-29,2.6080719349803654,2.876509373955999,3.204380447511692,1.1261165554761456,1.7503928184798534,2.25,109.83211202029675,2334.4716953141988,5398.199525274221,35.74491886076864,62.70316660546596,1768.706587091257,5.27294177681958
2019-01-30,2.630509893838379,2.875629546217919,3.182781306107549,1.137659720708717,1.7379698255092022,2.25,109.48180610196047,2316.864412683008,5340.008611408636,37.22567626036128,66.18057151130954,1791.8202360011385,5.313731792812239
2019-01-31,2.649812310805595,2.9447851473158835,3.277598926255963,1.1456736362731925,1.7991115110426907,2.25,108.75634573277006,2345.444746962658,5401.68208386388,33.95179258738391,66.99055465276246,1814.7108840474634,5.1883764791020575
2019-02-01,2.5447591459613896,2.8557323112616957,3.1943722077628856,1.0427881511366943,1.8129441601250014,2.25,108.55517804196465,2346.7074609730626,5422.709336543923,30.093743430519467,70.16222587942504,1819.1636272705432,5.186857149325396
2019-02-04,2.546111473284264,2.878020743583029,3.2184419230991588,1.0656539422654947,1.8123668013175345,2.25,108.73001876795051,2341.8774383490086,5407.785486058073,31.172690085612647,70.39233485526842,1813.8913316196615,5.06173253823065
2019-02-05,2.5719597708810324,2.870406533634243,3.1810722613549047,1.0364688507014208,1.8339376829328222,2.25,108.95322077067937,2341.5192472013637,5453.858917791119,30.127743719404183,72.10074565830583,1823.1012670761754,5.039683680776881
2019-02-06,2.528780917583915,2.818253205496847,3.115391487372949,0.9978742670401398,1.8203789384567073,2.25,108.93215238502496,2338.0017876132306,5449.107911474957,29.233428361813438,72.35471267283188,1824.4485277755061,5.07119108402143
2019-02-07,2.6161789001352402,2.9153036957092686,3.1592927589250324,1.0671051877068531,1.8481985080024155,2.25,109.19830107292822,2334.970434110601,5467.023839977037,28.435150711477277,73.69622879524105,1811.4671712681652,5.100810826798123
2019-02-08,2.648585094960284,2.979831405363168,3.176607773757339,1.14088049216197,1.8389509132011976,2.25,109.55663299284012,2337.666677602948,5480.725532329861,27.877473518848674,74.20282210926285,1799.469516128996,5.11496713255984
2019-02-11,2.618150520434885,3.0037165848786365,3.222932810081765,1.1148783470710577,1.8888382378075788,2.25,109.59662710435276,2358.5113619499257,5563.4937512059605,27.643699198191776,75.98145802308997,1795.5508734048158,5.0916444484513645
2019-02-12,2.616522780113025,3.0417316505255565,3.272502698206541,1.12344630864817,1.9182853418773864,2.25,109.30335917934575,2356.147333880924,5556.113963712917,25.72768699751211,77.43141047794538,1795.516142469669,5.113912947233863
2019-02-13,2.6314980924032656,3.060907665752106,3.2966197405528845,1.1521634758213595,1.908744189930747,2.25,110.01535357168595,2343.826141787569,5518.611888342085,27.13277190799779,76.95594970543425,1778.8219416655409,5.167571935930198
2019-02-14,2.647786565492149,3.1189022707788494,3.3559412304394924,1.2145857834463798,1.9043164873324698,2.25,110.30038486178059,2372.8614065553325,5597.925145978578,24.997173264416585,77.19577730223446,1758.9543601384512,5.049559863943877
2019-02-15,2.6348709870488958,3.0618529985090506,3.32213905078257,1.1600850188689356,1.901767979640115,2.25,110.13403258477011,2359.0506211339452,5565.046112435467,26.499420528751127,79.23521301044343,1767.4758299529726,5.069172168344348
2019-02-19,2.575044764658672,2.967384762316156,3.2362202289488393,1.0869526675021401,1.8804320948140159,2.25,109.93923651910036,2366.8405716937204,5623.550810758303,27.74500454012442,78.17251105651953,1772.6681388559916,5.125614112417111
2019-02-20,2.5345172283453126,2.9579122839977985,3.242389036908086,1.0585742586916573,1.8993380253061412,2.25,110.1385928264462,2344.6548079127433,5598.828330521081,29.8966857485594,77.06382855144456,1770.2368540264304,5.1982771717130225
2019-02-21,2.5728370636089943,2.9838897696636546,3.2488406685252014,1.0927313057216836,1.891158463941971,2.25,109.87977972002179,2358.5159597391103,5633.431067772114,29.285544350576274,75.2035453425465,1766.78621339647,5.207489849905851
2019-02-22,2.5180370911493717,2.9351789857532546,3.20525735012233,1.0725822878371307,1.8625966979161241,2.25,109.59270234981499,2352.251402972939,5630.267810429031,30.048156537106458,75.26228355086029,1787.4005945354247,5.199165291810978
2019-02-25,2.42212684471952,2.89172493124222,3.1839007648220274,1.0425721959145713,1.8491527353276491,2.25,109.71660534571012,2373.1833299127607,5667.159436070571,29.16712302013763,74.14387281298522,1775.0065818931712,5.09611828099291
2019-02-26,2.4508694530748305,2.851549967325937,3.1002661493271857,1.0723442443656768,1.77920572296026,2.25,109.64407918589764,2354.336658917337,5607.645434922095,30.245582485113204,71.47389221548036,1780.5680894159068,5.079935879553976
2019-02-27,2.4522298449559554,2.8514205651436586,3.1127687866511686,1.0772501714015137,1.774170393742145,2.25,109.84560563740096,2349.359222387901,5592.887726441663,30.37912658077453,69.05367218903831,1778.2787567205885,5.1205951426160325
2019-02-28,2.495627115899884,2.9190990141478546,3.169413731201665,1.1393226150010802,1.779776399146774,2.25,110.08689532170536,2297.006255778492,5472.0278359767735,33.11958493878845,70.13156423841531,1782.563508282229,5.343046383536711
2019-03-01,2.5389691808419896,2.961534910487718,3.2087815335967553,1.1384308228589326,1.8231040876287854,2.25,110.10167692170778,2323.055861527557,5576.976743891371,29.607427132375907,70.41393001842691,1774.00011248536,5.282878779027127
2019-03-04,2.536142972830133,2.958641724699305,3.196929583512826,1.1859730946169145,1.7726686300823904,2.25,110.07277947010063,2346.303032013634,5644.67903450265,25.892622484539476,67.8132092835331,1765.835731209012,5.250547368022099
2019-03-05,2.5396013187890545,2.964114685942778,3.217286884592883,1.146488265600248,1.81762642034253,2.25,110.4088713751883,2386.1376774873365,5759.558143216579,24.11405907090926,70.15546996071721,1759.3911727999714,5.096761678153023
2019-03-06,2.540533762074948,2.93544609183147,3.1870733131953406,1.1700823838772034,1.765363707954267,2.25,110.57825264371995,2369.673447552245,5724.344544312597,23.535427544460216,68.69230115941814,1757.4022778467295,5.096036824130805
2019-03-07,2.5334783080059147,2.958488085207287,3.2143851180543686,1.1804878101178378,1.7780002750894492,2.25,110.429224080845,2371.3338893721407,5687.286280094046,24.543692809096285,70.67347420813851,1773.5631480371158,5.195107595906999
2019-03-08,2.5735153423109374,2.989918336189008,3.238417569657323,1.2325044137462806,1.7574139224427274,2.25,110.98740158457787,2367.974150718335,5648.2216637011325,24.79378834230644,70.32127878118621,1750.6911516390612,5.179923611479295
2019-03-11,2.5371538301570107,2.987224915699838,3.2159567184028632,1.2599427877606066,1.7272821279392314,2.25,110.7959288179699,2389.5663825768747,5685.1906405185955,23.757877654894617,68.65778017377697,1741.282724164361,5.154401833092197
2019-03-12,2.5624501081766904,2.96785322922638,3.2002735786600662,1.2779279423463545,1.6899252868800254,2.25,111.34008551016599,2390.7724770189075,5686.362546721906,23.22304092726636,67.37575667265982,1725.306011856093,5.285031016840935
2019-03-13,2.4887739144309706,2.8923357867745496,3.141541855479317,1.2175037125293333,1.674832074245216,2.25,111.53754928046125,2392.327796231463,5704.766704601445,23.63980226675805,65.11073777951108,1724.489652318493,5.160591270303805
2019-03-14,2.466791856824761,2.877222397200109,3.140592426066411,1.1858495703170575,1.6913728268830512,2.25,111.28702919019186,2385.4429831683683,5699.541864806924,22.3673036390861,64.60872220591742,1736.3931143402494,5.211859783218034
2019-03-15,2.49166474685802,2.91833336321501,3.1437999488255186,1.2410108877030388,1.6773224755119713,2.25,111.37398200405651,2410.347162960018,5793.975113228552,21.2257326549661,65.83854162298823,1722.0969581438294,5.106721524927826
2019-03-18,2.41877847741142,2.8737439196475005,3.0993797091791193,1.183619476949182,1.6901244426983184,2.25,111.45884291261171,2416.529355174432,5794.448745600816,23.007390053075195,66.1740617294896,1737.213425934402,5.064504867623485
2019-03-19,2.4417841087728833,2.91648247508167,3.1687761225959448,1.1867333057654978,1.729749169316172,2.25,111.94784233244096,2402.975999433587,5749.585659816791,23.629795029420553,64.3287334931657,1750.375885719746,5.114677882146742
2019-03-20,2.4653210814578013,2.9849564796708163,3.2392535595107628,1.2407335714616736,1.744222908209143,2.25,112.28790191333252,2429.6843308383804,5810.038518187676,22.902572982739006,64.1140399038734,1739.0843415111763,5.091577791117118
2019-03-21,2.4433323763810533,2.9319577330862012,3.189136836081669,1.2005566869010469,1.7314010461851543,2.25,112.09373707976509,2452.23447926969,5873.467816547164,21.09862513077856,64.75450900055357,1735.6130500235506,5.033892234431128
2019-03-22,2.410095580036978,2.920144441619542,3.1863827361433112,1.1791412784627122,1.7410031631568297,2.25,112.33197625646565,2455.538174374537,5872.945927866655,19.702657436535272,64.42774064862019,1730.1026696346728,4.965684905271395
2019-03-25,2.374458802709996,2.8527823136038006,3.128451721828245,1.1292545940898036,1.723527719513997,2.25,112.69781308820325,2439.1481032215047,5816.292648844408,21.478265854296797,64.14668442915422,1739.5012214754852,4.994420029147524
2019-03-26,2.376599987292669,2.8919188015897745,3.1507350186350336,1.1857082535394168,1.7062105480503575,2.25,112.88019109449047,2425.7646925526105,5793.9792670987,23.426307353865447,64.39509253427597,1728.1110930396512,5.0119253658741165
2019-03-27,2.3514947452924653,2.8416273087687918,3.1186578827032805,1.1638117468015206,1.6778155619672714,2.25,112.64812944108412,2397.650045191543,5717.366036801306,26.107643439247486,63.68757689295576,1734.4736357517966,5.101654997988408
2019-03-28,2.34104115736409,2.8175776567816433,3.082374631934162,1.1845304480058323,1.6330472087758108,2.25,112.87820215508145,2383.32646535975,5686.134401034175,25.82263392089283,64.4176004746001,1729.0634505400192,5.15518279884108
2019-03-29,2.397946025357214,2.839983629431539,3.085168058874615,1.1958825572792855,1.6441010721522535,2.25,113.0776524123976,2396.960670687004,5712.546838439282,24.155129351867853,65.34504647042138,1709.6917157891487,5.113299607817094
2019-04-01,2.374770132153663,2.8300383760836443,3.0893906922775667,1.1782441137946806,1.6517942622889636,2.25,112.7665101238572,2381.4942165743864,5672.991458354469,25.223186189841897,66.84528868490182,1733.2241410837216,5.169606626271068
2019-04-02,2.404683375079479,2.8381501889551055,3.1068030829678124,1.1796294443033863,1.6585207446517194,2.25,113.0138481730831,2346.333181915843,5559.772505589721,28.48968336004753,65.5115534809488,1727.2523017937633,5.261363054317775
2019-04-03,2.418473250175592,2.872977993667668,3.1326466710038274,1.2152795198813136,1.6576984737863543,2.25,112.87535831733294,2324.4218415812943,5495.673533441691,27.793706641583803,63.68668712358418,1733.2427215127807,5.353943579403678
2019-04-04,2.4470692552709243,2.893656452465767,3.1732813261270367,1.2621710394512005,1.6314854130145666,2.25,113.10704152363436,2327.517844568462,5484.343326124775,28.8557580244609,62.87496349317157,1748.6748718054714,5.3832781352389105
2019-04-05,2.500783192270369,2.9393693343083225,3.205083722170864,1.310973726751501,1.6283956075568216,2.25,113.1690482989302,2345.927143621343,5518.009457623989,25.76993539001135,62.93288593587385,1734.5258037473914,5.34320682528888
2019-04-08,2.5883823873622065,3.000226034835017,3.2457006232311576,1.3793163640638784,1.6209096707711388,2.25,113.28474206193191,2357.9353884933444,5540.7211884186045,25.505219403678932,62.92895988453169,1719.2498988468424,5.370930313278211
2019-04-09,2.5722859621219123,2.9904830101404087,3.2526312341210244,1.3471036907183005,1.643379319422108,2.25,113.20920536534622,2344.8122126198045,5519.09651647108,25.345173146743818,63.45228573961957,1721.9709180289553,5.420896482660443
2019-04-10,2.602138491480586,3.0610091769164454,3.3267730235186503,1.3699350529234062,1.691074123993039,2.25,113.00805641549285,2341.8339420991574,5499.882832506033,24.70584798986134,64.37711186194413,1725.9031070977057,5.466749951537299
2019-04-11,2.6426269618631606,3.1141997428590447,3.3638374005207257,1.3973525278324204,1.7168472150266243,2.25,113.41638902021137,2336.631727052401,5493.467281425747,25.512478501670678,63.66802231926727,1740.3669981388834,5.560145261500988
2019-04-12,2.6570594235047524,3.040436979704264,3.294486039990844,1.3629364854644792,1.6775004942397849,2.25,113.65830067217246,2328.150852779437,5461.939281355007,27.631226612310595,60.46383539732838,1741.8361228056337,5.604298922442138
2019-04-15,2.586982208498336,2.9467958809233896,3.2181595813694956,1.319299209850484,1.6274966710729055,2.25,113.6135250743246,2332.9933633227297,5492.577502496372,26.479496992616475,60.95306188332116,1731.6601645470273,5.535090468344188
2019-04-16,2.581013220040421,2.897904618466334,3.1865985036237876,1.3141351966160677,1.5837694218502665,2.25,113.31271526828836,2324.6625020008514,5526.523693769943,28.035483849072364,60.77584451846935,1733.4746331906535,5.5588731247598355
2019-04-17,2.516234302936437,2.7877071778540357,3.1026706180269685,1.2778329035184308,1.509874274335605,2.25,113.2759096725168,2275.5919818960206,5376.060630658526,32.11733110616557,59.38029304980348,1749.3643722483139,5.695003483741207
2019-04-18,2.504025276985604,2.710177817293588,3.0551468833426823,1.1993479872938158,1.5108298299997724,2.25,113.09393436583672,2241.690075017931,5287.438762341366,32.36925590681126,59.438675365636044,1769.1974696853108,5.791986138431628
2019-04-22,2.5682171555844002,2.7321543147066034,3.068841815859196,1.2323821417700627,1.4997721729365407,2.25,113.70885230621901,2257.76893413377,5362.185130066183,32.01212276533774,61.454618052009316,1764.614761001561,5.7655067550450845
2019-04-23,2.6457370663981927,2.878203158237124,3.226612637664632,1.284804676150449,1.5933984820866751,2.25,113.59420081050062,2284.9608904141865,5418.102352322209,30.074668321936127,63.68407087448701,1758.7454886608202,5.652190199182813
2019-04-24,2.704168503608162,2.928195643373037,3.2497912631146164,1.3350360458044102,1.593159597568627,2.25,114.43339788853417,2286.2205880420393,5415.0077734827855,30.02481909609769,62.78840648622303,1739.4879965802074,5.652413897269801
2019-04-25,2.752768814124265,2.9796736016353966,3.2987829524383545,1.3713175247175005,1.6083560769178962,2.25,114.69001643589992,2294.8767130972024,5448.692508144775,28.515273744254085,64.09239511572007,1730.7971057417274,5.561488287522749
2019-04-26,2.764373796393265,3.026288767348853,3.3438713358493466,1.3537515973143799,1.6725371700344729,2.25,114.80729449128837,2335.351103963277,5562.066824064544,25.241143816947062,64.52038590977945,1743.0811549979844,5.474904145523675
2019-04-29,2.7997905003946295,3.0656209352084174,3.369544401354975,1.3612319790936624,1.7043889561147552,2.0,114.73047124451375,2345.7844978681096,5599.590060075256,23.161253305826072,65.72976107474989,1732.4678086468368,5.499575486810343
2019-04-30,2.872814389641209,3.140309153657264,3.4302696890997715,1.3839939630800602,1.7563151905772036,2.0,114.74086901365904,2369.792863480972,5690.908643674033,21.486909939591463,66.41473665149148,1719.6152471107828,5.516065844652788
2019-05-01,2.84193900628406,3.165967520015686,3.4522432444312954,1.3733087228004226,1.7926587972152632,2.0,114.82182160454641,2388.0902215408228,5767.026915771228,18.730422171894432,67.09792596353897,1727.470964205449,5.424015095513954
2019-05-02,2.8293290422531108,3.1896831976082805,3.507115460981758,1.3548379101805752,1.8348452874277055,2.0,115.28343451162894,2379.2165943301607,5765.277453924416,19.553823516068153,67.78591887036835,1717.8808413226527,5.481470785136365
2019-05-03,2.825456628742635,3.194559190156924,3.5262312937038067,1.3455136033463126,1.8490455868106115,2.0,114.87347059680819,2371.438897326783,5757.22180405325,20.20562841718497,67.8576039803152,1719.7625537261974,5.465385611117516
2019-05-06,2.7709710715737508,3.158756781908717,3.4879039719443865,1.2911798710177362,1.8675769108909805,2.0,114.77362854865453,2379.68370513787,5781.398870072721,20.110345216878606,68.1396883311166,1733.2263832248932,5.488598919574152
2019-05-07,2.7582441416044587,3.179191604311997,3.524091180880749,1.2995173157587514,1.8796742885532456,2.0,114.96197441463698,2403.442689802086,5847.29234268757,17.45255842220727,69.31434779742115,1736.6865850705076,5.4488748795957145
2019-05-08,2.749955538781502,3.134405970740466,3.4764882896529974,1.2754657369816593,1.8589402337588066,2.0,115.00765378718381,2402.664708206511,5844.637535621819,16.68745380915926,69.22115778574619,1740.0117570984723,5.492929283756845
2019-05-09,2.733504646970326,3.095667866884333,3.4315663121337536,1.2610626182533151,1.8346052486310178,2.0,114.84829540371206,2425.6484729756135,5915.490094428839,14.95359132393749,69.0128910520103,1739.5223149341148,5.427232133747421
2019-05-10,2.7292014857587277,3.0788352709806555,3.4169309632443174,1.2474684098206752,1.8313668611599805,2.0,114.81300161057048,2416.1621425671174,5917.292098834573,14.506896209692437,69.34188701485859,1737.7588994945547,5.387654109162769
2019-05-13,2.755956217299439,3.116894674138436,3.4568686989714914,1.2733012320063128,1.8435934421321232,2.0,114.80137297915589,2384.131206197028,5840.878357426877,17.571411480883146,68.91888757206748,1749.4056875906688,5.474316554978438
2019-05-14,2.7364038307732685,3.160526277976536,3.5075885093325754,1.272862028865445,1.887664249111091,2.0,115.05042428394702,2387.2973967151147,5854.7736440244435,19.40284952700485,70.1655627776029,1770.319486961681,5.4496679157414585
2019-05-15,2.7417486950395875,3.1490985731039585,3.5052574584278404,1.2446009430988973,1.9044976300050611,2.0,114.92920341945538,2371.8733421637157,5847.831236471758,21.421510650271735,70.71116700441311,1776.257429509548,5.4716163239462725
2019-05-16,2.7562584719592294,3.156079978624933,3.5077053628804915,1.2471123755127427,1.9089676031121905,2.0,115.08395074708011,2365.282027741404,5857.887664438492,21.93707337143579,70.66542570454601,1781.5322107703298,5.452582226531421
2019-05-17,2.802639985547227,3.1460514382211766,3.4986394523520445,1.2480511231329137,1.898000315088263,2.0,115.30930734219758,2364.558977540227,5856.549536897925,21.371127074840413,69.00932039280858,1788.2141490390125,5.487045744231253
2019-05-20,2.844195413983036,3.2282647501701707,3.571078803561906,1.313324733542665,1.9149400166275057,2.0,114.99309238430173,2380.1536753804085,5928.113024991409,21.281324604123284,67.75771919582839,1786.5091467037535,5.415885877243903
2019-05-21,2.8684094570629304,3.2796210302304543,3.6202706130951174,1.3385073651143804,1.9411136651160736,2.0,115.14270292922855,2371.3601464718504,5894.392536583642,21.91708562112992,68.35707307701317,1771.5323640700685,5.443942079633781
2019-05-22,2.869819779671447,3.347941894358863,3.6744303834947276,1.394578638122645,1.9533632562362182,2.0,115.17317055385153,2366.728363766242,5887.868107856142,23.86510517096149,67.87466510171885,1774.7908870103424,5.4360170271378
2019-05-23,2.8661370223792586,3.3325476599682853,3.6633728846137257,1.3794741937111725,1.9530734662571128,2.0,114.98066431503626,2409.7126346677182,6016.966713946881,22.227412100666964,68.29096268705678,1763.4810970105402,5.309069395750494
2019-05-24,2.8684594471211753,3.252718702288637,3.5802554274351217,1.3510574271913915,1.9016612750972453,2.0,114.79297828866433,2413.6819992918213,5998.576520529971,20.986709440910165,67.4312589873536,1764.6699748581805,5.237846640993361
2019-05-28,2.846943806672973,3.29510084927852,3.6210663839915918,1.3644281729525316,1.9306726763259883,2.0,114.91856001737223,2415.888419780107,6005.075747203676,19.752352123555593,67.14421872809235,1786.8598451523098,5.169617073927329
2019-05-29,2.88776785222499,3.395615467187935,3.715557287051091,1.4401571951904766,1.9554582719974585,2.0,115.47129240598191,2384.9468228105684,5913.381848111543,21.67225077849103,66.38449194342758,1779.9934252469623,5.236407538960887
2019-05-30,2.907777801984431,3.453398583545973,3.787001855752028,1.4477720102774336,2.005626573268539,2.0,115.5405829825112,2382.897594721806,5929.48031083682,20.473481097312387,67.28022476822872,1783.3932109888242,5.242509849307445
2019-05-31,2.8880820711429065,3.4390101925088437,3.792154559603363,1.4213144517129255,2.017695740795918,2.0,115.73765077505003,2387.3584512907496,5949.922144139289,20.13625143378696,67.59171804259994,1788.7930646083817,5.144000953601857
2019-06-03,2.8236983952870314,3.3462321708940896,3.6956521427279365,1.3788481597112963,1.9673840111827936,2.0,115.71303692942122,2379.304761159277,5916.952448549549,20.328849200435595,66.81601407164935,1794.9246047160004,5.152662105205908
2019-06-04,2.832270875592336,3.342137262704003,3.6941883759298215,1.3774656394137477,1.9646716232902555,2.0,115.74490088966307,2362.3350042341867,5868.545714041119,20.08289819241077,65.26486666723454,1796.240306466092,5.188468677632081
2019-06-05,2.7962273408132385,3.2492722574650132,3.5925300935114266,1.3191382937333103,1.9301339637317028,2.0,115.94165587020373,2388.3628327687284,5942.079852154759,19.31953497406121,63.4678442377122,1781.9347701602678,5.133653503734295
2019-06-06,2.7718473138339284,3.1955849049174003,3.51478342266651,1.3163154655611429,1.8792694393562575,2.0,115.73336284920687,2442.8532237344575,6108.50185334214,17.442580323142792,63.701566662438616,1764.2880678922515,5.02314133426403
2019-06-07,2.699405341817993,3.1426009482536834,3.4613235637477118,1.256668125747604,1.8859328225060792,2.0,115.4822133254643,2446.572857340838,6127.533214180467,17.07011553409252,63.743818485985635,1766.1015395943489,4.976935621809124
2019-06-10,2.639502663027647,3.098826101150996,3.4321483276795077,1.2181722689333874,1.8806538322176083,2.0,115.10792334304944,2476.928691080396,6211.626750524281,15.293802503603894,64.67453265953517,1777.2418753097013,4.941784949655099
2019-06-11,2.6237693946605756,3.0749825859050732,3.419271038653081,1.202036448124825,1.872946137780248,2.0,114.96031971924587,2475.200700178496,6223.013013828466,15.595766752507009,65.07992005985977,1785.3184285386603,4.944715941431667
2019-06-12,2.6079531093130166,3.088286723222616,3.433977264670928,1.21509073017246,1.8731959930501558,2.0,115.26136267783316,2457.353453459144,6185.660019336961,16.677557901626933,64.26253483187713,1789.1081865017077,4.960758696169153
2019-06-13,2.596902971320345,3.0537386009550147,3.4093360286622074,1.185506375794708,1.868232225160307,2.0,115.6790075849285,2476.269924363704,6243.306087712394,17.451916578390982,64.42391003887754,1788.5204264213764,4.920030919676896
2019-06-14,2.597802907445008,3.060123915684461,3.4143914517344296,1.1845573484294287,1.8755665672550323,2.0,115.42724650570742,2474.5046838543267,6226.789508020207,17.91564131214207,65.52163254573013,1803.1259572922675,4.891900210519251
2019-06-17,2.6165781043251357,3.060697857344694,3.410467356984283,1.2096920056917086,1.8510058516529857,2.0,115.41744142795078,2448.778763912363,6162.069155601377,19.479218116854774,64.93880729151577,1807.5958275750108,4.9653710294312905
2019-06-18,2.617861239893554,3.054153196047502,3.4010610404173165,1.226001646476204,1.8281515495712979,2.0,115.26367661165798,2471.5102017159766,6202.401318728629,19.673453804326314,65.01350138341724,1817.541939940977,4.891644604670141
2019-06-19,2.5994491443167993,3.102120580786231,3.4542830280429464,1.2376959868565702,1.8644245939296606,2.0,115.3759186407181,2463.8664000277918,6208.362746455907,19.67088522080019,65.35137071852816,1811.7347174701383,4.8795113503193015
2019-06-20,2.689763845274114,3.173606096204022,3.4899378948092172,1.3396446286767691,1.8339614675272529,2.0,115.86274652588565,2453.352516975021,6187.584522962474,20.22623257887695,63.434364789305754,1796.3905414328608,4.975923471611778
2019-06-21,2.687432902273178,3.151842287694502,3.4816217385503228,1.3053170124766043,1.8465252752178976,2.0,116.275338262604,2434.6921704340316,6106.128282348403,21.223861523973625,62.810347856550734,1781.5230333062584,4.992869514899053
2019-06-24,2.610942964379784,3.056728876328636,3.390530165971499,1.2423995744782343,1.8143293018504014,2.0,116.37120205130408,2448.4617020016362,6150.234740162374,21.184717308895628,62.87625963502828,1782.750013617392,4.980388289808123
2019-06-25,2.6051570914698097,3.1424397878881996,3.451936882855703,1.2898799812287778,1.8525598066594218,2.0,116.07029293441565,2473.231831419112,6248.195907797615,19.29194142496377,62.23393638218166,1783.1732687325793,4.9545251939381245
2019-06-26,2.606009825652978,3.168444943864033,3.4766219930922335,1.3175610810074136,1.8508838628566195,2.0,116.52689897862297,2489.6049996430042,6326.125548466373,18.71127752115604,62.3729492273467,1752.7555529723406,4.928476201764662
2019-06-27,2.583099139896507,3.175740712808024,3.49780702858753,1.295051141291927,1.880689571516097,2.0,116.12974572742195,2522.863998086216,6381.297492782688,15.997336493104127,64.47574811166513,1756.7216439905267,4.853919388939217
2019-06-28,2.5917862811256014,3.208198814998449,3.5269091867602134,1.3036635997906991,1.90453521520775,2.0,116.05091141255552,2520.5853486030255,6395.619629269417,16.32484043132022,64.78217282184525,1762.1775545244775,4.853519723964109
2019-07-01,2.58459842024827,3.1797922610359874,3.501885345356925,1.2873937257535775,1.8923985352824098,2.0,115.98505764910756,2508.657631076961,6387.476623425814,16.57192821216898,65.31581732176048,1766.8653850548496,4.87154975949757
2019-07-02,2.5877212063876356,3.1592894961119184,3.4507858086468532,1.2982447680349303,1.8610447280769882,2.0,116.07329358076886,2511.5256508199977,6375.060946082873,16.658610595600944,65.2833852278735,1754.42881540004,4.863085209582432
2019-07-03,2.5380074617968846,3.0999146788755256,3.402846695747035,1.239122181447519,1.8607924974280066,2.0,116.03519483253615,2495.6023335776194,6325.844827768016,17.76608441995488,65.04814570070783,1774.764375553219,4.906460721090229
2019-07-05,2.5278334814381287,3.0686444118811407,3.3756482573251887,1.231331413021456,1.8373129988596848,2.0,116.52521405588266,2491.3618901255227,6313.311936000178,17.367011496151715,64.94866467132007,1767.0172305608432,4.986622356980974
2019-07-08,2.514889756333036,3.007031521345893,3.2940288129468165,1.2254648372126935,1.7815666841331999,2.0,116.19396244140432,2482.4237673959547,6280.966170483237,17.924127496072998,62.790137881020456,1763.6493146396076,4.98529463138361
2019-07-09,2.516305024026435,2.9941465156804465,3.305137258472189,1.1987381685892555,1.795408347091191,2.0,116.55821408682073,2455.306268274051,6199.745293993967,19.134622848745035,60.726373690150105,1777.164229252128,5.06888066369287
2019-07-10,2.494000817449405,2.9569802072646247,3.269788320002493,1.1843728273597702,1.7726073799048545,2.0,116.84275321843815,2450.4569892481018,6187.240117869309,20.601781220047272,59.754766978283705,1774.6502611358785,5.091513671190966
2019-07-11,2.487647977044587,2.9409603659406183,3.2666103301083362,1.1692411372392284,1.7717192287013899,2.0,116.88808293525499,2432.817103235095,6126.59218442191,21.621549354898118,59.83283800092412,1784.317790257753,5.102190781089247
2019-07-12,2.4478231553290644,2.883052988247633,3.2364389000598273,1.095480030215295,1.7875729580323378,2.0,116.65850599898499,2416.2765905074693,6058.717995404692,21.911472834983826,57.952777565956104,1810.4367762057989,5.100042637487911
2019-07-15,2.4671089045561043,2.935973681696304,3.2771239796545135,1.1089442578784399,1.8270294238178642,2.0,117.08741126202497,2442.2328916626143,6118.966276953,20.277971541076397,59.536031375823974,1810.907015882894,4.959220633461671
2019-07-16,2.4656906715673594,2.9313432330024067,3.284124624863059,1.0993435478767462,1.8319996851256604,2.0,116.76503456102797,2457.8520198501074,6190.743440561473,20.052326345465165,58.98255850286152,1825.9634096153836,4.889480913900889
2019-07-17,2.4250978678125867,2.8783520569861163,3.2651710461765333,1.0171811209345984,1.8611709360515178,2.0,116.43957954400399,2458.9741386967785,6193.464198723094,17.907592731644463,58.397032874928954,1834.2057617324858,4.778379521386386
2019-07-18,2.4459065372475983,2.8720776246278668,3.241426826268627,1.0129902720668915,1.8590873525609755,2.0,116.72215822545364,2489.41443576478,6253.276365099506,16.089701902351567,59.08327007130761,1841.3275042586884,4.689895477146643
2019-07-19,2.410374916741053,2.877367505790687,3.2691455812559975,0.9964878682931135,1.8808796374975738,2.0,116.41405846758212,2498.3906882088972,6280.516355535696,15.775577579714742,59.10732432767443,1854.8687189551845,4.6452708904135225
2019-07-22,2.38602271880881,2.8342696063362625,3.2122711746713875,0.9933791603959086,1.840890445940354,2.0,116.65642849352172,2513.185140868255,6318.528355189849,15.505984099016061,59.0015304881466,1857.5340968925711,4.622315616656958
2019-07-23,2.4550754062195894,2.9079121693949315,3.2701604185901636,1.0610102018621994,1.846901967532732,2.0,117.18825882879563,2516.651367166584,6314.303917052567,14.905710657994808,57.72776670836327,1837.553085018823,4.571121956870188
2019-07-24,2.448845712676047,2.8879431347674465,3.2642676690437,1.0403852632970485,1.847557871470398,2.0,117.0098161912975,2503.5292762769477,6280.936235469971,15.986972283120648,56.79039629525174,1837.613414624778,4.649047009937684
2019-07-25,2.3788930387748937,2.823160273314964,3.2007008625256126,0.9899195642839957,1.8332407090309684,2.0,116.68625437533768,2499.4746601135435,6263.675768200845,15.778410488378737,57.182579811270394,1854.8893214818672,4.651828684231897
2019-07-26,2.3434994487921705,2.7501891475011653,3.1249745634926334,0.9467541087168142,1.803435038784351,2.0,116.87167263211467,2511.5984544407006,6313.414562934179,15.18549686641096,57.32357599363951,1848.0556062652138,4.617813359677979
2019-07-29,2.3361927943325633,2.7420565274418545,3.10973029120767,0.9562510007963425,1.7858055266455117,2.0,116.98757058053181,2494.129889813742,6248.257553277396,16.56276845473666,57.21382811045801,1851.0559447899063,4.627356857356546
2019-07-30,2.348445834230973,2.7558240946054378,3.1298118067123895,0.9969271573830927,1.7588969372223449,2.0,117.25354234154268,2469.761410658973,6177.84936236659,17.984462362503933,55.52786613432122,1856.7572992246505,4.627107231996161
2019-07-31,2.3091348920284616,2.7186907466879924,3.100385492016332,0.978942979130494,1.7397477675574984,2.0,117.28501720613221,2474.4968615413486,6193.831554647665,17.45562450504009,54.51426290774406,1862.5583002996032,4.60656620115765
2019-08-01,2.3557005556987365,2.7811812249306866,3.143356081561801,1.0221057782763006,1.7590754466543863,2.0,117.15136668579193,2499.8825791995646,6257.372506716648,15.72915789765775,54.16061069646374,1862.5788317252268,4.555868803511881
2019-08-02,2.3482386005463236,2.7915803483259243,3.165304980726622,1.0170548693986676,1.7745254789272569,2.0,117.14755741414653,2503.632415352699,6294.076260723038,17.289559441125537,54.96578896984437,1856.2264328337671,4.535310173518232
2019-08-05,2.3108441050390627,2.798637411250491,3.167616550970573,1.0226791335195298,1.7759582777309608,2.0,116.86827120915154,2525.617392479933,6370.023085922853,15.438962571063097,55.866770394649436,1854.3619591583556,4.42155554029511
2019-08-06,2.3187759430264836,2.8311147039394333,3.214708976983994,1.0087970569637383,1.8223176469756952,2.0,116.42424581962958,2546.713116827355,6433.313112797682,14.287987273219334,55.89402805021138,1861.4906294561324,4.337742925733702
2019-08-07,2.338134918204911,2.818746263984205,3.2066501089454724,1.0151200256600676,1.8036262383241373,2.0,116.32101020144701,2542.839073737215,6403.48224769369,14.522531023951794,56.94879982224798,1860.685015531809,4.360025571944809
2019-08-08,2.3694106203720846,2.851979180237421,3.2177211722050787,1.050620077844251,1.80135910239317,2.0,116.43060108448215,2554.54006711521,6456.7963550860995,14.677243428897688,57.04773897512725,1851.9191448652666,4.301049207841162
2019-08-09,2.325081444420056,2.7758079386190913,3.147709398475737,1.026109165600585,1.749698773018506,2.0,116.56828145070732,2525.4419740187845,6390.60336320175,16.49510580952153,54.98869572733405,1872.0202293763246,4.344764404647589
2019-08-12,2.3272957307242605,2.742165175227976,3.094103450272564,1.0125984129363599,1.7295667622916164,2.0,116.93871629142494,2542.018198159432,6417.979258658269,16.303782195794795,55.20568927965181,1855.964434649921,4.24539470961262
2019-08-13,2.3492358282245163,2.8038561339957884,3.1662700942948074,1.0034057084391867,1.8004504255566014,2.0,117.50436358978833,2576.7045525444696,6546.652358437602,14.974184141194387,53.991035616172084,1838.954754701834,4.154676510544967
2019-08-14,2.353918206577369,2.8002970883013463,3.162913613998512,0.9820908553472225,1.8182062329541235,1.75,117.80770302372532,2562.5536741037768,6479.705543246068,16.05015313917322,54.64753085395098,1866.5964628271452,4.213157545780237
2019-08-15,2.362155484727445,2.801365587661631,3.178118455377345,0.9950087413412683,1.806356846320363,1.75,118.42290475483273,2578.150267215139,6530.025021542584,14.845827821929662,52.663020665491175,1842.104223945488,4.185593418029049
2019-08-16,2.396295356145245,2.8428119219757444,3.2138999012359086,1.0148169174295496,1.8279950045461948,1.75,118.1077442892162,2597.42769402308,6561.872304949521,14.055254531774805,54.30935116133755,1839.6483671916262,4.1570419036334005
2019-08-19,2.3751998108168886,2.851945729521973,3.2361981083792317,1.0010391387136988,1.850906590808274,1.75,118.10820817499601,2612.8053917943407,6617.600662445255,13.286314668935923,54.30497998407389,1849.5992842704302,4.071826830201063
2019-08-20,2.4020745417487026,2.829572346692535,3.205638875543019,1.0162141427269606,1.813358203965574,1.75,118.64836288940167,2594.689417459704,6538.032219535351,14.079156452288817,53.353936354104476,1838.253610831187,4.139339465337567
2019-08-21,2.414877504736448,2.867005752653056,3.23991207170753,1.0374663967615971,1.829539355891459,1.75,118.41137958583803,2614.653809376587,6596.551020710605,13.026309122942443,53.71209904681707,1840.5722568694132,4.042465648726118
2019-08-22,2.3871444258461705,2.8457937053758586,3.2066822207108148,0.9994049849434065,1.8463887204324523,1.75,118.45403507849575,2624.421738594524,6666.386814543174,12.847739176887805,55.28426082282225,1847.1755054092293,3.9612483500937015
2019-08-23,2.3579583778659274,2.8152651736324583,3.1602560923362915,0.9812989678155176,1.8339662058169408,1.75,118.8267067249281,2614.0004024088403,6629.86613971075,14.361434452555985,55.62134303312595,1840.935841787642,3.9700938039462907
2019-08-26,2.3060737665812354,2.724068061852449,3.0588615391014984,0.9365176382444026,1.7875504236080462,1.75,118.7351642132706,2583.038318290593,6553.853291713442,16.361822062328883,54.43025422257079,1866.8048543722166,4.0201422722844935
2019-08-27,2.283776375623434,2.768250385760925,3.125616300397933,0.9314779029992092,1.8367724827617158,1.75,118.97382052914773,2563.7490762967827,6474.6675967993915,15.480384610591834,54.507530687954315,1856.6953492911791,4.039375786135673
2019-08-28,2.3062158717109944,2.7793236108596906,3.1527576110943096,0.9443652647953207,1.8349583460643697,1.75,118.92143381755473,2574.9123045480133,6480.627639653405,14.884175628544934,54.803515071829835,1869.2450491741608,4.0463036629205416
2019-08-29,2.318787059427702,2.767662385425223,3.1354593303941143,0.9105781297135092,1.857084255711714,1.75,118.97221061307789,2552.8744172020697,6394.736319456149,15.426941582327169,53.704286909001645,1872.9833456511058,4.098725782794347
2019-08-30,2.289966323165036,2.7470984937200518,3.10997596728643,0.8960301327418043,1.8510683609782472,1.75,118.70551932969498,2559.980520624366,6418.481646364071,14.160165753006286,54.17568594730113,1869.9550659735567,4.098981705399797
2019-09-03,2.303977779177602,2.7622055753418437,3.1157325478899534,0.9302256901960156,1.8319798851458282,1.75,118.2810478097371,2590.4008266926116,6531.051556643637,13.264100724297538,55.68454373289716,1866.3407030724275,4.029712693942695
2019-09-04,2.3156804187935123,2.7788561560433678,3.110907121052263,0.9662372531857606,1.8126189028576074,1.75,118.47530311389427,2602.7289082302605,6563.91095362644,12.780007114151573,55.267902974229166,1851.8587425157998,4.002591590826304
2019-09-05,2.2765070223099935,2.743342344001191,3.069289989314428,0.9426992534705746,1.8006430905306163,1.75,117.8970413901513,2599.3731110309586,6539.18256880935,13.086585065205803,54.57499360965872,1863.9753317431105,3.9923129895322194
2019-09-06,2.184547318059219,2.692098105934493,3.0388677135199282,0.8665767223531127,1.8255213835813802,1.75,117.2260625306542,2624.1121953568695,6604.481138065329,11.594304662905712,55.33159924339648,1881.9223103888385,3.9346811017186347
2019-09-09,2.1983775164855275,2.711170745959569,3.0594057317111902,0.8912855902818745,1.8198851556776945,1.75,117.21713393500788,2633.0342407772955,6652.603143326837,11.94648127674515,55.74031934555915,1879.9485629489368,3.9033879106320195
2019-09-10,2.2012106757048153,2.696388399805663,3.0594270973139155,0.9065619799361773,1.7898264198694858,1.75,117.25905932136801,2587.576510819944,6519.446043985886,14.406838205626244,55.426133372347344,1887.0612857935726,4.065009384324224
2019-09-11,2.1909450190449675,2.687191652565253,3.043708946972899,0.8900928515346622,1.7970988010305904,1.75,117.47802600334953,2584.6363119047282,6530.561398093192,13.480810663177452,56.667063568105085,1895.5399782597874,4.052433810037723
2019-09-12,2.208482353697595,2.729386021879358,3.0610567107467377,0.9227439637615845,1.8066420581177736,1.75,117.22385866728833,2603.5139841751006,6626.65458008017,12.751267256521773,57.9379582226663,1889.422905096133,4.039145749071511
2019-09-13,2.2061095354293365,2.705375314302069,3.0411264947020165,0.9273619681330244,1.7780133461690444,1.75,117.44706745381168,2605.2626483643867,6639.331474889527,12.567262508557928,57.71294448354286,1911.3522605820544,4.019875173689272
2019-09-16,2.2398561765754823,2.74834035890255,3.0674426885650576,0.9692772156009414,1.7790631433016086,1.75,116.95465002115404,2639.4174150456283,6750.28722645542,12.63508309094628,58.848286499672376,1907.6014079878266,3.9793359646211117
2019-09-17,2.184738308635645,2.6617550138492208,2.9780396818702215,0.9164014209531245,1.7453535928960964,1.75,116.47919888984467,2613.80562055671,6704.258557906211,14.815375038001662,58.44223342517424,1949.9086215710759,4.007996835835256
2019-09-18,2.1752826254350235,2.6801566906122143,3.003057904100139,0.9221030552361148,1.7580536353760994,1.75,116.75211337227407,2603.6690471176107,6704.012488369776,14.026069681283852,58.66124514644438,1967.1335250217626,4.062211509068652
2019-09-19,2.125683519907266,2.582307278294336,2.9227367231051886,0.8514673994961495,1.7308398787981867,1.75,115.97615118970505,2623.955084613948,6733.839080262641,12.002646270891994,59.7124501975237,1987.3082649797757,3.946985278174735
2019-09-20,2.167131187207321,2.618043191980893,2.9483841136796545,0.8667861400362534,1.7512570519446398,1.75,116.04578068768916,2643.0577040866765,6772.705984494348,11.292044998515408,60.06391443770488,1995.231857238671,3.9343487890261843
2019-09-23,2.178158212515706,2.64693453748393,2.9904044001744037,0.8558029882007716,1.7911315492831583,1.75,116.05724115699549,2608.171958295279,6692.1432126416385,12.441626475574997,60.625080311211825,2025.8512835893316,4.009647932850472
2019-09-24,2.206287269222853,2.7047736935421214,3.0580217865560693,0.8932510467783478,1.8115226467637737,1.75,115.4705657485509,2612.1202329579983,6708.493253872278,12.785698569319857,61.30939965507812,2016.8568047752572,4.0342343747677205
2019-09-25,2.1749748547464027,2.695057697409085,3.0531642734379254,0.8643910890500257,1.8306666083590593,1.75,115.46475154263742,2597.2147459508165,6663.071309108493,14.19998162250305,61.91915045996989,2015.564634464037,4.04856786070117
2019-09-26,2.2051508813305474,2.7461211313762943,3.094091120317417,0.8768864207173114,1.8692347106589828,1.75,115.39253732964399,2623.4666416853975,6758.116312442986,13.110021633563614,63.264075246803856,2008.516338407097,3.987167659326717
2019-09-27,2.1824804725851483,2.708131722696608,3.0797884836168117,0.8556144268845571,1.852517295812051,1.75,115.20490597304229,2625.170200652573,6742.407838638619,11.83380764111962,62.38241007957913,2015.8895575432198,3.9866426575679634
2019-09-30,2.1527610206252143,2.6733186844294785,3.0618641840883685,0.8161289879587532,1.8571896964707255,1.75,115.05850501606251,2632.628801801551,6800.450153978181,11.230680275368167,62.05694678610151,2035.3568049159658,3.997965012445786
2019-10-01,2.13344188158526,2.6403862742953144,3.0411322311278925,0.7613203655037772,1.8790659087915371,1.75,114.90891053864247,2617.0420121102447,6758.573663634284,12.263771486655223,62.314226092833074,2048.497146160753,4.006587601220908
2019-10-02,2.0869691979687337,2.59632239832166,3.0144740073555565,0.6947095822207725,1.9016128161008874,1.75,114.3779173935799,2601.038731236499,6721.994127600894,12.881684550459594,61.77811444848005,2075.1215426665667,4.145123664263458
2019-10-03,2.077589416545127,2.5972035331843495,3.0314921743567873,0.6561785704005509,1.9410249627837983,1.75,114.48636989066797,2576.254819104655,6625.65595653462,15.155862842373026,63.13904370222927,2098.515552654395,4.149708810430483
2019-10-04,1.9960029109861532,2.49573343754757,2.940120422127818,0.5742664727899807,1.9214669647575897,1.75,113.84314024296084,2567.948923431797,6584.378291585281,14.5621799414411,63.78780739071625,2129.391963386884,4.1238130998957585
2019-10-07,1.9332187859112613,2.457870661718948,2.929705604024087,0.5070004486907413,1.9508702130282065,1.75,113.71276490951014,2590.3573431586747,6636.427760393401,13.476571905135307,65.95856780674134,2136.991104278263,4.090942766567588
2019-10-08,1.9090620310209625,2.461166063247145,2.933735983465719,0.4932050645135873,1.9679609987335576,1.75,113.18111431136249,2618.091522290298,6729.8011724690805,12.962422417840456,67.24597727039655,2122.46698742455,4.008285100933639
2019-10-09,1.8471231882671215,2.3943582229482185,2.8805561979533714,0.46325706296677754,1.931101159981441,1.75,113.16952351297724,2622.2820962106434,6759.741621261983,12.133025144319532,65.57375356657056,2127.8290466905564,3.975558103214592
2019-10-10,1.8560987668161766,2.3852799859163034,2.8572048856364605,0.47345117792418756,1.9118288079921157,1.75,113.25114592710861,2623.6476354842976,6795.28589974397,13.165510875888957,64.60880330787917,2113.3172420588885,3.9476220955306913
2019-10-11,1.8757937021813682,2.356474558632232,2.8324562662885358,0.4546287590451409,1.9018457995870912,1.75,113.17739802394397,2604.0923309648583,6750.8051705510925,14.669444749741396,63.22597158305954,2128.056526398383,4.005447374772821
2019-10-14,1.8810872730740584,2.337214043015379,2.818971248315684,0.45842769582419357,1.8787863471911856,1.75,113.45925897055743,2619.5688912929745,6804.646830350325,14.269345559618678,62.173806922824014,2121.6177883348437,4.02121443598776
2019-10-15,1.819699635521568,2.2939960455540223,2.781724904050154,0.38131962762155003,1.9126764179324722,1.75,112.97999049252832,2629.4159982461383,6842.405642796284,13.689684600110018,64.21730859810287,2144.127594020074,4.023970432669836
2019-10-16,1.7833994054849527,2.3209760534990913,2.8133552837849205,0.3830003209406918,1.9379757325583997,1.75,113.23146248913136,2629.283150472193,6860.144847913835,14.271052267536337,66.22363605515321,2147.560687508213,3.9977268762368974
2019-10-17,1.7801008128159643,2.380238285772417,2.8692790861907875,0.4160944297755724,1.9641438559968447,1.75,113.53427195847675,2640.1270328991163,6930.45362199433,14.383224328492249,68.3851505793541,2147.3336437613293,3.9919820934946113
2019-10-18,1.8164637008778035,2.396933315483052,2.880693134843947,0.41249615021834385,1.984437165264708,1.75,113.97219386629678,2645.6784344272583,6933.15249566665,14.830742992662485,67.73273357993043,2105.2220122029757,3.9751835955358086
2019-10-21,1.8292302380024117,2.469390792020655,2.923305544360345,0.44741386476458467,2.02197692725607,1.75,113.68414835226103,2636.34074215093,6876.517468465749,15.42412347333603,74.21232322912,2104.974208472297,4.040833473064847
2019-10-22,1.8210715670134427,2.518915383128385,2.9975910554145035,0.43960743145562775,2.079307951672757,1.75,113.59080918592346,2648.0671672943995,6892.973465544222,15.949023502786929,78.24813532251277,2103.481833235676,3.964523408331921
2019-10-23,1.7950974773907955,2.5426189599805955,3.0120220762864074,0.45903004379534185,2.0835889161852537,1.75,113.89341536085502,2662.6086616392636,6908.0014344050705,15.295365607374254,79.9259327330708,2090.4720516460475,3.958284803109705
2019-10-24,1.8047696147405454,2.5821427628185463,3.040120868877117,0.462398503793562,2.1197442590249844,1.75,113.53217918997387,2701.026186799458,7062.803706469881,15.299506553537524,81.79283456049848,2074.277124096314,4.0317553328936
2019-10-25,1.8534094743753224,2.634752807068524,3.0578340552685597,0.46413067484926385,2.1706221322192603,1.75,113.32154812105013,2713.726266585451,7074.1276622187415,15.782846599310165,81.88403050957473,2082.5920037836186,4.073185277726145
2019-10-28,1.79365229651028,2.611411826836471,3.0378894307748405,0.4360801633083792,2.175331663528092,1.75,112.8372273847139,2689.8401168891514,7043.6248210588465,15.685514557973455,84.28271641870964,2100.5047322379437,4.1640116582437345
2019-10-29,1.7477595904672463,2.585354801573805,3.009769426595474,0.3978981990730843,2.1874566025007205,1.75,112.38476462451358,2728.723236144678,7149.192732446219,14.208209634630878,85.90138009041391,2111.1600000356934,4.057641473935283
2019-10-30,1.7994098444013522,2.6372475148058814,3.067617352674505,0.43747703135803473,2.1997704834478466,1.75,112.98402818294193,2708.9125134640817,7089.958242830035,15.026355572418822,87.51070973939729,2086.7729784630756,4.259785558779546
2019-10-31,1.7305652668459852,2.5377816015510173,2.9657759906101626,0.39317691007208355,2.144604691478934,1.75,112.86185704580575,2714.6868445584482,7022.925403303089,14.559629768652488,88.2333231092315,2082.4831657608315,4.27728178874619
2019-11-01,1.7152424489785594,2.5716254585208436,2.972961035224767,0.4406688368541866,2.130956621666657,1.75,112.79789794722177,2709.6318894712576,7050.1271261740485,15.021213938148748,90.24087615974648,2074.246841495639,4.326652447853673
2019-11-04,1.7656102118633488,2.5763119586959093,2.983148227132651,0.43928415917334307,2.137027799522566,1.75,113.03300493875635,2740.974885983161,7112.572751426478,14.200029505992415,91.84144536837563,2046.2796029371316,4.304003887712769
2019-11-05,1.791487278253025,2.602195745201622,2.979097080930356,0.4820864998625907,2.120109245339031,1.75,113.43080869752934,2766.981493095619,7198.661430765166,13.799606201238309,91.90591625729748,2022.8754142664798,4.177971788988736
2019-11-06,1.7509955935181203,2.5413507651078304,2.9239655922872445,0.4265241435822458,2.1148266215255846,1.75,113.14039078358486,2798.6623216364087,7269.345439732118,13.159443306537243,94.02530442037703,2054.643429590207,4.143900542279997
2019-11-07,1.7417037753650602,2.53883608496861,2.9326795515732,0.39314525092015873,2.145690834048451,1.75,113.23002429113043,2794.6322228478152,7229.799055190152,12.92116814340246,97.75886270287646,2060.9069149263637,4.215173371151055
2019-11-08,1.7649871811689823,2.546957956218488,2.948570052362191,0.39172350087972585,2.155234455338762,1.75,112.86771270381666,2812.6703282085728,7308.1020584484995,11.127575125338721,96.900918773284,2052.385208670376,4.219656535968417
2019-11-11,1.7646999173877205,2.5070561038648265,2.9165136741867457,0.4017893306871192,2.105266773177707,1.75,113.35556107445666,2766.5945112822096,7128.405828490897,12.356689976016773,93.49431502885871,2053.186114236532,4.343922083970191
2019-11-12,1.7879947263984692,2.5397772617383625,2.947317487607109,0.4042998760094838,2.135477385728879,1.75,113.84911131516358,2725.293539653222,7036.202553868345,12.462946238387504,95.01707289342825,2068.621601314605,4.428724494775771
2019-11-13,1.7605250156591654,2.5593704778898467,2.9659018590970274,0.4061602448776635,2.1532102330121834,1.75,113.97632251798233,2723.9171218311108,7038.013946532524,12.161606704618626,97.01651171158362,2051.391868421181,4.4269606171953075
2019-11-14,1.7661340801105907,2.5571290159248696,2.966302362697712,0.40505770646041084,2.152071309464459,1.75,114.02392818871837,2709.410887874723,6994.230490743837,11.87608203089283,96.39533800410655,2052.244346860798,4.45668070990307
2019-11-15,1.7438339473904843,2.4574582203106927,2.8843532137481223,0.33059586086500453,2.1268623594456884,1.75,113.97208242369122,2691.7369139472466,6982.749118622868,13.187602309372519,96.43743803496412,2073.0894104394706,4.435781934618255
2019-11-18,1.6402837405673705,2.411917999494402,2.877950902989349,0.2546390324441471,2.1572789670502552,1.75,114.19720429325479,2715.340094855627,7026.800556610322,11.76866545127479,97.4060825596158,2079.908055605987,4.391770547573382
2019-11-19,1.6584078879762634,2.4231704897066066,2.8661958118902096,0.29880735833880345,2.124363131367803,1.75,114.65523302548209,2704.785976713463,7013.641365001548,11.40170947580814,95.94136088724164,2057.6537977462353,4.386186844860765
2019-11-20,1.6508618118406138,2.409281557432179,2.846442211384164,0.3035186558172821,2.105762901614897,1.75,114.30560923732997,2694.7512725011284,6983.938942797087,10.925891617618934,99.37316180240252,2050.509933561833,4.358655868511061
2019-11-21,1.644564053610861,2.389114241141826,2.8173518031725444,0.30076819918249087,2.0883460419593347,1.75,114.19935209805153,2710.226706838437,7033.982971697031,9.609996715334805,99.92367231965457,2039.421557516312,4.361065803721811
2019-11-22,1.6598672303062194,2.403432153475512,2.834297824316064,0.3293600570642315,2.0740720964112804,1.75,114.08125291680534,2694.6877799816407,7001.39831486637,10.037730892009407,97.97073800377474,2062.782712156782,4.37866957756635
2019-11-25,1.6899748993248058,2.447716586730149,2.8716764821892027,0.3995043710717642,2.048212215658385,1.75,114.55989736541399,2641.495807174632,6850.500184872908,12.017204367682284,97.42187476506527,2064.8949763651212,4.479626840783345
2019-11-26,1.7114157293468126,2.4690884921926375,2.9278661500986205,0.38825025420210046,2.080838237990537,1.75,113.91657126411961,2623.712871151897,6846.503188860053,12.734090542326316,98.99499834450525,2083.9520087891497,4.491989544603629
2019-11-27,1.7400715996392844,2.499419007832704,2.948136251404999,0.4141646902490802,2.085254317583624,1.75,113.88289395803339,2618.9289037582025,6845.34695361748,12.43088316959766,98.16027246357115,2098.068453876343,4.4742075483169215
2019-11-29,1.7221161427206597,2.40392253314838,2.87504596485943,0.33910371845981163,2.064818814688568,1.5,113.64178562870208,2609.6942826264517,6822.228830379665,12.616019207305781,98.07084105233531,2127.7826633645536,4.416085354806961
2019-12-02,1.6973933683511788,2.3794321706378754,2.8637315166760238,0.31099839315884076,2.0684337774790347,1.5,113.85533101383585,2605.1384288363447,6811.308068374698,12.552477680929563,97.3174334050516,2115.4476944806165,4.332205371296336
2019-12-03,1.7885699218657787,2.4902062060492933,2.9283464032167044,0.4180214429900701,2.0721847630592234,1.5,113.71167455739601,2634.854765267248,6869.7201780666155,13.073589267744088,98.31635073512184,2101.158561399438,4.342617472083218
2019-12-04,1.7797247756757901,2.4719830127261035,2.9006886987983314,0.40795499816352865,2.064028014562575,1.5,113.50734393855626,2685.890948613138,7009.700944153938,11.25082547555937,97.18561028122456,2102.5509991722975,4.257309772072543
2019-12-05,1.7131328704863333,2.3629249933347127,2.821206647502201,0.3663550027285989,1.996569990606114,1.5,113.62037253349826,2654.958982286678,6939.96942926723,12.27696147183824,91.95453334570095,2119.961457251458,4.279927480685167
2019-12-06,1.764435876412994,2.331111200495297,2.7846814332694403,0.37919033065793817,1.9519208698373591,1.5,113.56854566177944,2630.233998530605,6893.266473420681,13.043615901911586,93.39867097276932,2115.0284673057427,4.288615760989855
2019-12-09,1.7229467770501663,2.3069006252658646,2.768559040310798,0.3386298581127718,1.9682707671530926,1.5,113.7467906816525,2675.649881382448,7041.619669808302,12.014675832461894,95.48888104197356,2114.768247447318,4.244479054555221
2019-12-10,1.7678856803630165,2.357901799938654,2.829402672508412,0.3273201300232691,2.0305816699153847,1.5,113.71645598920009,2696.9785050067353,7119.263932679062,12.266701187200686,97.3368264566177,2105.262590218225,4.2520278961638
2019-12-11,1.7847625759130388,2.385637762283494,2.8683864759789053,0.33901175971599956,2.0466260025674945,1.5,114.15541694992953,2675.7015973971,7040.1112269796495,11.863672346261215,98.58979313526405,2121.8735852679456,4.2632533558516394
2019-12-12,1.77787392401043,2.3739453671334703,2.8704718567724496,0.3116400533142372,2.062305313819233,1.5,113.71637668331972,2677.473512650533,7076.854549544838,11.327628449693703,100.0126942748704,2130.544546004923,4.219819783635249
2019-12-13,1.7917011100597238,2.401306266989488,2.882007886160458,0.3447451403631582,2.0565611266263297,1.5,113.92421412172585,2704.1974353863407,7182.175039033665,10.322467993550617,99.36759135208602,2123.426856900854,4.085028228047781
2019-12-16,1.7606430515825007,2.340102507924342,2.8129664652148074,0.32762955837765434,2.0124729495466878,1.5,114.07288558579322,2688.7166271142987,7130.142152316165,10.923315823146508,99.2988961761938,2137.920103358782,4.094906412984861
2019-12-17,1.78448571391492,2.3302962956413205,2.7973781177050348,0.327044403402745,2.0032518922385756,1.5,114.08665555711893,2670.263178197027,7056.893247455294,11.51482517231094,100.05945662490768,2158.7001886107064,4.142152983931583
2019-12-18,1.8208850908831153,2.4065950401247305,2.8856620304425507,0.36178364960464326,2.044811390520087,1.5,114.19872009877004,2670.7989788839545,7066.227899940692,11.819405596582616,98.59202438897232,2173.3689361481106,4.176767520212583
2019-12-19,1.792011157270418,2.3717125678656634,2.8590713499051583,0.34643948553038295,2.0252730823352807,1.5,114.34845861434061,2674.5401497193243,7091.358965425764,12.096088755814838,95.58164736805186,2162.140411283716,4.152793257193283
2019-12-20,1.8108113152326686,2.400874186550117,2.8698827641521896,0.3889254607901075,2.0119487257600097,1.5,114.5909996106536,2673.437661964085,7042.190057960964,11.684007236392521,95.36123572096214,2140.6594974917457,4.15887317662103
2019-12-23,1.7637914866370141,2.3509323464167506,2.8039864596298445,0.37739885011283714,1.9735334963039135,1.5,114.6605150782666,2683.6451351228097,7051.009894099687,11.031816028675015,93.13307471932612,2160.9668363436886,4.179615631350382
2019-12-24,1.8117107047936496,2.3864780477283585,2.82335336269553,0.4279092902418683,1.95856875748649,1.5,114.92628097463451,2692.1097436176146,7064.349021208737,10.514787809751036,92.7820958238316,2148.8711819773293,4.170634266982586
2019-12-26,1.8543546066907297,2.4229982323970494,2.8582081563267128,0.4605796210087108,1.9624186113883384,1.5,114.8742468999023,2681.61455270218,7039.3507274366875,11.086623500630775,92.10944826895604,2140.3683014099806,4.141487199210118
2019-12-27,1.7705489919156026,2.2992913607336596,2.764024652630143,0.34685926103764847,1.952432099696011,1.5,114.46754509393784,2696.8521859684593,7063.024862168718,10.175110471936511,92.95522314094795,2167.078711508619,4.077129903092703
2019-12-30,1.7622766669739431,2.2474798484454417,2.7140077879805466,0.3340569916735962,1.9134228567718456,1.5,114.61310080167922,2697.006020309518,7054.902001761697,9.892968942803847,93.34653093649924,2174.2600304475022,4.011468646564947
2019-12-31,1.7111219876438402,2.2198271997105343,2.654840040513682,0.31285944105144664,1.9069677586590879,1.5,114.90547825519744,2699.082884106424,7072.130637704814,9.684313214913793,92.95301494944725,2171.48382951645,4.022290365148758
2020-01-02,1.6738579818735508,2.1775135125088343,2.6090388052985736,0.27086134315751087,1.9066521693513234,1.5,115.02057308661321,2691.075861409274,7049.3071614557675,10.811110278773615,91.14366498738949,2179.3143347760147,4.130042393079922
2020-01-03,1.6471585657209526,2.1307381540849657,2.550049525240476,0.21016595124103704,1.9205722028439287,1.5,114.77459801691718,2711.2370508378012,7109.653779634278,11.082205855651209,90.6871532519101,2174.699258561108,4.059193495843697
2020-01-06,1.5724323776517806,2.042051252619726,2.4578038084873026,0.1616787394048306,1.8803725132148954,1.5,114.87057156800675,2704.3587243244187,7131.954219402114,11.015402410564999,88.78478894819092,2178.775760922251,4.246139497180192
2020-01-07,1.5589683635406653,2.0143650565102877,2.430336843298164,0.16193236469947947,1.852432691810808,1.5,114.6974765826251,2699.5444053212723,7115.355992155593,10.90993925076604,89.24457135788883,2173.37938479334,4.297976514262056
2020-01-08,1.547423043448215,1.9790098553664017,2.384061458428061,0.1736540938850023,1.8053557614813993,1.5,114.85185312367705,2679.4591955122514,7073.585992174104,12.253424276419974,87.9243799126596,2176.255764421292,4.414242110028403
2020-01-09,1.5178164191127548,1.9484613313004233,2.3677944354599534,0.14792190706954947,1.8005394242308739,1.5,115.0970158531018,2663.0187235716066,7025.6041749577425,12.982276221062744,86.73357170193614,2151.095444721649,4.481825477056204
2020-01-10,1.5250256602819703,1.9483225874005274,2.34914566712462,0.1829139631948701,1.7654086242056573,1.5,115.45761670283058,2649.7173863391936,6983.495056832999,14.868826378629686,87.2024791584726,2147.3317490083596,4.594035881000427
2020-01-13,1.4833711559867617,1.9115769298107512,2.30482516767425,0.15838587981725508,1.7531910499934962,1.5,115.66716931164967,2630.0429737982945,6954.544819327572,16.23948681329714,84.67396973493565,2155.647777902326,4.865110591482122
2020-01-14,1.4489332041863068,1.8714073998639484,2.2533984488549397,0.14442986898311755,1.7269775308808308,1.5,115.85667845612413,2631.2293436909654,7007.240814561606,17.940865772852824,84.64174111857206,2159.683448701621,4.945592699510005
2020-01-15,1.4663040838034833,1.8727287554656409,2.2445591331655486,0.1934279936959304,1.6793007617697104,1.25,116.16793205296302,2579.8782111870482,6836.400928745424,19.94404780491272,83.52470327841763,2181.3340293065853,5.180527797711952
2020-01-16,1.545576144119693,1.9847550807740748,2.3241234761233884,0.3207469911792725,1.6640080895948024,1.25,116.95704104955094,2577.400495407255,6849.306615341651,19.662308767876066,84.58573436100903,2150.6657258719993,5.247041712551212
2020-01-17,1.5519332055519688,1.9922866414240694,2.3453149165507208,0.3544508878836444,1.637835753540425,1.25,117.0181192732488,2547.967583160293,6798.508224336131,21.409086836391797,84.34360520321312,2127.8697498483816,5.370601655290353
2020-01-21,1.4836418911526386,1.9267753533110763,2.275302307401891,0.3755469883878753,1.551228364923201,1.25,117.73610109799428,2477.7639224001664,6643.988864840269,25.47327665785951,78.9598067570254,2139.452868914774,5.7604739002163905
2020-01-22,1.4761124899782097,1.9207483045326759,2.282681459261957,0.37279535175963835,1.5479529527730376,1.25,117.59085658596051,2453.2201820366163,6588.203319331682,24.498706959181103,79.53418605725196,2162.5021855780096,5.908828126999195
2020-01-23,1.4392483682762514,1.8584278515189756,2.2522035841665784,0.3108410118884721,1.5475868396305035,1.25,117.76058617887041,2439.6062506873573,6566.875544488538,25.58390194427268,77.00962462093963,2169.475471103342,5.960951194101481
2020-01-24,1.3814631419734158,1.8087794932579544,2.201709783115289,0.2607013624170473,1.548078130840907,1.25,117.87687288365113,2450.6842051677063,6583.277832830999,25.399201502742194,76.82053056689247,2172.1680006727806,5.938307210878209
2020-01-27,1.2952644165878175,1.7439137786343997,2.1556821638827697,0.22027919922683228,1.5236345794075674,1.25,117.68829007778679,2438.975265646414,6586.687089214116,28.16017628215938,75.99513512566907,2203.6857820698588,6.17275332400344
2020-01-28,1.2794256837929503,1.7661934541770514,2.1869815370010133,0.23562166360773362,1.530571790569318,1.25,117.30959585311209,2423.5251714794845,6547.822522590564,30.647442631319333,76.52763940859265,2222.7007621366056,6.259361821050757
2020-01-29,1.2402168325424188,1.6826286937594832,2.1188953095431735,0.19094378311994625,1.491684910639537,1.25,117.43108540992691,2390.5702060314543,6446.573776601387,33.30919355603332,73.97649270172258,2235.734434922317,6.401541635366507
2020-01-30,1.1974624159110137,1.6845528145039932,2.1242047418036156,0.181718902735453,1.50283391176854,1.25,117.0811107257825,2381.032856029548,6466.6396477722255,37.296664257395385,73.00544182592212,2264.8545992448544,6.505237257851383
2020-01-31,1.1650999866767218,1.5965282261202656,2.049508280694744,0.14725421052301685,1.4492740155972488,1.25,117.52525741091512,2328.8598098373923,6316.923368333526,42.2324716467053,71.60943537921153,2267.231527455372,6.610480676211209
2020-02-03,1.062199550121381,1.503776918265367,1.9718057365637551,0.08433722151643208,1.419439696748935,1.25,117.57339042064483,2286.3850362020657,6170.179537531241,45.81753005084075,72.90782180639238,2272.9752649980414,6.861785153029882
2020-02-04,1.1533634324458681,1.5765048868048175,2.0565067380271236,0.09871425584057215,1.4777906309642452,1.0,118.01380587214496,2250.8815551173734,6067.685918380846,43.93262095327506,72.08429039600945,2276.088538884289,7.056414495361889
2020-02-05,1.162202203268837,1.5940348828415036,2.06714168221286,0.13123730814075668,1.462797574700747,1.0,118.36247832865682,2252.7039219301346,6090.499210675022,48.67297234528974,70.71892729101559,2277.9416031735486,7.171893566721649
2020-02-06,1.107927134826511,1.5865173475223797,2.077360808299962,0.13270255126683964,1.45381479625554,1.0,118.99882178997687,2272.4407649255377,6179.276187245815,46.179108087534665,72.45084032569126,2273.705507536998,7.167851656475183
2020-02-07,1.126162350379032,1.5965432478176096,2.076059097848929,0.14637931781759306,1.4501639300000166,1.0,119.04060367940777,2287.702164324986,6254.20366502556,42.364124804267156,72.0708655766172,2274.5164150349924,7.188903352845393
2020-02-10,1.1460970741817889,1.5823838684686138,2.0690917831909648,0.15201577154729523,1.4303680969213186,1.0,119.48214469425561,2268.9956275081586,6254.681953937285,41.7534250163374,69.8363319062125,2263.0448752911543,7.461292442816796
2020-02-11,1.1145044300666407,1.5809017617576993,2.0828181528067415,0.13076919582119656,1.4501325659365027,1.0,119.69599879840844,2267.620100745089,6245.688316951486,39.03895421426776,69.73923979653317,2261.2383876257736,7.477274543073205
2020-02-12,1.0610872441346517,1.513168500590956,2.0062273235146684,0.09804586908883893,1.4151226315021173,1.0,120.03352268769108,2268.140952764967,6268.981806073006,34.714045694379735,70.31653794013556,2246.9026275683254,7.565381985749398
2020-02-13,1.0397543550720574,1.434653635852033,1.9078641944944015,0.10896819234714251,1.3256854435048904,1.0,120.40105740607345,2239.194880392734,6181.00065089864,39.606460815538455,69.12741915694383,2239.261739198906,7.695774870063552
2020-02-14,1.043246651523064,1.444531629610127,1.9199703141714104,0.1225924967201823,1.3219391328899446,1.0,120.96600049972359,2225.6143943189654,6205.15853022658,41.76425362458411,69.08078179779899,2246.869696140802,7.83412923460578
2020-02-18,1.0112909262170273,1.3967382208560002,1.842738700877401,0.14270244858409278,1.2540357722719073,1.0,121.5935960163127,2193.527583447667,6167.900256428326,43.09643060156421,67.1089677809564,2257.84297590205,8.187315308757162
2020-02-19,0.9652189872034278,1.3772987664971275,1.8401700457356363,0.10091139508264832,1.276387371414479,1.0,121.58803113734743,2169.629108174068,6139.188033621168,42.54996258239988,65.10542577786741,2276.1104439914097,8.31581302320856
2020-02-20,0.9891251848935099,1.4064943871517939,1.8619566070229763,0.11281088573293832,1.2936835014188555,1.0,121.80571270683248,2163.454336201246,6120.295929379331,40.205355361133655,63.455697498425806,2289.9706923170797,8.345485792136632
2020-02-21,1.0084802880493438,1.422966665504437,1.8812684512897972,0.1375075629380834,1.2854591025663538,1.0,122.20684621033725,2159.465187399583,6111.39507405352,38.0765658984289,62.78317425720948,2281.515874274782,8.39511838192886
2020-02-24,0.997688870410567,1.4349133716176996,1.9127036022730266,0.13838960296630518,1.2965237686513944,0.75,122.68831124954532,2134.8092173132222,6074.226884151496,39.53408006422775,60.38788135138871,2281.915851838073,8.634923322277094
2020-02-25,0.9692537210547727,1.4244850192018996,1.9059004177665877,0.1411336815835818,1.2833513376183179,0.75,123.39725668224689,2115.364535947578,6021.465560746216,40.796951229994974,59.57337541959435,2272.3023078029646,8.778036962114424
2020-02-26,0.922128339069207,1.3915235440193547,1.891813750335074,0.10366602771049563,1.287857516308859,0.75,123.22660133379621,2106.766496818032,6002.305492425477,34.291544300310235,58.64648564876599,2291.0967334678876,8.825730580092346
2020-02-27,0.8692411810146097,1.3263350769407707,1.840994228272001,0.05452294633910594,1.2718121306016648,0.75,123.17852057229913,2090.0677114874993,5966.846974270894,34.782979812435,58.33061528233085,2294.97235150467,8.916568935328582
2020-02-28,0.8618196805395452,1.3041324318574488,1.8331679176708326,0.055976856793392746,1.248155575064056,0.75,123.02369658177633,2080.6770788927997,5957.563031801925,34.75875450435309,56.358055905571085,2300.4054561529883,8.948542867414227
2020-03-02,0.7889551719357343,1.1920936345661246,1.7303617776160352,-0.005413255822990598,1.1975068903891153,0.75,122.8839628069977,2047.8241198432572,5898.343515687462,33.804199357726326,54.40123371358872,2299.7416009316075,9.170175940155293
2020-03-03,0.766099579917008,1.1823501488498485,1.7101085397726365,-0.004237674423020352,1.1865878232728688,0.75,123.03546283435321,2041.921305387991,5885.84946269371,32.396852176877026,53.54696938867309,2304.121241369839,9.219940675929514
2020-03-04,0.7225482060460473,1.1383468652931235,1.667335440338444,-0.02026304160546561,1.1586099068985891,0.75,123.10562245381375,2023.3094239731681,5836.718565978031,34.506927582962696,51.87361552387996,2307.28328390107,9.277287762608795
2020-03-05,0.7030758865001193,1.1118781796701322,1.6606115405233406,-0.04031687116320483,1.1521950508333372,0.75,123.77171925759077,2010.1010458301039,5808.061730232119,37.06155884468128,51.0031826380109,2314.4276751211114,9.360348198538555
2020-03-06,0.6566790129666116,1.0631121563168935,1.635429348961349,-0.09898568292046497,1.1620978392373584,0.75,123.55731342633403,2000.1940968735837,5762.5897124584935,41.24149026138318,50.41147737318744,2344.1917855054467,9.446981237713862
2020-03-09,0.5851750718030824,0.9452477350333841,1.5167279579208008,-0.15490570710530083,1.100153442138685,0.75,124.20315492846841,1963.3552179460187,5688.4415918452505,42.720797202595755,46.51348088199173,2371.4464777490825,9.731777579256972
2020-03-10,0.5992311441852815,0.9588331672062779,1.5169751500246977,-0.1158377650007353,1.0746709322070132,0.75,124.17331793292638,1957.6989954989444,5719.040249597028,45.071566117952486,45.71824258491598,2382.005605855161,9.773610791698829
2020-03-11,0.5943179579151671,0.9692876353603264,1.5382352866821187,-0.12673280938276227,1.0960204447430886,0.75,124.22606861165734,1948.2651134535454,5675.358587871714,44.75312245863688,45.672457558857744,2361.6771137170404,9.806408312726886
2020-03-12,0.5631968309152907,0.9347556730749716,1.5155666942457544,-0.15427772760023195,1.0890334006752036,0.75,124.09387207382213,1954.6072191585615,5704.672230541939,41.23564361868977,45.49676712002029,2368.7765791042125,9.82927716763265
2020-03-13,0.5108863761210599,0.8928821698701218,1.4729009418849583,-0.17504791978387713,1.067930089653999,0.75,124.003236427626,1946.0573392418971,5691.022508699488,39.29171309670251,44.73096614689213,2370.1005649151693,9.869063848486567
2020-03-16,0.4376182032724409,0.8405201615252723,1.4157839311502534,-0.19396249549159406,1.0344826570168664,0.5,124.16532080965017,1919.8054309627069,5643.496966474432,42.30536590436808,42.33680689263954,2379.464523655798,10.144460874250905
2020-03-17,0.4508327494206565,0.8473331075802997,1.4217899822382805,-0.18408937056791302,1.0314224781482126,0.5,124.45647664696821,1924.5274203367962,5662.8768994166185,43.80105690591191,41.405063834989576,2357.3783374631707,10.254526451896197
2020-03-18,0.43615560997633385,0.867689145803513,1.4504434808092688,-0.16375656207288097,1.031445707876394,0.5,125.22824159080989,1900.0668585833885,5583.041497857153,48.263813179732,40.20652778549276,2339.727770258484,10.418942729254457
2020-03-19,0.3879501896956519,0.8119751451257399,1.390467093229113,-0.1890218856768381,1.000997030802578,0.5,125.45799066864782,1906.3062316288997,5610.9553684472885,44.529794846992274,39.506052465572374,2328.050990059886,10.41959268064949
2020-03-20,0.33072117492987385,0.7487928339292089,1.3390115197321475,-0.23704149289895288,0.9858343268281617,0.5,125.05708987171467,1885.4035307710872,5557.82338279849,45.43086170412295,38.96048793148202,2364.7121927120124,10.541633988448329
2020-03-23,0.31158377976637264,0.687659846852416,1.2732311691401752,-0.25103767692678064,0.9386975237791967,0.5,125.06230180546306,1856.7443864615545,5509.084234858296,43.230060869698164,37.122085257508026,2355.0945349290196,10.788543377437335
2020-03-24,0.30755638964293575,0.6947004991152045,1.286979246951483,-0.2572448461106519,0.9519453452258564,0.5,125.21981249022294,1866.5318920210661,5537.344581584221,43.66954752822708,36.25046132425251,2367.8044973729075,10.750235018992848
2020-03-25,0.26490318534266416,0.6652852307841133,1.2531646234324025,-0.286249789324359,0.9515350201084722,0.5,125.33091651169595,1891.808665294318,5626.396698156422,38.569972814162185,35.93475179022881,2352.954253738462,10.62563433369371
2020-03-26,0.20838441471824193,0.6155251300761452,1.2192906039347713,-0.3164268715241342,0.9319520016002794,0.5,125.23094420928985,1900.3905995961736,5671.980535632687,35.61949745614727,35.4503806602176,2370.3452030065714,10.538098633980399
2020-03-27,0.2107980061426098,0.6276104111837313,1.2472643127993592,-0.3265350691909386,0.95414548037467,0.5,125.58913691806481,1899.7778951668822,5665.118279300039,41.240339065093785,33.70215912945317,2374.0172957973355,10.474454535127641
2020-03-30,0.1590614035770718,0.5752495170881059,1.1796360891496422,-0.3495876107656335,0.9248371278537394,0.5,125.10242079975892,1918.8854310556624,5726.049804064433,39.763207437928,32.1864230288401,2407.223796413964,10.34801850959023
2020-03-31,0.14151176960965955,0.5381143706334549,1.1452023643410345,-0.351534431744162,0.8896488023776169,0.5,125.06394032712718,1900.5773002617937,5681.060347042418,43.75767924789954,31.526478826718233,2419.502260024617,10.403395657324813
2020-04-01,0.1314340423300166,0.5428109551479021,1.1383167291116758,-0.3595930771956065,0.9024040323435086,0.5,125.551441610111,1920.8770284853076,5765.212044811138,38.30902237920862,30.681394086372343,2423.5676677967476,10.348686328697614
2020-04-02,0.14840779661783593,0.5666611330091189,1.1533220645483007,-0.33900333208237576,0.9056644650914947,0.5,125.39054023030099,1919.9638236197732,5795.579974148046,38.958908276090014,30.05396923223946,2418.1704683362696,10.408843392165108
2020-04-03,0.14239494004119108,0.5719748566821429,1.1519211352828493,-0.34434235775678135,0.9163172144389242,0.5,125.16068443669457,1928.0266437520381,5806.298270280925,40.944820139055096,30.118272164268532,2429.088404368591,10.385869229086854
2020-04-06,0.17652236262232965,0.5942488641367486,1.1642965328487573,-0.31059963973184157,0.9048485038685902,0.25,125.40805476655942,1925.5993678646394,5802.302358170032,44.5823052317323,26.964489535705553,2415.944265244769,10.406767687491232
2020-04-07,0.18400641542017077,0.6199800496126814,1.1881724063817014,-0.3143543356797017,0.9343343852923831,0.25,125.15883569910852,1934.7374253964051,5826.798468750858,42.90825390809682,26.724722913369064,2421.0602600925117,10.355495456445592
2020-04-08,0.17032197425092133,0.6220212806166678,1.1762314650062347,-0.32073643103603644,0.9427577116527043,0.25,125.11724563413023,1952.9907740541573,5885.868268445773,37.415865919395365,26.706367877773996,2442.7027514114197,10.30484465479703
2020-04-09,0.15695980859466122,0.6228438487428968,1.1823667781185832,-0.32840351012923785,0.9512473588721346,0.25,125.03958119824568,1962.0008007051533,5929.513038836396,38.43030496025342,26.411797545581354,2436.692528119458,10.204771041765929
2020-04-13,0.14697526152305707,0.6168212363549191,1.1747887198479536,-0.3698223026417906,0.9866435389967098,0.25,124.81791038226159,1976.8805612638093,5971.862298724035,36.75339220540362,24.277794601023917,2468.7938496384995,10.154899508203194
2020-04-14,0.12257495720750883,0.5707203141080676,1.1476154810227635,-0.424761446755086,0.9954817608631535,0.25,124.53587061864134,1984.8524974497602,5971.356394996724,36.754701356028164,23.81176892413487,2491.0861496220946,10.102420066584813
2020-04-15,0.11967547726938282,0.6160957939200968,1.1782181981248467,-0.3998878013014851,1.0159835952215819,0.25,124.29147432713361,1983.9051822658896,5989.148798077722,38.509340497368164,23.606251323678027,2485.1025026350226,10.147291647848371
2020-04-16,0.15423830326602067,0.6592389081651953,1.213594323425753,-0.3789451321918493,1.0381840403570446,0.25,124.3985075358536,1995.7763250810426,6035.732742066059,35.42565810275751,22.98289719884634,2496.531190679574,10.126955188368912
2020-04-17,0.1589343897003393,0.6544559533227746,1.201158727178226,-0.35292427453146613,1.0073802278542408,0.25,124.73783591226855,1995.9637509442384,6042.119964393903,39.69815261915855,21.989174879021114,2473.782359044532,10.125902885094137
2020-04-20,0.18757072490028268,0.6489319150919791,1.1973862415217518,-0.3551868114557192,1.0041187265476983,0.25,124.62899546869609,2011.3170870315464,6108.630758714955,39.54246590640569,19.561084287630845,2471.236511557521,9.988481070499082
2020-04-21,0.15856812973214837,0.6003626769949506,1.1679331994064936,-0.3691498761581715,0.9695125531531221,0.25,124.48277525197767,1982.44399145186,5994.6081799035555,46.28771652232733,18.98892049501828,2491.9514176419602,10.064950784007902
2020-04-22,0.1958491430900353,0.6215538065243245,1.1869350850054183,-0.3549403835087468,0.9764941900330713,0.25,124.58379201904525,1994.6634210849418,6022.423355132233,51.59397328216199,19.213076473703264,2497.652939737773,9.979816067936877
2020-04-23,0.14191384888904301,0.585390850897272,1.1814608322853886,-0.4169025176270902,1.0022933685243622,0.25,124.21860525297562,2015.4368641410047,6113.920211017752,49.21828273142129,19.48359299862029,2518.3301890386006,9.816276965180938
2020-04-24,0.14787836835271678,0.6229310749027452,1.2134888690687378,-0.4163268488022736,1.0392579237050188,0.0,124.17666482346966,2019.268243861812,6112.269803332911,48.455856408055794,19.53052014963769,2511.0134713414027,9.809456562200502
2020-04-27,0.15914608922417933,0.6143210866435151,1.1967431265410102,-0.4273078910903691,1.0416289777338843,0.0,124.75281576074438,2019.1902098615026,6148.451829065472,54.595074062950715,20.413727574161822,2513.9425502595577,9.830926452624944
2020-04-28,0.13382033992019668,0.58687876301527,1.1684053224815127,-0.46564664997335814,1.0525254129886281,0.0,124.2757988132239,2052.3805476068155,6262.369568759263,50.35310997314417,21.56908660740666,2516.5950758590134,9.721127104008675
2020-04-29,0.19441650045791983,0.6200418425496685,1.1706364795695827,-0.38900461997622093,1.0090464625258895,0.0,124.2920056629599,2054.201984759527,6297.726660010678,52.773848520617335,21.106845808233167,2488.9867759179056,9.675498252406214
2020-04-30,0.18184433383268356,0.641313414165015,1.2054519065790221,-0.38827201982014836,1.0295854339851633,0.0,124.38209367266228,2069.544998140789,6348.81267059712,49.18423844989655,21.510832286052093,2477.4084121919277,9.659351175279742
2020-05-01,0.12999561242723429,0.6523958377937604,1.2233324357401898,-0.3888997717942147,1.041295609587975,0.0,124.50373308302608,2079.9295991283343,6382.038539722431,49.04517372402856,22.120098797134794,2467.9777134160977,9.585077141951446
2020-05-04,0.16173459029141718,0.7076025836140141,1.2752157186736621,-0.34452751260622355,1.0521300962202376,0.0,124.53453802570735,2083.9727529717184,6408.7611857835855,55.04299815638219,22.930480017815157,2475.137859625371,9.579012813832469
2020-05-05,0.13206833101299692,0.674035712856608,1.2303887664727549,-0.36264528958529485,1.0366810024419029,0.0,124.28620358783114,2096.321168896205,6462.2464033567085,54.716353357954915,23.096144672053942,2484.5018455142517,9.539632775798099
2020-05-06,0.12468630258610217,0.701291209798831,1.2750245273545957,-0.39401278028775055,1.0953039900865815,0.0,124.41894719856586,2079.4800363000813,6382.020599685637,57.70686041555155,22.71205231073042,2510.908726462797,9.550893877723757
2020-05-07,0.0828139280358832,0.6705414556440419,1.2918835665720627,-0.4921001759022965,1.1626416315463384,0.0,123.96137784335508,2101.9704079478424,6494.342400447035,57.15854161625461,23.627080855018324,2540.001505301668,9.470394002173366
2020-05-08,0.0819632353252358,0.6327841459153356,1.2561804388177786,-0.4823034809141498,1.1150876268294854,0.0,123.95922845670923,2094.3032594603833,6455.98764769907,56.874144721223715,23.526324269713793,2543.7468832965988,9.458410056257732
2020-05-11,0.07706602677690572,0.5762706845677605,1.212431424238516,-0.5831619834517481,1.1594326680195086,0.0,123.71756373904404,2103.1394003136907,6470.736353663324,59.0421415298916,24.61228314541205,2564.4943206146554,9.294007857495904
2020-05-12,0.12149632723822236,0.5905180260254569,1.2162150452344471,-0.5486225731530648,1.1391405991785217,0.0,123.61222695865719,2099.141308772739,6481.406366339647,60.01005360289805,24.882124300286364,2557.3939985871557,9.398580064237592
2020-05-13,0.09125534949519953,0.4930916721918299,1.115543490548999,-0.591041320370461,1.084132992562291,0.0,123.4010564235335,2092.8411418658347,6445.670733490099,61.39015615366145,25.283190899057104,2539.9540835197386,9.408347627207617
2020-05-14,0.08070823674086824,0.3820975715703723,1.0183034077568602,-0.6251923435183495,1.0072899150887218,0.0,123.58698469079786,2073.77960313291,6354.8463552942985,57.121407883155356,24.64559664334996,2549.168921973034,9.352496470974046
2020-05-15,0.12133900022888437,0.35444113793876,0.9468680816063635,-0.5803243753856818,0.9347655133244418,0.0,123.66169770281981,2065.463735236343,6313.239654757592,61.27805222102793,23.354194086685094,2560.3557456437616,9.303467402667533
2020-05-18,0.10589337052915548,0.36721339750708204,0.9534874221292656,-0.6211347819511689,0.9883481794582509,0.0,123.67687732232827,2079.4044714360157,6335.154792681242,57.543429813729574,24.071489828336937,2594.052626910456,9.24463549529947
2020-05-19,0.20454046956177602,0.403802870009907,0.9661400314199906,-0.5935375435375315,0.9973404135474385,0.0,123.66015069138697,2065.5690031395775,6315.064921784949,63.508971068864135,24.37637422179466,2586.705534278938,9.303014450014174
2020-05-20,0.1914218317897835,0.3829932785660398,0.9353600272771817,-0.5972714268773518,0.9802647054433916,0.0,122.87698230151454,2097.019887971685,6436.349449808698,60.329160523981216,24.99824864576197,2589.7498331452966,9.188564999488413
2020-05-21,0.2047540592513139,0.51666260493168,1.0766376828711042,-0.5735377242154074,1.0902003291470874,0.0,122.55783010173859,2133.5755162290598,6569.533116088806,58.990152584401905,26.89152736080397,2620.212513233403,9.088044801108234
2020-05-22,0.2232680148378928,0.5386662227709728,1.0810029605150056,-0.5484621512913047,1.0871283740622775,0.0,121.93558106738199,2124.2090510982403,6573.515862008088,61.149795807003684,26.788202901593582,2609.850428022418,9.07768415294315
2020-05-26,0.2528382420464424,0.5419041444358006,1.1117827432369636,-0.5671427095247015,1.109046853960502,0.0,121.66639081154776,2112.590005029177,6527.942572493641,59.24769733045636,26.67171737450999,2630.2030994352826,9.105897170387866
2020-05-27,0.2360964447193043,0.4904356537686885,1.0593687279392867,-0.6024366147599904,1.092872268528679,0.0,121.79314611286676,2116.202733874762,6539.626805219138,54.98036498220183,26.681213263487365,2630.552569909261,9.057043779351773
2020-05-28,0.2011872454145164,0.4453910334298532,1.0141321390752975,-0.6520194224718112,1.0974104559016644,0.0,121.36328153443735,2136.961602173985,6630.7331350751565,48.60162052224532,26.55794306660996,2673.90721375862,8.97665729872867
2020-05-29,0.21788418944129162,0.42200294747063216,0.9818660352739154,-0.6457288855926688,1.067731833063301,0.0,121.69184276781297,2133.52007451801,6623.304818519119,48.768078509535734,26.157327391070044,2654.782295658529,8.953631278448027
2020-06-01,0.18229146844209063,0.4005303579303463,0.9974614709624626,-0.7193506875506293,1.1198810454809756,0.0,121.41782521030572,2145.6984436038983,6681.176976506961,48.483044006742084,27.986761909373367,2694.1199607876756,8.903227875379953
2020-06-02,0.1808664465176362,0.4495889533287365,1.0445567912512388,-0.6917479869585499,1.1413369402872864,0.0,121.89063372787146,2154.0016936573215,6742.579823750714,46.85787190989995,27.835504560191467,2677.045126203904,8.8304539012839
2020-06-03,0.19535129970736104,0.45512319854885963,1.0548983646485843,-0.6780415553897835,1.1331647539386431,0.0,121.41545414033801,2138.4071746483264,6683.9625227958395,50.24238904398649,27.3723814029838,2689.3919672174115,8.81084521213524
2020-06-04,0.16497397299203448,0.41201233647005664,1.0295099946044717,-0.6913688912556227,1.1033812277256794,0.0,121.13097877007357,2150.608719689152,6746.809764828562,49.50064041914387,28.002099443843342,2677.841209032946,8.721651172595328
2020-06-05,0.17951475347518375,0.4713567241409031,1.0869559041696375,-0.6504127320816437,1.1217694562225469,0.0,121.21068604343337,2150.3553485611515,6754.161370634653,48.44106297713088,28.916304536254703,2700.917008586567,8.748878885543968
2020-06-08,0.17624911403936178,0.49824966533737924,1.095775260598362,-0.6190787346608367,1.117328399998216,0.0,121.04078459475903,2143.902137083413,6741.488950782615,52.41057566474672,29.65206246620747,2685.3221003695985,8.692415683727013
2020-06-09,0.16163071020615397,0.4956185083054042,1.0890598950207953,-0.6355756153455859,1.1311941236509901,0.0,120.50496452381742,2152.2912794798817,6725.108209344866,50.24931684867864,30.458859799571925,2717.518416150347,8.679712157635887
2020-06-10,0.1527216111915006,0.4997232292470888,1.1328603777846076,-0.6620434274945233,1.161766656741612,0.0,120.19759530872986,2178.010904593087,6825.672258413483,50.07969425885305,30.632800094483983,2737.16560218162,8.61686430024874
2020-06-11,0.07175338281511218,0.462683792455453,1.1220397314269734,-0.7297271992443155,1.1924109916997685,0.0,119.72556811751775,2184.606076129135,6869.08346828542,53.608648093302904,31.135498508995248,2787.2828587768854,8.55273649965134
2020-06-12,0.030572666155963046,0.44529622936300206,1.1098075211316991,-0.6975901806838569,1.142886410046859,0.0,119.50832535284447,2166.7379807532366,6815.621704305747,53.47007442131732,31.52534095819261,2793.2185435413176,8.663046609497352
2020-06-15,0.030454312990678606,0.4699114881710753,1.1533119989890803,-0.6809043477590662,1.1508158359301415,0.0,119.5731299151528,2191.5033076751606,6946.772600143133,55.807670885759805,32.12321928085501,2792.2531552811447,8.502338733216357
2020-06-16,0.05649448349069425,0.5195395971654587,1.238424516791318,-0.6667485504636926,1.1862881476291514,0.0,119.10599376659569,2223.4518060399246,7135.725306882816,52.05612512307044,32.81944651330776,2795.5827577294403,8.389089590397779
2020-06-17,0.14693691142040022,0.6215748191749151,1.3399760136895418,-0.6077677632410057,1.2293425824159208,0.0,119.64095178892336,2204.300896327209,7095.59648395322,56.97214326163904,33.447727524425375,2803.790343062817,8.45174650195221
2020-06-18,0.09295516452513083,0.5529234257149896,1.291829663584688,-0.7072513062017168,1.2601747319167065,0.0,119.666705978507,2218.7594022771727,7131.238178634042,56.06268448876794,33.984547278068575,2813.195782444665,8.508031624735038
2020-06-19,0.1029808367090662,0.588126179020081,1.32927904118464,-0.6814976516039947,1.2696238306240757,0.0,119.3477266614611,2250.0071969304854,7290.480096889135,53.13278345885467,34.576059584121374,2839.3852819472636,8.44325774842681
2020-06-22,0.04801697395428972,0.5705945781468104,1.3091167368374719,-0.7072219090292556,1.277816487176066,0.0,118.94504484267136,2261.9093545341916,7368.4286105548035,53.5584383856647,36.64318873636215,2838.7715011721393,8.312973783160194
2020-06-23,0.060381544295423806,0.6149516981256065,1.347171630531768,-0.6781322769583837,1.2930839750839902,0.0,119.60328768012373,2261.1531228803497,7329.670237202281,50.00681968517349,36.27543151732328,2820.2936542688963,8.395027096016616
2020-06-24,0.03,0.5389285265293953,1.260847940099807,-0.767683273037727,1.3066117995671223,0.0,119.4253312787221,2272.2257247179787,7377.672766057936,44.34116712256027,36.47690503564888,2839.55085369361,8.298358445491829
2020-06-25,0.07004130802413047,0.6085499693293792,1.3466662670360792,-0.7178569432134967,1.326406912542876,0.0,120.24881653505626,2248.2274163873594,7261.079531910691,51.485606139773274,34.96508214512458,2815.1278264730745,8.428429647085904
2020-06-26,0.12759749988529512,0.6802280290923385,1.3825164637833232,-0.6544713745546661,1.3346994036470046,0.0,119.94576371451302,2274.9134287372635,7334.120269406011,55.11826104154397,35.1274278926899,2803.958403727083,8.398978724658939
2020-06-29,0.0749361098077728,0.617971027010026,1.3192829953203302,-0.6886248102990193,1.3065958373090454,0.0,119.79435364407459,2316.1819910302465,7447.479608720598,48.499738651268665,36.167846225635884,2829.219858767157,8.227139033616126
2020-06-30,0.07717765041447791,0.5989280781337517,1.313125007879263,-0.6998905434790043,1.298818621612756,0.0,119.95434648019297,2337.393361326924,7574.616595592604,44.97682520893541,35.941438304264764,2845.519063426329,8.1701665205912
2020-07-01,0.12446808452026607,0.6350145980419067,1.3223008941577532,-0.694042486819073,1.3290570848609797,0.0,120.19339420647981,2349.2712503718535,7631.547685842614,42.79193443919455,36.36858283902688,2812.8476293820663,8.138112877926336
2020-07-02,0.10609009312614555,0.5743975485025972,1.2841079311987298,-0.729672673867179,1.3040702223697762,0.0,119.93632257807445,2337.594313866945,7636.42930851814,43.359466197972395,35.31178642377663,2828.4140216781952,8.116464640481693
2020-07-06,0.06204771007578183,0.5165556879167278,1.2374739602997238,-0.7600841559928416,1.2766398439095694,0.0,119.94873587637477,2355.8477934714856,7740.652659924335,45.74247482628394,35.19695386236495,2835.9679555751154,8.068704032454125
2020-07-07,0.08304341972816834,0.5260098781863478,1.2314844640251734,-0.7737390817445846,1.2997489599309324,0.0,119.4476498440013,2405.599758976356,7900.071426851358,41.941558521005774,35.11752339322547,2833.919697234347,7.84707621261213
2020-07-08,0.03714421934686141,0.47531333131771436,1.2075168915790258,-0.8236834352086068,1.2989967665263211,0.0,118.87152629610203,2400.273587107828,7896.056208240247,42.76040659223337,34.72870876906572,2876.0265629223054,7.915218789058341
2020-07-09,0.03,0.39798956671692076,1.159729900466333,-0.877388743193008,1.2753783099099287,0.0,118.86351784537545,2377.271262421284,7804.258797082615,46.326007999046304,34.98765019998673,2891.416404846971,7.945953572305029
2020-07-10,0.03,0.3526057443423882,1.155406022857524,-0.9133744524190641,1.2659801967614523,0.0,118.79234023118312,2373.433690629859,7730.619099499543,49.40234018135087,35.34445232440119,2937.414016938375,7.868704820301454
2020-07-13,0.03,0.3211720708391448,1.1420051392092252,-0.9485115877775405,1.2696836586166853,0.0,118.47455901654675,2393.367591465451,7831.349930854008,47.556652979170934,36.50710848414961,2952.926721388996,7.795121218101694
2020-07-14,0.03,0.2289681875134688,1.088812215844485,-1.043450020955492,1.2724182084689608,0.0,117.84005180808029,2401.2186838614734,7836.98571456096,47.67174994107209,36.485889195550115,2987.141514399943,7.816578031284322
2020-07-15,0.03,0.21455255848558097,1.0635471697277834,-1.038030963506944,1.252583521992525,0.0,117.70047472222491,2431.358236580215,7947.150476060486,49.211573305987514,35.44591363992281,2962.2827863096563,7.815080537363359
2020-07-16,0.03,0.2558667880360739,1.0946860024208773,-1.031278432501078,1.2871452205371519,0.0,117.77395997153272,2434.805609677241,7993.521442143688,45.640311046550245,36.00698414034391,2960.446502637535,7.726456019614439
2020-07-17,0.03,0.15889300335120304,1.0106792422766677,-1.1382290379496256,1.2971220413008286,0.0,117.35707392875898,2459.4505616169527,8116.699348454808,40.570839338679775,35.611274048847484,2986.647372466203,7.616996680544393
2020-07-20,0.03,0.17426515770285844,1.030099927012438,-1.1537077935668734,1.3279729512697318,0.0,117.39904121866645,2499.610961537594,8284.20768471202,38.27732991165978,36.9569070760421,2972.239148946219,7.501257227161244
2020-07-21,0.03,0.1519635532690029,1.0218410444159811,-1.228650225071242,1.380613778340245,0.0,117.75386319105274,2516.4581164131537,8341.29462005057,37.19424811049428,37.841062753350855,2967.1568830756205,7.419067188838436
2020-07-22,0.03,0.1833568179443983,1.053520339502007,-1.2215132293294255,1.4048700472738238,0.0,117.57412404954994,2555.2478896996186,8490.936764088192,36.09927951889617,38.21282085426013,2968.7909317708722,7.309510685750434
2020-07-23,0.03,0.20443824807637068,1.0879838010000635,-1.2335041222841419,1.4379423703605125,0.0,117.52383848096619,2574.471184891204,8549.175571038115,34.571427334039335,38.33464466600101,2987.786106009087,7.275266381090874
2020-07-24,0.03,0.30008592654387267,1.1688148459363545,-1.1593643248890346,1.4594502514329073,0.0,118.17568046495674,2559.700673933839,8503.199962758532,37.78987889304015,39.45681077874912,2936.521192946836,7.266657761647232
2020-07-27,0.03,0.2837094674945577,1.139541040733636,-1.1912893021944297,1.4749987696889875,0.0,118.55150568354618,2580.681188678385,8540.633632772347,36.45049710513096,39.15047219083941,2922.953462275044,7.176262931500691
2020-07-28,0.03,0.34386308247196684,1.1856973596487648,-1.175596579445191,1.5194596619171579,0.0,118.9448240170245,2578.928060194628,8530.908725551833,41.80384568080193,39.543274653893846,2891.9059815502656,7.187721269599407
2020-07-29,0.03,0.3119704570397832,1.1251635869176884,-1.199944336879587,1.5119147939193702,0.0,118.80956654862975,2591.226925035098,8570.82927223801,43.81914920312336,40.00819838304457,2904.9951539355284,7.101092918373075
2020-07-30,0.03,0.45386351932050584,1.2554631975033594,-1.1156899159815479,1.5695534353020537,0.0,118.98789040281261,2624.822264412952,8636.192003695554,43.64294219964396,40.01353889439183,2889.8818327402655,7.122592064005856
2020-07-31,0.03,0.3924437635900182,1.2021495835923046,-1.154588176971578,1.5470319405615962,0.0,118.58501292403572,2635.871939156735,8638.881735088935,41.79423055616371,40.54982786609666,2887.141474844241,7.099575724734323
2020-08-03,0.03,0.38894363978851754,1.1995518012405568,-1.2008934926616726,1.58983713245019,0.0,118.66261064289637,2669.7369521477995,8714.197344192566,38.09044950396018,41.99480338794135,2919.0610094146605,7.002996002610732
2020-08-04,0.03,0.3678281105761594,1.177284747493256,-1.1874422201919779,1.5552703307681373,0.0,118.9936550325271,2638.7867357799246,8607.012134200555,43.09188809957071,41.339848939530235,2908.3198859520217,7.10972160831515
2020-08-05,0.03,0.4020047758770029,1.2086095861092012,-1.1591125646133709,1.5611173404903738,0.0,119.23389913754093,2643.3224353452065,8579.511426576119,43.3129244088082,41.222528412177795,2924.2562444363116,7.140776652052818
2020-08-06,0.03,0.3397377705092659,1.1448127622713906,-1.185063676986925,1.5248014474961908,0.0,118.73511187368764,2657.9495739248437,8687.504373272983,40.70865700829791,41.42808599321793,2899.0601887360303,7.091130989177615
2020-08-07,0.03,0.3073617664041741,1.1112793307615123,-1.216484419760554,1.5238461861647281,0.0,118.45042905121218,2679.89790921998,8709.469281838354,37.352525859079016,41.59392520481878,2904.917091957628,6.953695219701305
2020-08-10,0.03,0.2540134111564365,1.0811408994042573,-1.3055309834162538,1.5595443945726903,0.0,118.0262571876327,2697.5839072229996,8822.585887357256,35.64215269948247,42.47096836077491,2932.03470014977,6.892723427452688
2020-08-11,0.03,0.3297661586341005,1.1599181543002661,-1.2853028407348903,1.6150689993689908,0.0,117.9189801159394,2701.1659302889807,8810.621700422185,33.12785227907989,42.76869081245437,2943.5940526154886,6.8934629415258035
2020-08-12,0.03,0.3098021538874971,1.1233870410724238,-1.2738522249444437,1.5836543788319408,0.0,117.80122060797882,2694.1718342634176,8773.623983115918,33.290313875377215,42.2202093917405,2939.510487640345,6.949663141901474
2020-08-13,0.03,0.28712444280325444,1.099942058447325,-1.2973288716917335,1.584453314494988,0.0,117.33520479594881,2681.147471842867,8687.635501312965,35.94734598514262,43.07409714287583,2971.7332162648568,6.844082027017586
2020-08-14,0.03,0.19986778851453568,0.9990997475170011,-1.3600822295162223,1.559950018030758,0.0,117.21225356632144,2700.99732347556,8726.676896600515,35.39939992507907,42.8231841703576,2973.3800410980625,6.6794311451111
2020-08-17,0.03,0.24017248453730788,1.0255380502164804,-1.3484890738648532,1.588661558402161,0.0,117.73775344906353,2661.92128480511,8559.054202800142,39.56294776881289,43.548266737752265,2935.978284611194,6.6885253566031615
2020-08-18,0.03,0.2019115567270402,1.024496643298787,-1.3310679677766686,1.5329795245037088,0.0,117.49227117528436,2579.869964426819,8257.717828471621,49.13131841686542,42.70777610212929,2995.6263412091366,6.8167572830575125
2020-08-19,0.03,0.17753665000066676,0.9823472418171704,-1.3651397401240275,1.5426763901246943,0.0,117.73824865738764,2621.7534604901875,8356.706203745705,48.585061850907806,43.35449236639422,2985.8541750937643,6.693181573506621
2020-08-20,0.03,0.19310825416476396,1.022326646431476,-1.4190187786948183,1.6121270328595823,0.0,117.61732636379926,2621.2807577796857,8353.33626009764,49.4328777197395,43.43249618265852,2994.0705022878724,6.654443448032333
2020-08-21,0.03,0.2406555381063935,1.0670606738211583,-1.3852724443758935,1.625927982482287,0.0,119.24478221136023,2604.801763449209,8258.106914854132,52.699785649011474,42.22056153947115,2950.1468601386905,6.62422442912449
2020-08-24,0.03,0.2648168076848756,1.0742421210110296,-1.3895376406157252,1.6543544483006007,0.0,119.28874173557071,2661.7386820619795,8474.719998317762,49.50601383580245,42.19575448343302,2940.388788786963,6.448437504050109
2020-08-25,0.03,0.3059993549544806,1.104925199080888,-1.333083248660229,1.6390826036147097,0.0,119.19805617401747,2676.8002647092094,8514.350878206827,49.14589614897335,41.77587714312157,2922.7848002569526,6.541686094942946
2020-08-26,0.03,0.24735404998918198,1.063543606924875,-1.4204554016841384,1.6678094516733204,0.0,119.0034570693175,2685.156840750944,8541.991022386299,49.74372365314971,41.63307037376207,2966.552202719561,6.395257805957057
2020-08-27,0.03,0.27927673087876936,1.0915537790098568,-1.4136782857694725,1.6929550166482419,0.0,119.18488225477121,2713.471798363822,8603.81028613792,49.422452618880996,40.85770784883806,2934.880387026963,6.42305811579696
2020-08-28,0.03,0.34820660967656947,1.1655683929719474,-1.335161303080186,1.6833679127567556,0.0,119.84345765259637,2701.978190876255,8603.568564975501,51.83057973422684,40.45820635883789,2924.3344420937974,6.42966198694781
2020-08-31,0.03,0.3673476437636385,1.1921970187359698,-1.3044038089150765,1.671751452678715,0.0,119.87069459280426,2666.3776854235584,8408.160715028185,54.27088875167914,39.9310698650207,2906.592535236435,6.527395583680001
2020-09-01,0.03,0.3955073202114192,1.2539390776158532,-1.2715331860810073,1.6670405062924265,0.0,119.75162298398095,2630.2436095781836,8279.448542401024,59.93103548168815,40.60624870681376,2914.3788608930645,6.6058728913307405
2020-09-02,0.03,0.35025560908379894,1.2087796084510942,-1.2119844724697202,1.5622400815535191,0.0,120.10845950862044,2569.216766756327,7996.038455983003,63.71957881354731,40.93069672948661,2885.0869656961954,6.719826046364897
2020-09-03,0.03,0.34367956261779287,1.216079120615799,-1.2429283587730795,1.5866079213908724,0.0,120.82683734892711,2525.3103120188416,7860.360389654631,67.28996467241811,41.200272028946436,2880.716003934293,6.764357552530831
2020-09-04,0.03,0.2553977745765308,1.1486377546149313,-1.3547547307069523,1.610152505283483,0.0,121.47892901549498,2462.991671912757,7580.135174321633,75.05668687316474,42.37041515304918,2858.0907945027116,6.94299070187747
2020-09-08,0.03,0.19326081387880856,1.0636306759647463,-1.3909811136965315,1.58424192757534,0.0,120.46836011923423,2516.5283520052008,7777.749098047039,68.36476016890862,40.22953344244202,2875.781608468877,6.6204969459384655
2020-09-09,0.03,0.25601975309077796,1.1144822650861448,-1.3488019553711723,1.6048217084619503,0.0,119.85772384076802,2562.034623660445,7972.420624314672,62.51551976517364,41.85833696955997,2886.4058871823345,6.5281487459500624
2020-09-10,0.03,0.328792749447016,1.1570106227162387,-1.323390000617493,1.652182750064509,0.0,119.59246911445304,2578.1956216750864,7953.489530961534,57.888968702235175,43.04964441416289,2916.051204421663,6.625100147603682
2020-09-11,0.03,0.2959603049788073,1.06979595186322,-1.2608017628489654,1.5567620678277727,0.0,120.03817035044418,2558.1871504796263,7841.7605208742925,64.4819793315593,40.80199608155348,2919.503772169456,6.722605755573714
2020-09-14,0.03,0.23379245281624428,0.9802422231145146,-1.342358284119208,1.5761507369354524,0.0,120.63139518579203,2562.9913736188705,7883.565388919176,64.40963302269627,44.67536354163181,2876.417070914487,6.497198673206276
2020-09-15,0.03,0.3210616498536236,1.0958685851048344,-1.370743177025093,1.6918048268787167,0.0,120.35741298573943,2575.6310680778893,8021.742698134719,68.79812356221382,47.283308747310386,2903.873388738326,6.444045275671114
2020-09-16,0.03,0.3111771093273936,1.1371512814532718,-1.450986861076216,1.7621639704036096,0.0,119.89135303917494,2602.176455816495,8097.078796538586,61.80359991414494,49.47678079441548,2936.5721565444646,6.421426075819381
2020-09-17,0.03,0.2679720143106823,1.120900504597324,-1.4980711094783363,1.7660431237890186,0.0,119.45096322542703,2655.679571705601,8234.560972151081,61.93305139569587,49.58365972785003,2963.6904607443325,6.110742996458234
2020-09-18,0.03,0.22127319010325275,1.1216349210117786,-1.5747739411780488,1.7960471312813016,0.0,119.26896691588946,2670.772447612441,8254.164220790042,63.063184899187874,51.58613949752829,2960.2270741998805,6.0976768021037016
2020-09-21,0.03,0.3456442259373014,1.2409946306989,-1.4634711573301646,1.809115383267466,0.0,120.5725200174361,2716.758319128395,8433.191246084807,57.8882263032771,52.48556524170258,2890.127389386424,5.792420787365147
2020-09-22,0.03,0.2538482121195127,1.1630582598448078,-1.5223074605293738,1.7761556726488865,0.0,120.25282496229008,2714.6571538456355,8365.935832324574,58.6150165615663,50.12732961672221,2914.8958468524347,5.730484105681114
2020-09-23,0.03,0.27275696824192397,1.211858303883014,-1.561091313548463,1.833848281790387,0.0,120.68830676507265,2648.59805938663,8002.901916703151,64.730170054952,48.12507605550552,2928.9707684473196,5.941549857201624
2020-09-24,0.03,0.2533096112898361,1.2220710313177363,-1.6405309193119353,1.8938405306017714,0.0,120.86359983577529,2654.14460254159,8063.047847660983,56.603452213517095,50.92687860425678,2936.220362879918,5.7225509508841075
2020-09-25,0.03,0.21344567532592085,1.1533163836116227,-1.6155666538687206,1.8290123291946414,0.0,121.00932310648702,2675.9824646567868,8188.003719618826,52.49983305606383,51.02418275677232,2926.7959154414884,5.659462626402778
2020-09-28,0.03,0.2627537515839138,1.1689582590167196,-1.5387545114149308,1.8015082629988446,0.0,121.01180342408576,2714.9121271894205,8341.36521857771,51.581783519651566,50.44400027912236,2861.348577973906,5.570293207506453
2020-09-29,0.03,0.4527671974987324,1.3835345769967324,-1.4165147700201188,1.8692819675188512,0.0,121.3661012278237,2683.449164679827,8182.290555659128,54.37071053518448,49.04883496747869,2846.5220914956712,5.731040630612424
2020-09-30,0.03,0.527741748576134,1.4732520169017747,-1.3531641344436467,1.8809058830197807,0.0,122.87390835024067,2596.437379732817,7871.720118596946,59.088507792360964,49.060976014043405,2807.867280085869,5.886909757036719
2020-10-01,0.03,0.6147761545469208,1.5309647506623545,-1.221131569379757,1.835907723926678,0.0,124.27828243176856,2570.1137900043695,7802.8493127713755,61.40114722232989,48.09634414689094,2702.259164690436,5.9335190330222645
2020-10-02,0.03,0.6534103393543169,1.5776067872494797,-1.1758348034397845,1.8292451427941014,0.0,124.72482611435417,2499.1826708946737,7501.281370795562,64.46579093926616,46.717634542851066,2685.435800767271,5.85559543633062
2020-10-05,0.03,0.5536299684183379,1.4869083406182737,-1.2915552348682469,1.8451852032865848,0.0,123.22048589129352,2603.7096459634945,7778.837940044914,53.230300949579586,49.84413380572203,2697.7294658997234,5.488867666610407
2020-10-06,0.03,0.5893843155646654,1.5422608780623492,-1.3160777404694857,1.905462056034151,0.0,121.91779788384713,2682.8188639498944,7992.509376738679,44.86802490511174,50.67610379179986,2707.974448279546,5.199594560653678
2020-10-07,0.03,0.3957180742441082,1.3664687532215924,-1.4479284157225214,1.8436464899666296,0.0,122.0513307325137,2671.4497858262234,7967.110325085641,48.96018819359329,50.59881136075427,2742.2520133389717,5.206796941149242
2020-10-08,0.03,0.4886867617242483,1.4074501302982787,-1.389016719370536,1.8777034810947844,0.0,121.78238196822234,2657.751336511658,7927.405626856494,49.77166507963173,51.04684157256546,2740.134133005383,5.120917323786509
2020-10-09,0.03,0.5232597968392667,1.431741710908149,-1.3926174981515855,1.9158772949908522,0.0,121.70943282723802,2714.3876039374068,8175.462824412885,41.19338065696309,50.86266520713652,2758.2387976132163,4.881837227760762
2020-10-12,0.03,0.4437757150040469,1.4230769947255544,-1.5372571022082144,1.9810328172122613,0.0,121.77256530440708,2738.3313665076766,8287.588082104743,40.98508930981083,51.67285419908427,2805.1173757775427,4.755804862559243
2020-10-13,0.03,0.4419272350278036,1.402327426753328,-1.5108923278733757,1.9528195629011793,0.0,122.70735470217089,2697.1777059315136,8187.790655761124,44.71581546019718,50.59641505286345,2794.0243729199456,4.893181540158777
2020-10-14,0.03,0.4561036597757122,1.448251024886186,-1.5379899831310848,1.994093642906797,0.0,122.84902151520426,2668.8386481667067,8105.720480754569,40.85809480684781,50.57808526705699,2802.2337034954194,4.908535775030633
2020-10-15,0.03,0.5311740918592269,1.4765378239866531,-1.494183097212574,2.025357189071801,0.0,123.048220088249,2693.8680826504456,8229.487763245432,38.847979351510645,50.537360575741516,2793.6047857717185,4.881114843726271
2020-10-16,0.03,0.48926030042217183,1.4822384290862023,-1.5676590133352746,2.0569193137574464,0.0,123.24548957394757,2665.376281266845,8152.117813883082,36.03795608548761,51.19189028362724,2787.609592709988,4.941073901431446
2020-10-19,0.03,0.4487310085250793,1.4615670793960158,-1.624168851138673,2.0728998596637522,0.0,123.2457981093862,2668.2090921429576,8172.915053245978,36.04205947657258,51.81418925663813,2815.378206723306,4.980304203400714
2020-10-20,0.03,0.37328405862887193,1.3982630933355569,-1.7165214655845467,2.0898055242134186,0.0,123.22443604133566,2728.8124897851267,8361.863057569717,27.982409641308866,52.70122492151947,2818.8951244096743,4.804825602962665
2020-10-21,0.03,0.36324109226932944,1.3516329517875896,-1.6775781283887072,2.0408192206580367,0.0,123.18679185638796,2720.4596770147036,8337.844156967887,30.216297452353473,51.95378050754641,2804.8764240955215,4.832635286609885
2020-10-22,0.03,0.21802756055472794,1.2540449571844134,-1.809995461524194,2.028023022078922,0.0,122.64460898424826,2710.6582446814587,8326.257122964666,29.60623687116943,53.447181425736304,2844.7105576608847,4.64011392291598
2020-10-23,0.03,0.27470909826550605,1.3246431486701369,-1.7890671535418137,2.0637762518073197,0.0,122.83365318966447,2710.410267213338,8280.793522061387,29.725885914193178,54.24426646446678,2809.917526844325,4.681690247231664
2020-10-26,0.03,0.28774744007899367,1.3495347160270126,-1.7625896905894742,2.050337130668468,0.0,122.83329418524285,2671.0817830350143,8111.75581252115,31.431173317791885,52.129988720136986,2806.7809734500343,4.752360582062992
2020-10-27,0.03,0.2997026595374048,1.3801110107437624,-1.79247520031876,2.092177859856165,0.0,122.11662858693558,2716.151995858364,8288.90812569634,27.0388098164558,52.53916822426758,2806.5345418477104,4.536235338549921
2020-10-28,0.03,0.3333829130755419,1.416652784519788,-1.7291484507272668,2.0625313638028087,0.0,121.73357412785484,2687.0401194561687,8200.379930000166,30.268416329169778,52.413896218777175,2843.050023003266,4.628742462379797
2020-10-29,0.03,0.3756942835142554,1.4364627616191465,-1.694231118295324,2.0699254018095794,0.0,121.86264567970119,2705.269744339933,8296.682137701717,28.762207704957596,53.1800345777421,2839.925751548644,4.623156565288615
2020-10-30,0.03,0.41122109121918937,1.4911871444211693,-1.68983697755182,2.1010580687710094,0.0,122.17843979969071,2678.3638925480427,8206.64106877273,29.501727163653943,53.14187847471164,2829.1275593840633,4.784025782818247
2020-11-02,0.03,0.3914726113278635,1.4655763227748508,-1.746090566373366,2.1375631777012294,0.0,122.36949700885728,2696.4975934818603,8290.866431492617,28.062680455235515,53.93194031342054,2856.7134204041095,4.6011087540675435
2020-11-03,0.03,0.3393839190965058,1.4406454186371627,-1.8486647097059952,2.188048628802501,0.0,122.01135968809483,2660.2832632540885,8148.919929599009,29.70104217837622,54.87197953361382,2887.2770908109987,4.650965618587988
2020-11-04,0.03,0.34758129680802163,1.4519018162627813,-1.793196557413701,2.1407778542217226,0.25,121.40677822327736,2690.3433716659342,8336.188358910767,29.85916197006927,54.085031601869225,2872.703431294663,4.680932718685181
2020-11-05,0.03,0.3730688484728881,1.4768503612612631,-1.7767058528408344,2.1497747013137225,0.25,121.2819341010764,2674.648010337409,8335.32008580256,30.68177331242421,54.66390417259327,2850.185227205524,4.6920829928724315
2020-11-06,0.03,0.36721017274101997,1.466907005293557,-1.7640558381220905,2.1312660108631105,0.25,120.88101502315345,2661.2468061561003,8297.628001548546,29.45355842636206,54.5702599243396,2883.1559117153147,4.753500766476689
2020-11-09,0.03,0.3660561435932983,1.4533674401635215,-1.7798657670527642,2.1459219106460625,0.25,121.15418770762427,2684.882083706181,8382.066675403325,27.92677591469763,56.04900997546203,2861.879911841778,4.63183653212001
2020-11-10,0.03,0.30111044837933787,1.3893406606247796,-1.8234375101273164,2.1245479585066542,0.25,121.23151295888442,2652.150549857848,8227.060285701407,31.399354841578337,55.13435423269015,2860.6584198643473,4.748031937661988
2020-11-11,0.03,0.4570104044450285,1.5133819980626018,-1.7418118736434862,2.1988222780885147,0.25,121.33229821710287,2696.6724331923892,8367.878524674627,29.32357134899841,58.28667877408033,2873.201991591903,4.614878958571678
2020-11-12,0.03,0.4194097041346092,1.5120899894158737,-1.769251169688319,2.1886608738229283,0.25,121.35374758195114,2661.0207698232316,8210.768377081627,31.489380533203995,58.952504268834126,2857.1580568982317,4.69863888180329
2020-11-13,0.03,0.32485732429679937,1.465689878779782,-1.8769076246625214,2.2017649489593207,0.25,120.95736336770427,2665.1150309551126,8259.505755543954,28.715806670337045,57.58849971845158,2865.32374881582,4.661233758029974
2020-11-16,0.03,0.26605144545005066,1.4125372335049051,-1.9325589515254098,2.1986103969754605,0.25,121.2261711938532,2658.0652723103562,8287.968881585597,27.124908579023128,57.944773171280175,2871.343987318706,4.6215051142756085
2020-11-17,0.03,0.25712702593962744,1.3733479194246312,-1.8937109625091448,2.1508379884487723,0.25,121.63394134630377,2647.045072248533,8245.863412326406,28.60338555855268,56.24354457858061,2838.431296858873,4.629359632032283
2020-11-18,0.03,0.3234275044139501,1.408823402767747,-1.8234362173653518,2.146863721779302,0.25,121.3447571764604,2605.433511168192,8091.627967397864,31.359732577347554,57.01459547467503,2843.3750460035617,4.817077191190353
2020-11-19,0.03,0.34063994014052534,1.4033494179532178,-1.8284840425198907,2.169123982660416,0.25,121.2475028466186,2616.3895809212663,8154.551364985454,27.041681804307206,58.263498038453164,2848.8895778464935,4.84227739610424
2020-11-20,0.03,0.3879108617792104,1.4464335154491499,-1.7782383113990576,2.166149173178268,0.25,121.21453493254593,2595.6692425311285,8066.2316470662,30.089233645274547,58.78452691658328,2891.0999118179257,4.913616834882009
2020-11-23,0.03,0.4374747782752957,1.4572779862253502,-1.7155930559311479,2.1530678342064435,0.25,121.16468024338008,2586.2782492877895,7967.784380832572,31.283808774183257,58.938440002043755,2874.6842770643652,4.90195332183429
2020-11-24,0.03,0.5062647369028523,1.52831687268565,-1.6115341166626682,2.1177988535655206,0.25,121.3003616890298,2548.524565865833,7809.383974088266,33.21104476070315,56.595407626565716,2857.4830043363977,4.982247507967605
2020-11-25,0.03,0.3949909579401245,1.4639916530555965,-1.740090785969333,2.1350817439094576,0.25,120.80224755198098,2544.7165526387485,7829.604042852527,30.45673695601096,57.960315308385425,2879.9774549508547,4.872694125788168
2020-11-27,0.03,0.46955175678317573,1.5140452493460717,-1.66659443662778,2.136146193410956,0.25,120.2710759326073,2556.0764163555946,7874.931030135956,31.767619459926614,57.70415451656152,2869.290813609398,4.759020724190627
2020-11-30,0.03,0.4624614921052863,1.5136055901445704,-1.6302920817108133,2.0927535738160996,0.25,119.91264500029699,2500.9499893370453,7643.433315853218,36.6952565273234,54.40556199432756,2888.571096449387,4.862854880589524
2020-12-01,0.03,0.37256864271316203,1.4432544107210141,-1.6945715654909703,2.0671402082041324,0.25,119.82386852354966,2457.884474578507,7534.593354370502,36.58385877811543,53.85440851588744,2893.206944189432,4.931261931909698
2020-12-02,0.03,0.35996789928279593,1.4237391706157532,-1.7067133395557401,2.066681238838536,0.25,118.89525526763724,2433.209447430623,7398.717373985868,36.63490587427954,53.722775658939014,2936.9715758144607,5.052025494121038
2020-12-03,0.03,0.331610793834872,1.4362130168292107,-1.7887457743440454,2.1203565681789174,0.25,117.85220385287808,2480.016071844984,7500.154595123986,30.099998537277152,56.885174218084636,2945.4206219154407,4.842278227926344
2020-12-04,0.03,0.30739656341923194,1.4251580341708605,-1.7918768202863369,2.099273383705569,0.25,117.88637193623707,2471.1709424878095,7490.570871555256,29.780215529567535,53.40980446573928,2942.458690349169,4.898613385350863
2020-12-07,0.03,0.31997460113112064,1.4259046819891754,-1.8004062282203783,2.120380829351499,0.25,117.66381974677304,2505.8028572845465,7611.229233046063,27.25571092971635,54.853509701418645,2928.369370739249,4.7643152904440225
2020-12-08,0.03,0.3193367484289975,1.4012196965474886,-1.8016874829171348,2.1210242313461323,0.25,117.51364641077946,2539.505502903965,7790.213904111052,26.578940327194633,55.05393288433695,2943.2046046948935,4.575197227254528
2020-12-09,0.03,0.3251855045741223,1.3867269385996983,-1.798344885200064,2.1235303897741864,0.25,117.9732068977538,2520.014431607984,7762.218877367755,27.682381194549873,56.14112991444048,2943.9157825768575,4.6889718674478225
2020-12-10,0.03,0.3479016236466008,1.4079770462176082,-1.7926106759265217,2.1405122995731225,0.25,118.06135406777494,2545.1427556446756,7837.05459271911,29.763438992449295,58.62585417154775,2926.6917552201826,4.532476376305485
2020-12-11,0.03,0.33066302139408466,1.3456319372940893,-1.722622549208602,2.0532855706026867,0.25,118.63977729695004,2520.3551580073704,7708.5373426556025,30.388504148388172,56.07488853600137,2844.1209723006855,4.469773571197271
2020-12-14,0.03,0.1818155455557775,1.2241950064123202,-1.7817530553195198,1.9635686008752973,0.25,117.89628888221736,2513.3377126075384,7631.251557097476,27.81126463169772,55.34506678095512,2861.013364989133,4.2640389403567305
2020-12-15,0.03,0.20397905799775118,1.2164903661743292,-1.7462043438833235,1.9501834018810746,0.25,118.08281672126377,2522.160136442448,7642.564205560838,25.97438134969635,54.68334106217381,2854.6000929891543,4.199369205935105
2020-12-16,0.03,0.11565823009897369,1.136592234633716,-1.7805028284279514,1.896161058526925,0.25,117.90989180387047,2559.3791501037545,7781.0274757685,22.77455020396359,55.32768735557607,2813.7352975178533,4.036925686474167
2020-12-17,0.03,0.15643554685852967,1.134229820223749,-1.7452796239711081,1.9017151708296378,0.25,118.15199027215134,2570.3905564407437,7864.982519306526,23.928300268775367,54.010972650373525,2830.2675568196646,3.934829367418357
2020-12-18,0.03,0.24747533509355213,1.192154560137745,-1.6914782716241414,1.9389536067176936,0.25,118.67597455968543,2652.445500810153,8190.1643863324025,20.277032273326274,54.98978687545488,2777.2825035874307,3.6565923722517755
2020-12-21,0.03,0.2708139055533585,1.2299318721660117,-1.7124583173474925,1.983272222900851,0.25,118.05602363819533,2678.836541557768,8336.255725111325,19.939896862209263,57.949903025065595,2794.875480654827,3.5286622614241194
2020-12-22,0.03,0.31348578271904937,1.231519085299148,-1.6729234623249956,1.986409245044045,0.25,117.8478599719271,2659.463782279526,8228.583775830042,20.0911319311501,58.724153320070805,2817.743145941051,3.6393811832106047
2020-12-23,0.03,0.3395062227139065,1.2277763537887139,-1.640672517680084,1.9801787403939906,0.25,117.80159204877098,2662.5006745814862,8315.625019531632,19.221489149492577,60.088562943823014,2799.226035974169,3.6444520242506813
2020-12-24,0.03,0.28696876930420046,1.1791062769054024,-1.6812996448821829,1.9682684141863833,0.25,117.82929375368273,2651.1890900445264,8305.784778814848,18.73475109313058,57.950765353059836,2810.786093426625,3.6366388317975673
2020-12-28,0.03,0.32555087545647843,1.1976361149342616,-1.6506907145167546,1.976241589973233,0.25,117.82659934942369,2655.990130979718,8325.24000577451,18.43001532912241,59.12291479374812,2829.6473274575237,3.5221200386698985
2020-12-29,0.03,0.32346830002338534,1.2234751709432858,-1.6852544631890276,2.008722763212413,0.25,116.96329936092522,2660.093639883887,8371.21493671373,18.245853964785013,60.93153464901461,2851.712323050432,3.4576788609887528
2020-12-30,0.03,0.36936523834662127,1.2535119427127612,-1.641748513869293,2.0111137522159144,0.25,116.8022269982055,2689.1353124729494,8496.662653061621,17.90840661613969,61.35314480777367,2871.6922744548033,3.3110293705964
2020-12-31,0.03,0.39286524323005234,1.255372627213526,-1.5656265097141744,1.9584917529442267,0.25,117.0987810652645,2658.6810056552413,8391.935459847156,18.676520582696114,61.26115719043657,2882.2755880245018,3.262902519864021
2021-01-04,0.03,0.3830691920793625,1.2720527484372142,-1.6000830763861138,1.9831522684654763,0.25,117.36821446786261,2650.301214234401,8391.953916560602,18.935621200892964,60.233309914578534,2903.5861921468572,3.325903466356631
2021-01-05,0.03,0.3995988692118302,1.3181750480146595,-1.6696586136876865,2.0692574828995167,0.25,117.13187768919845,2689.506077007378,8518.2364649652,18.676144116914973,62.150829616086334,2918.03831889175,3.2622170878930845
2021-01-06,0.03,0.4946227935524714,1.3613869599295727,-1.564298684982619,2.0589214785350904,0.25,117.13026358006339,2675.819202706371,8448.595412082259,18.62602228513912,62.29871676882513,2911.8798091740796,3.2340919603318383
2021-01-07,0.03,0.4793246645441187,1.314013897735306,-1.5368056940432842,2.016130358587403,0.25,117.25781363431055,2690.6159959814845,8519.654284207289,18.908713879492954,60.41857139271155,2881.32823486213,3.272898215792283
2021-01-08,0.03,0.539780315824355,1.3941643479524792,-1.548734929877995,2.08851524570235,0.25,116.78444212454797,2722.0098891628804,8644.891508476569,16.10130066932637,60.628589798640775,2892.2036514103593,3.0898945722291185
2021-01-11,0.03,0.6151116293667733,1.470146040725475,-1.505047287860765,2.1201589172275384,0.25,116.65451190612438,2749.4681520220784,8738.878623130644,14.70418987249105,60.70621140125837,2892.385595211086,2.9748655826935955
2021-01-12,0.03,0.6385855645424865,1.496606164850432,-1.5430526581038793,2.1816382226463658,0.25,116.78594519502488,2769.505880388173,8806.209394966892,14.205321771204273,61.69256247863233,2910.772996187412,2.8940773451109463
2021-01-13,0.03,0.6077921133947248,1.4575139266286576,-1.550154952544364,2.157947065939089,0.25,116.68596096605836,2792.0050036798298,8861.881743116961,13.693585999113312,60.70076422955327,2892.980786111992,2.92467454328485
2021-01-14,0.03,0.5917934594877519,1.4543697435397478,-1.5580100645889594,2.1498035240767113,0.25,116.39389238031588,2778.6725355624117,8791.034698043442,14.600580767499961,60.036150904370174,2912.753576188534,2.908526003252194
2021-01-15,0.03,0.6854087461280651,1.5561870807356286,-1.4986323668614643,2.1840411129895294,0.25,116.52556331349653,2787.085804434678,8809.50551511078,14.541878845176303,59.435884534812196,2894.4038431649187,2.9073202356557055
2021-01-19,0.03,0.6039816249847318,1.4856678217994186,-1.5505635453848738,2.1545451703696057,0.25,116.56089574995141,2799.349910830315,8835.389891648616,13.156693151772753,57.232889352911705,2891.1931220465144,2.874015610382819
2021-01-20,0.03,0.6380864051747399,1.509038140759241,-1.5171116652585601,2.1551980704333,0.25,116.81966431361214,2795.9786348319553,8838.282629805612,13.083010031447811,56.372098456920185,2865.5403007080354,2.8546818640412734
2021-01-21,0.03,0.6429888236514707,1.5139447275675366,-1.4954692655309614,2.138458089182432,0.25,116.75331153247089,2780.956568386364,8816.774003339773,14.380454373798408,55.20837383510748,2869.09827235048,2.8674480215226703
2021-01-22,0.03,0.6160872284810064,1.497787275131626,-1.521170920616386,2.1372581490973923,0.25,116.69418557199855,2759.9003352822883,8741.514108098228,15.076502408532244,56.08827630471659,2862.632940594092,2.8780445256425633
2021-01-25,0.03,0.643792302136911,1.5268939639072696,-1.5171519407190899,2.160944242856001,0.25,116.41121827703743,2775.4558427953216,8746.179927641377,14.158507182729377,57.061123720777644,2876.7714650191238,2.866769450087942
2021-01-26,0.03,0.6182305435877555,1.4881775794177465,-1.5248063555813995,2.143036899169155,0.25,116.50265760124074,2777.303772633589,8742.165326389708,14.895176489141251,57.39736036763378,2876.8691532878897,2.8386593332958534
2021-01-27,0.03,0.6048544867545449,1.4882651876828188,-1.5557517102604785,2.1606061970150234,0.25,116.55038950550805,2812.8499892721184,8904.882461619314,13.181780762093616,58.56433898556783,2888.0453069945975,2.741880076845572
2021-01-28,0.03,0.6117531823684952,1.5113564598591531,-1.5873520941620383,2.1991052765305334,0.25,116.39522398798599,2821.020341731041,8944.980424240935,12.475751156454294,59.11501107347343,2883.4783172528614,2.720276945182371
2021-01-29,0.03,0.6482526743481472,1.531042651898017,-1.5691240165557547,2.217376690903902,0.25,116.40352701177065,2824.149002655504,8951.879749904801,12.55398579446665,59.7920222823786,2889.041736727478,2.752947561445625
2021-02-01,0.03,0.6015594535480377,1.5112244922750362,-1.5963814848532505,2.1979409384012882,0.25,116.56479572130563,2805.8749352598606,8851.67187024948,13.701716049844494,58.19718279199188,2910.6182342959396,2.8638175186610177
2021-02-02,0.03,0.6474911361955427,1.534114152431997,-1.53716887302558,2.1846600092211226,0.25,116.72080450446087,2798.5699783348923,8797.85706769747,13.772340397553105,58.22680652077663,2891.4446122463014,2.9330377907540117
2021-02-03,0.03,0.6099227665470641,1.4876413948180098,-1.5358184246687006,2.1457411912157647,0.25,116.80021488641384,2785.182104028967,8789.111995965519,14.209341869215606,56.94022684533849,2884.555053100897,2.932126924444252
2021-02-04,0.03,0.6409084603166042,1.4914314018537997,-1.442606000010587,2.083514460327191,0.25,117.36245043333847,2776.0909429033477,8746.968034958669,14.737169654407932,55.85859828513092,2854.8077814163207,2.946434682482074
2021-02-05,0.03,0.5730780910768742,1.4078324646347256,-1.4828774327945862,2.0559555238714604,0.25,117.44638803233359,2748.0463430122004,8643.638588893255,15.30498060779962,56.068000994106924,2836.811791533337,3.0284565598172515
2021-02-08,0.03,0.5478044287333648,1.3708621490473911,-1.470163296578378,2.0179677253117427,0.25,117.82683886014391,2724.5095229415656,8544.449561436171,17.06564842374615,54.60744869783781,2817.6323613304753,3.1286194862719308
2021-02-09,0.03,0.6002515035239773,1.4157200382595692,-1.4307871783935342,2.0310386819175115,0.25,117.66471099265014,2730.8326424413845,8546.915268342062,17.06190570126042,54.945959491721254,2811.733920034353,3.0950806314968187
2021-02-10,0.03,0.66554075826438,1.507641987034948,-1.3985759071611186,2.0641166654254985,0.25,117.97115391165326,2716.0520230813795,8482.437629811078,18.923993185449724,53.96669480525507,2802.3265426131343,3.1028006805367756
2021-02-11,0.03,0.751639365515246,1.5680794373665576,-1.3022413921761022,2.0538807576913483,0.25,118.8217657136721,2686.8344797343198,8350.133363455005,20.49716573631842,52.87583883623276,2767.9437797498144,3.143463598056874
2021-02-12,0.03,0.6920395224457565,1.5243107616187717,-1.3656069374010837,2.0576464598468402,0.25,118.892431140444,2713.069986341181,8444.085811314797,19.124318937560126,53.487224838060854,2781.4583736792224,3.033661449215516
2021-02-16,0.03,0.7373892598539147,1.5668304545896534,-1.3413920436044826,2.0787813034583973,0.25,118.81090822125105,2696.2065779189857,8389.758471271334,20.018890750030792,54.77770740063713,2770.243961787261,3.0520754035002726
2021-02-17,0.03,0.76494291682543,1.6032410171874436,-1.3278934181509847,2.0928363349764147,0.25,119.09081581761738,2699.3823341803336,8373.489883114333,19.75393371231217,55.76405041321109,2771.0144293483227,3.0892046914747144
2021-02-18,0.03,0.7888058460674041,1.6356015056225865,-1.324794360056075,2.113600206123479,0.25,119.10764299383995,2686.891361215311,8323.159387380389,19.19607928842651,55.16293334923046,2784.104812808592,3.074904978436764
2021-02-19,0.03,0.7778859036706494,1.6839516687683627,-1.3748630781043536,2.152748981775003,0.25,119.48284504246585,2646.040730949883,8144.61257291867,20.283383791166244,54.40260794602815,2805.342924146448,3.206729256307285
2021-02-22,0.03,0.760080890215332,1.669626245433388,-1.3993684141931824,2.1594493044085143,0.25,119.11102157390316,2668.4669744838093,8235.826124940502,18.580861254808585,55.162930029518584,2809.129437790321,3.183168093074592
2021-02-23,0.03,0.7283254197078601,1.6270976971194193,-1.3935995288394742,2.1219249485473344,0.25,118.69164286177647,2672.0929889055205,8210.525149568279,18.177646072444322,56.43954043411939,2781.1812262983844,3.167953148234239
2021-02-24,0.03,0.6869678939000317,1.6249454736684903,-1.4949152177539384,2.18188311165397,0.25,118.58395042450164,2670.1261993551016,8220.01190620758,16.803118546694854,56.81035905572859,2803.5103908880606,3.17624166238592
2021-02-25,0.03,0.6474781810324772,1.6015538957238262,-1.5561810593183936,2.203659240350871,0.25,118.42860484210524,2674.9344786058477,8233.911402052958,14.820210920774446,56.47690822940076,2821.1970865845265,3.171350627949142
2021-02-26,0.03,0.6768244206808196,1.6507610721255541,-1.5227134610292412,2.199537881710061,0.25,118.59784808511222,2661.021288832683,8165.963048870059,15.540685075801667,57.061577173033406,2814.8610491311597,3.21588575076682
2021-03-01,0.03,0.6908509409852766,1.6673209550173438,-1.5189025281265733,2.20975346911185,0.25,118.1306193097317,2677.123651175819,8199.817090713887,15.558297821813339,59.745897096380595,2825.406639104005,3.135555746661437
2021-03-02,0.03,0.6605515392503627,1.6267079299954965,-1.5083149388539898,2.1688664781043525,0.25,118.07006538811738,2680.3426877543166,8187.935347165073,15.27737906948662,58.989241209238685,2838.4404014993793,3.053552666164439
2021-03-03,0.03,0.6938540994974587,1.6705888294615194,-1.4800320634892152,2.173886162986674,0.25,118.17058398254512,2667.873817474785,8186.00926036413,14.905427107489665,58.96020017641533,2838.918247369891,3.102779962711899
2021-03-04,0.03,0.7045597563643085,1.6895945460154838,-1.484127670316416,2.1886874266807244,0.25,118.29497281693365,2682.6522860474215,8248.686451339072,12.356332439579063,60.03221119771959,2826.8697704596975,3.125459181692033
2021-03-05,0.03,0.6873761854673992,1.6633422675905805,-1.4918615613842023,2.1792377468516015,0.25,118.13933096178957,2692.7237322209376,8280.663160697404,11.256025144249266,60.567551425166876,2800.8580403299816,3.1120295470954478
2021-03-08,0.03,0.7200679677022053,1.7007963642878372,-1.4841773143917365,2.2042452820939418,0.25,117.77902401725143,2712.382062839723,8374.388946411656,10.390536602377296,61.88796367731139,2787.4280445946374,3.0919174007887578
2021-03-09,0.03,0.6868657767224771,1.6744314951827348,-1.5032455506034896,2.1901113273259667,0.25,117.80235427837225,2692.334522979512,8281.211617056826,10.639755013838052,61.49054668680117,2808.543289213527,3.09499021479438
2021-03-10,0.03,0.6551356408285629,1.6293501525127014,-1.5159487373469498,2.1710843781755127,0.25,117.68940267982956,2709.3439616274086,8307.849084943662,9.604880536611965,60.75867241315614,2794.123462884575,3.045968448682571
2021-03-11,0.03,0.6477736362240232,1.6372628469424155,-1.542059034386455,2.1898326706104783,0.25,117.9932226965379,2676.2012194896993,8162.170304888349,10.864916681131009,60.576771880586264,2795.5950120112284,3.117429902473477
2021-03-12,0.03,0.6279309851101398,1.6376969067309812,-1.5882934233024328,2.2162244084125726,0.25,117.86928414062763,2696.7495231718594,8218.399193567,10.00603955196921,60.14448357237192,2788.9128889199887,3.047481357910052
2021-03-15,0.03,0.6409151400946735,1.665339976503563,-1.6122513044436249,2.2531664445382984,0.25,117.84621849620005,2704.639252898905,8273.055303177418,9.706974895535083,60.98766195239319,2815.277073504941,2.9748442079719357
2021-03-16,0.03,0.6978985599963508,1.690764234383456,-1.5643456709047994,2.26224423090115,0.25,118.01369529805916,2708.0956959977166,8273.509595129955,10.166680398313245,61.22940384997808,2804.9513642857714,2.9858461189600694
2021-03-17,0.03,0.7464515254467932,1.7195841082782193,-1.5331765559942125,2.2796280814410057,0.25,117.61110045626519,2705.7557099545384,8231.736044416988,10.550690502197234,61.28990746530315,2831.611335592513,2.9646738649930704
2021-03-18,0.03,0.7637876525164113,1.7239711441502592,-1.5289749564498414,2.2927626089662527,0.25,117.77822622553053,2681.6377236467515,8147.866362523647,12.252532718518234,62.035588169836714,2840.290579619543,3.0091011309698397
2021-03-19,0.03,0.7562717543785746,1.7060063304450106,-1.5131863144058024,2.269458068784377,0.25,117.6489164677172,2666.617044368288,8090.919008437264,13.623312100501325,60.80981556131191,2842.7481083531993,3.0487988997116195
2021-03-22,0.03,0.7675054359172997,1.7121562498223866,-1.4824568527704522,2.249962288687752,0.25,117.75043944021212,2672.945074077745,8125.392400856459,13.082212276514936,60.68394234263434,2853.9678734204335,3.026049613599543
2021-03-23,0.03,0.766940990942081,1.7295531813090355,-1.485123493094502,2.252064484036583,0.25,117.4670320649019,2662.913761940115,8038.969975962147,13.027614209890919,61.05880766385352,2837.512811410274,3.0139364892500566
2021-03-24,0.03,0.7890112679299133,1.7592404898733067,-1.4930561503091124,2.2820674182390257,0.25,117.38542982502346,2680.326762082653,8112.088779614156,11.829602305939764,60.25664105724642,2834.1854909587664,2.9602061933372803
2021-03-25,0.03,0.7932487096915835,1.7639545384399913,-1.4968109903579028,2.2900597000494862,0.25,117.38493130969664,2675.130232156388,8097.818955614964,12.070318784658411,60.62958543647994,2839.0460372957746,2.964564250717247
2021-03-26,0.03,0.7536843406279765,1.736888054491009,-1.5547561132980394,2.308440453926016,0.25,116.99128513264256,2683.8517764481408,8141.420737892844,11.847162565605322,60.9383320173745,2876.8975231038453,2.9430142114873696
2021-03-29,0.03,0.7616718728313572,1.7371378651933376,-1.5540673960187097,2.315739268850067,0.25,116.76466031468958,2702.5820783356307,8215.72371579989,10.4490670252421,61.458461553764074,2897.6395480558554,2.914725877344757
2021-03-30,0.03,0.8036097141329679,1.7723080747243296,-1.5287123566551932,2.332322070788161,0.25,117.0395568334126,2719.3287987087456,8253.432598245958,10.169917647597204,61.99737697632301,2868.1643201547945,2.92585977894736
2021-03-31,0.03,0.7945541745375713,1.7795852485896473,-1.5299390197344853,2.3244931942720566,0.25,117.15253931132047,2717.7855970537175,8249.282450181589,9.731902891346147,62.045310217440885,2865.1273363159994,2.9211166961616746
2021-04-01,0.03,0.8630325236563576,1.8343956799575425,-1.477581002856872,2.3406135265132297,0.25,117.40211075747973,2740.834190344329,8305.41035663979,9.277632207016968,62.74866548284691,2836.61386744805,2.8631814270020772
2021-04-05,0.03,0.8911461615549041,1.8523336677807434,-1.4618000751845783,2.3529462367394824,0.25,117.64020669046911,2733.1741308844544,8267.608638586735,9.912047728843438,63.81161988481846,2820.979124026831,2.8813196187257857
2021-04-06,0.03,0.8782701304565177,1.8222148445559903,-1.4142340275185816,2.2925041579750993,0.25,118.10364539867335,2709.2066379865264,8190.635182034971,12.130485156688787,63.621473643800606,2807.0369103515723,2.921514889428083
2021-04-07,0.03,0.8686987981105472,1.8185419664158056,-1.4364905054199122,2.3051893035304594,0.25,117.97141712907789,2709.760220281738,8205.143678300792,11.35827989543069,63.796628619713786,2829.440939286387,3.0110158950364445
2021-04-08,0.03,0.8474900607944491,1.8146273456824318,-1.4563134960984723,2.3038035568929214,0.25,117.77989647920191,2699.408957293591,8142.367835968998,11.831211136193241,63.35114548997068,2838.9464832934677,2.997465637700697
2021-04-09,0.03,0.7990790026401959,1.7608199015684711,-1.491364423199998,2.290443425840194,0.25,117.79084807068003,2695.1745808712185,8157.320196729542,11.07633199686256,63.49124654825107,2838.589848639589,3.0115600501969153
2021-04-12,0.03,0.7678365428631677,1.7217503330232542,-1.5067076740871133,2.274544216950281,0.25,117.74134238795175,2704.666556886519,8180.242873117396,9.685022247992524,63.214914473222386,2838.035995061306,2.999889664454306
2021-04-13,0.03,0.7644009121142485,1.7230987157996622,-1.520461890245422,2.2848628023596707,0.25,117.88929531651921,2718.5156835152966,8231.230954445551,9.538365693866467,63.17048471694913,2836.3386085632337,3.000020576624328
2021-04-14,0.03,0.740273978033203,1.6998528330963025,-1.5387915275561208,2.279065505589324,0.25,117.81015640259422,2709.022837018094,8194.307803759306,9.79488928305682,62.429072634750156,2828.736033114037,3.0221076825489996
2021-04-15,0.03,0.7846298713527791,1.7087020270041462,-1.509959815879188,2.294589687231967,0.25,118.04746858394739,2706.0347145546766,8161.058120594907,9.958039508769412,63.120535833042595,2784.5625449686468,3.0233295585015094
2021-04-16,0.03,0.7968423209959778,1.705599527064921,-1.4826393724647204,2.2794816934606983,0.25,118.20114369977212,2693.5017887639938,8104.054052627454,11.338363880733619,62.90125509015553,2766.792888262928,3.1130072965768463
2021-04-19,0.03,0.8068574994099307,1.68866455825871,-1.465274753641347,2.2721322530512778,0.25,118.21877184314391,2732.3181234667827,8215.247925859658,10.528147664617885,62.72499327149218,2761.7757272961526,3.0697610902348034
2021-04-20,0.03,0.8064146370177967,1.6625506442036437,-1.4496114564617042,2.256026093479501,0.25,118.1127223900379,2740.3479127138444,8227.827900367089,10.496611156079332,63.41080136851117,2724.041886516505,3.063318829405813
2021-04-21,0.03,0.8084807795105386,1.6733592498141499,-1.4650054047710004,2.273486184281539,0.25,118.20960245541683,2754.6751161893767,8276.07550976529,9.752580457085346,64.04124542034005,2742.220556305529,3.0249264187060367
2021-04-22,0.03,0.8205188620428645,1.6688028119318146,-1.441778888929218,2.2622977509720825,0.25,118.23425266003507,2762.1219968228493,8333.955516831214,9.529850953920729,63.099296121026384,2724.196068102541,3.003750554960142
2021-04-23,0.03,0.8093555990043806,1.6425878516523893,-1.4172160026641796,2.22657160166856,0.25,118.62302016712314,2753.9859754680065,8290.359536747917,10.236864945937795,63.164962733609535,2704.4822229022566,3.0139485601184055
2021-04-26,0.03,0.7433273836065242,1.5553485723244749,-1.4253829877669748,2.168710371373499,0.25,118.8763938522041,2739.6407501851554,8215.699559462106,11.055471445500642,61.35047361524722,2688.8788142869143,3.040574736730256
2021-04-27,0.03,0.6542587109879032,1.4662218481287432,-1.4674667495393048,2.121725460527208,0.25,119.23980415895275,2723.213677195328,8155.8707716114895,11.470880911763311,59.076240497647795,2684.3007875899216,3.08145338865665
2021-04-28,0.03,0.6890533972012225,1.4975665577588702,-1.4578119197952044,2.146865316996427,0.25,119.48893993866713,2748.939399185031,8218.522108201449,10.212311750706093,59.32620324440865,2695.193205672596,3.0381118954893522
2021-04-29,0.03,0.7120349100712096,1.5275488064614584,-1.44870768975459,2.1607425998257996,0.25,119.50773688733344,2751.048721485974,8237.322074709546,10.79220564763729,58.72353101659627,2668.426550023706,3.105832876179509
2021-04-30,0.03,0.6479333540639622,1.500945807123974,-1.5144230891553518,2.162356443219314,0.25,119.59829217711624,2731.941133068114,8154.787048632214,11.51662321302403,57.53627967752953,2664.530654790843,3.228873304193257
2021-05-03,0.03,0.6573211756779243,1.5156011665442666,-1.511700759340226,2.1690219350181503,0.25,119.39098362618138,2764.845959395471,8294.903201274432,10.192381271805623,58.03072989391594,2679.9001191920206,3.2130364012409443
2021-05-04,0.03,0.6548870834145357,1.5178074002697617,-1.5206912986696839,2.1755783820842196,0.25,119.28933801072336,2794.7427423799572,8413.937956284695,8.5,58.386704211935154,2681.481588440968,3.1344398018845796
2021-05-05,0.03,0.7191822619218247,1.585057253824433,-1.48442058618068,2.2036028481025047,0.25,119.54213532003939,2770.092613483163,8346.625580608006,9.329659013756093,57.97697330305386,2691.0096186871983,3.1408104140783646
2021-05-06,0.03,0.6955003649369322,1.5649615277140714,-1.5205098226065616,2.216010187543494,0.25,119.55959889272216,2786.0708422920306,8420.844979097872,8.843999902361302,57.8156914285032,2690.698551303958,3.1297133478071006
2021-05-07,0.03,0.7227766524227484,1.5825814669394478,-1.4791688668353231,2.2019455192580715,0.25,119.79156146693167,2773.820592893931,8364.150479191756,9.211457069580618,57.14134789702899,2657.1804145811675,3.122209363362713
2021-05-10,0.03,0.7394886665531701,1.5840411868987525,-1.4534552826993203,2.1929439492524905,0.25,119.93911054444251,2789.011988382663,8400.026664923835,8.980055185171055,57.411342022794535,2663.2608456497514,3.134845685715213
2021-05-11,0.0339686397528805,0.7682754102735103,1.6038528526880613,-1.4361536122188636,2.204429022492374,0.25,120.13516818034483,2798.6445893301475,8450.260837818645,8.686027772549552,57.46395922005581,2659.611924142866,3.160292993165007
2021-05-12,0.060335003261436315,0.8076108819052812,1.622296380124928,-1.3901249153873092,2.1977357972925904,0.25,120.05266548751257,2798.8133638581635,8477.665142680946,9.012055980220826,57.788332457499465,2645.038089750444,3.1369827999796276
2021-05-13,0.03,0.7744603566618815,1.6027411815010204,-1.4225207820178645,2.196981138679746,0.25,119.83758499473957,2799.5587907139866,8417.711608587164,9.275129721588772,57.6517720317112,2672.7716127604344,3.1280798476480096
2021-05-14,0.03,0.7733128105662372,1.6125285492451318,-1.446983233029426,2.2202960435956633,0.25,119.66968138207622,2830.255037729677,8513.460636776528,8.5,58.93272329667196,2671.9296132210447,3.0439328460400623
2021-05-17,0.03,0.7533826354830271,1.6030887151050002,-1.4760774356559876,2.2294600711390147,0.25,119.50316437313816,2826.434014899823,8531.079963690434,8.73980356834363,58.90816355657267,2668.2345945526395,3.1226374074663448
2021-05-18,0.03,0.7347224803826504,1.5922657655144232,-1.5123821039317622,2.2471045843144126,0.25,119.47614728032,2820.856408374354,8512.454352813505,8.6020241531796,57.91718969264612,2692.067548093389,3.113891708823316
2021-05-19,0.03,0.7669290192982232,1.6278228035654232,-1.5112776970062107,2.278206716304434,0.25,119.36744891992566,2842.5298555019854,8577.801770544289,8.5,59.56367483721024,2707.2770396926394,3.072321080111749
2021-05-20,0.03,0.8129548312978834,1.6722597357280005,-1.49204035071058,2.3049951820084633,0.25,119.37915006478053,2846.125601281152,8548.7398193678,8.5,60.47031414921568,2704.0694863802446,3.0688980784317845
2021-05-21,0.03,0.7999658472608835,1.6511491515120706,-1.5091785259746202,2.3091443732355037,0.25,119.72021368400907,2829.02991912998,8488.06600249283,8.520153545114335,60.644139275899605,2689.421388185112,3.126312713358697
2021-05-24,0.03,0.8170927936514532,1.670251245468338,-1.5020169769712548,2.319109770622708,0.25,119.58632248365386,2818.1539353695334,8462.397704965351,9.519429309429693,59.82374186761615,2690.706819299835,3.147709066301196
2021-05-25,0.03,0.8678994115346839,1.722342808664015,-1.4888172999922087,2.3567167115268925,0.25,119.0284411240939,2836.8957528775186,8512.705572497602,9.549920102233877,60.77411502996362,2703.8534487503525,3.0889846045530454
2021-05-26,0.03,0.8693915787736299,1.7307474488009464,-1.5082886502892145,2.3776802290628445,0.25,118.91057579468725,2854.492881359384,8551.665306770783,9.813261461590848,61.88510910959432,2715.825432280359,3.0464995597373785
2021-05-27,0.03,0.8520504019553818,1.7047759501240134,-1.531216635656721,2.383267037612103,0.25,118.98057316224258,2908.1709412054547,8739.950522931731,8.5,62.69026891555166,2710.8366099217815,2.9427040546473036
2021-05-28,0.15298691603652015,1.0810442635165343,1.8917475916505002,-1.367041098934818,2.4480853624513523,0.25,118.9286960878805,2890.6890878656436,8714.467644001305,17.268185262221575,64.59448161775603,2682.6184487826536,3.0841300546620634
2021-06-01,0.18000914138842958,1.1709514956221345,1.941519265798135,-1.318902691356342,2.4898541869784765,0.25,119.2116689477537,2916.880526846834,8858.905333969034,16.500732692355662,66.00013616932998,2651.429091339587,3.0992057795227512
2021-06-02,0.17008057843112004,1.1203296417857975,1.9076188108831627,-1.318604973568099,2.4389346153538964,0.25,118.82620094511613,2899.2779902373723,8884.31660559222,18.19580633456321,65.98105301509668,2631.4562955003125,3.170771722518393
2021-06-03,0.19010340242334475,1.1833595001230832,1.9468938775804405,-1.3385473348722416,2.521906834995325,0.25,118.2531358459566,2950.5083452866384,9013.019426569093,16.1894475162309,67.52382020030265,2630.8356530457327,3.0060876738535565
2021-06-04,0.2178782927075525,1.1263386530752992,1.8738834690815125,-1.3243117271695937,2.450650380244893,0.25,119.24771726321785,2931.955369649621,9017.655442091394,17.871300291802683,66.42747493812068,2624.3516134808256,3.147310818766194
2021-06-07,0.18002108970201047,1.0573608666015653,1.8162935038312216,-1.3803346785768067,2.437695545178372,0.25,119.27272761262888,2898.890012743902,8818.608921310832,19.057527484897815,67.41684045999384,2640.915330088228,3.264063029213919
2021-06-08,0.3239646572714137,1.229853645234371,1.9772385246203517,-1.2808869740435533,2.5107406192779242,0.25,119.85143505356719,2889.488661769821,8730.459303070902,17.99893345147888,71.74068012736379,2579.0853962962246,3.3047638591496074
2021-06-09,0.4012672940563431,1.258925147560148,2.0131170064081756,-1.2363563234795663,2.495281471039714,0.25,120.93610144137843,2862.5575145350963,8601.104602928037,19.264072770823955,66.30690171334157,2569.827945248355,3.4453887151616187
2021-06-10,0.38917791854459166,1.248606903068426,2.0230162310705113,-1.2850304950215707,2.5336373980899967,0.25,120.90784014544397,2896.6314503427066,8700.700907392695,19.3331473900007,64.7841549430449,2587.348003957836,3.382253327291283
2021-06-11,0.4347009669054296,1.257743985735667,2.0449950188332373,-1.2658250849449022,2.523569070680569,0.25,120.38069607990782,2890.7036087052184,8654.652180285666,19.244707583952742,67.03032553545602,2609.036899766493,3.4140088286467436
2021-06-14,0.44260094397434346,1.2619659754577028,2.050992979832063,-1.2529565521464472,2.51492252760415,0.25,120.64938265135075,2882.910435610182,8589.73760170511,19.516810340641026,64.92440606778406,2586.2358482304526,3.443204663568195
2021-06-15,0.3254327162389388,1.1544020657185112,1.9625516402812004,-1.3306072501163606,2.485009315834872,0.25,119.78403233544603,2930.3278287181406,8661.218857794604,18.246515830609443,65.40726547131781,2590.458394331043,3.352802699511069
2021-06-16,0.3399347015496842,1.127883453239656,1.9244624694730534,-1.3397716772600157,2.4676551304996717,0.25,119.95000800294412,2947.11427990998,8721.46589724595,17.702299333462694,63.229970999501234,2570.5845270352047,3.4874066734715563
2021-06-17,0.3096637056908809,1.1507680917775616,1.9596624755981233,-1.3127451104817813,2.463513202259343,0.25,119.92884985107224,2929.0495080745195,8682.993093455798,18.052204518633413,66.00380756167368,2555.4496703079944,3.555528912949143
2021-06-18,0.27259678785302754,1.1342481643519111,1.966522774443726,-1.3137068304097688,2.44795499476168,0.25,119.39655465046843,2919.945354679633,8608.513516599702,18.98389898183122,65.36122335383956,2602.4029389850944,3.4724352486726873
2021-06-21,0.2034964003136143,1.1196089742358972,1.910909279729292,-1.3593975824546982,2.4790065566905954,0.25,119.52378758141818,2960.154079948011,8765.262729656506,17.2154020264523,64.40726787147935,2591.6769030619685,3.422740647850989
2021-06-22,0.1635692536965645,1.0869010035160882,1.8811490472916939,-1.3913744280583809,2.478275431574469,0.25,118.81581354372773,3000.9012218335934,8838.642483235102,15.408399925447835,68.61424272708472,2583.3505577891506,3.3339336749097552
2021-06-23,0.1225643874282984,1.0001250695478727,1.803855281775688,-1.445934007976643,2.4460590775245157,0.25,118.61756805595606,3018.2036306867267,8885.69627813481,14.787392006666703,67.38040892720696,2580.6493539301446,3.248957513964201
2021-06-24,0.1546258272790687,1.0514652964905122,1.8416817849363656,-1.410595631773414,2.4620609282639263,0.25,118.71546496625051,3030.418206329925,8883.857124906754,14.372348198328737,68.07108637678418,2606.9601706175176,3.2017483769204516
2021-06-25,0.10719642656222805,0.971182433004508,1.8026816003365003,-1.4982640495233137,2.4694464825278217,0.25,119.14845531702727,3011.6698413377994,8783.73621127262,15.811346715792292,65.47907477160012,2626.9541165823125,3.1840807970634675
2021-06-28,0.0818303927834223,0.9031445266196994,1.7378204375287454,-1.5274349763573343,2.4305795029770336,0.25,119.62446644206311,3037.913135489667,8843.32850673011,15.75417921591393,63.43856012471131,2581.567950416212,3.089368441242501
2021-06-29,0.07673255718337019,0.9258724169430659,1.7500646121860588,-1.5136281182351823,2.439500535178248,0.25,120.23141879196235,3006.6631635777157,8769.848180711762,16.802914770555383,62.38151435787057,2566.1081062262,3.1312340171036595
2021-06-30,0.16312979835381558,0.9965636164447831,1.827101222911686,-1.4728025247819387,2.469366141226722,0.25,120.512347552329,3042.508388634344,8886.143947829198,16.094918527868217,62.25898565902914,2556.3465358936055,3.082903899735242
2021-07-01,0.18802312379665728,0.9902051694646521,1.8118905838881196,-1.4583346537320336,2.4485398231966857,0.25,120.89118316663034,3081.9372200652724,9033.987163209984,15.528235400732365,60.65063173512901,2516.1825067598106,2.993589837788278
2021-07-02,0.11706764829500327,0.942780302549701,1.7640823855667271,-1.5030306507469204,2.4458109532966215,0.25,120.7920791609278,3120.3359531538904,9177.247650686902,14.867637049421786,61.542036298955985,2528.1096326756424,2.8043149479598113
2021-07-06,0.09964622449268479,0.8936313502615221,1.727653725010173,-1.5481979550617395,2.4418293053232616,0.25,120.56054805482673,3180.7394032050247,9414.1769931851,13.305473638990888,61.76233295728243,2547.4203903155003,2.662884584343209
2021-07-07,0.03,0.8018881327704992,1.6516212900465481,-1.6078873626410746,2.4097754954115738,0.25,120.1297749589811,3197.6821099562685,9466.817109783791,13.238597565942527,61.9385007252078,2538.2284704402014,2.5241228138986425
2021-07-08,0.05223672309220895,0.9015230522305315,1.7333863208742808,-1.549169116120745,2.4506921683512766,0.25,119.42894110947584,3238.858303267323,9548.021319084306,12.79123501931381,64.9088428597769,2559.464074666169,2.447113563924848
2021-07-09,0.03274157728750293,0.8850472844266151,1.7383581620886215,-1.5807811545359087,2.465828438962524,0.25,119.50668178701248,3302.345531220189,9759.148346141512,12.463734968055695,65.23076298540342,2537.0355549944293,2.335403386792133
2021-07-12,0.03,0.8916605277074641,1.75195354598319,-1.630430027050519,2.522090554757983,0.25,119.23300357143617,3378.375036612213,10024.597778395822,11.209752575311837,68.42495121260541,2511.9963658624506,2.2758110705713896
2021-07-13,0.03,0.8294948544409371,1.6590212504861013,-1.6467391365601811,2.476233991001118,0.25,119.51366426829468,3405.186241092688,10190.603644998559,10.724006213184488,67.63476448797557,2489.579014143653,2.2635264161935424
2021-07-14,0.03,0.8492943831181232,1.6887976298428293,-1.650436341132122,2.499730724250245,0.25,119.40344888450753,3390.1954982941124,10117.003187730968,10.728141895748765,65.53384877709904,2485.1638945255527,2.2257054854988017
2021-07-15,0.03082333967776696,0.8673121278779143,1.6676592362946248,-1.608486237021994,2.4757983648999082,0.25,119.06671642581568,3415.1080971984243,10157.959387876701,9.730521413914708,64.05395492516111,2481.168278699089,2.2
2021-07-16,0.03301579097728613,0.9049102972086795,1.7198150220600716,-1.6134490710837617,2.5183593682924412,0.25,118.35007681237876,3427.432545667222,10187.12782387829,9.49974344846333,64.46297401547422,2497.2246647164384,2.2
2021-07-19,0.06313214228393604,0.8864431981134737,1.6688557048590487,-1.5992169385250647,2.4856601366385385,0.25,118.22270455843604,3451.201050738204,10274.037965886788,10.011635783645957,63.166755112921344,2478.728919862363,2.2
2021-07-20,0.03,0.836033913708818,1.6060827061872676,-1.6344679863367517,2.4705019000455697,0.25,117.9174915514718,3469.0343979295676,10376.133124740025,10.047725828482065,64.14659495411289,2501.5866759588407,2.2
2021-07-21,0.03,0.8095197959973919,1.592631776141036,-1.655973521718379,2.465493317715771,0.25,118.14169167688247,3444.892834063348,10270.172165986192,9.97387041870332,63.25072903935183,2516.158620391722,2.2
2021-07-22,0.03,0.8399434333850655,1.6104244005342792,-1.674651220386283,2.5145946537713484,0.25,117.91058975815373,3491.0913090671784,10423.791619567874,9.574476081914321,64.40706403420792,2533.203957299898,2.2
2021-07-23,0.03,0.8428462242438657,1.6231306398845828,-1.6614646583357777,2.5043108825796434,0.25,117.86160161599089,3468.219058599314,10350.188460048244,9.97487674630512,64.23469808203369,2527.8157539706644,2.2
2021-07-26,0.04293168885278653,0.9258002524414635,1.7024340104048008,-1.6223493722730677,2.548149624714531,0.25,118.20229525303755,3461.6735401188066,10360.159189359445,9.880872165815616,63.167852945090644,2541.7059308247653,2.2
2021-07-27,0.032747829992322564,0.9357124227205924,1.7219198077668063,-1.5668749541221634,2.502587376842756,0.25,118.41531151291845,3408.0421572260484,10179.33615964101,11.542838161090442,62.62539860405272,2533.1248998924334,2.2
2021-07-28,0.03,0.9524014335581854,1.7519708681006163,-1.587576434829527,2.5399778683877123,0.25,117.97423389234488,3446.503249427665,10350.765196713483,11.160240762137727,63.89016613162224,2560.964576284225,2.2
2021-07-29,0.03,0.8687214072536915,1.6787370377703783,-1.6768565393061143,2.545577946559806,0.25,118.02542795943663,3446.327463306755,10371.413241992175,10.628585012247324,64.10189457216393,2592.6778136562434,2.2
2021-07-30,0.03,0.8633265144891755,1.671660716445356,-1.679057714867223,2.5423842293563985,0.25,118.11207006177717,3447.9964505573826,10306.85598699592,9.630894469766524,63.039362074276,2585.5833411242193,2.208203403546699
2021-08-02,0.03,0.8935106996242603,1.7263710550564806,-1.6840849425755624,2.5775956421998227,0.25,117.79403870817663,3453.8516869279274,10370.7122030673,10.090850992720355,63.29571426951154,2586.558447019703,2.2810063797321005
2021-08-03,0.03,0.9065935366808131,1.757564490131468,-1.6896375791830036,2.5962311158638167,0.25,117.63533530818343,3486.104268527779,10474.718515983459,9.686527343522034,65.20208459377302,2576.524879772938,2.2
2021-08-04,0.03,0.8158160151739753,1.679752110939163,-1.7701485444134102,2.5859645595873855,0.25,117.25942707593893,3493.866171421918,10537.077073705495,10.006228066077433,66.31853023895845,2575.143770416003,2.2
2021-08-05,0.03,0.7780839940733824,1.6245957066756755,-1.7722747911662329,2.5503587852396152,0.25,117.04110074452109,3473.509461885936,10444.689762631173,10.641286139835396,65.66771677302691,2569.02685702551,2.2
2021-08-06,0.03,0.8364888199871607,1.6681255929873624,-1.7174027588527039,2.5538915788398646,0.25,117.04530532969696,3496.204973407148,10541.5082526614,10.126478288978936,67.42354908274068,2578.9923332545545,2.2
2021-08-09,0.03835809837326987,0.9252619899470558,1.7514179921134425,-1.6632209414688233,2.588482931415879,0.25,117.13234647477822,3485.491901686577,10515.06052851145,12.023211915987343,67.00845574529673,2557.4209669688935,2.2
2021-08-10,0.03,0.9170709910560397,1.736147576352322,-1.6562764350326824,2.573347426088722,0.25,117.34491306784675,3530.7574858835574,10659.49573811451,10.825551500643494,66.93197297288305,2561.902499225841,2.2
2021-08-11,0.03,0.9636639103845499,1.7778356403976519,-1.6376712516268253,2.601335162011375,0.25,117.68545071448911,3515.647240123277,10599.752711294645,11.180871308722002,68.49318518526943,2545.256032231442,2.2
2021-08-12,0.05977576938464252,0.9808328976683323,1.797497450107079,-1.6254512304576474,2.6062841281259796,0.25,118.00271840151058,3516.491293547273,10537.288370863289,10.781092096775541,67.13598459471561,2524.7602130609685,2.2
2021-08-13,0.08386878526866837,0.990874473637551,1.8210879086145457,-1.615959987531505,2.606834461169056,0.25,118.30828536710975,3492.046621993022,10514.33129903045,11.341549409701152,67.5619805460815,2509.3720425545553,2.2573924145177733
2021-08-16,0.14011164217471356,1.071567741191543,1.8652374530882252,-1.5605385766019773,2.6321063177935202,0.25,118.53372526018728,3465.7330964687008,10401.706209287275,12.108342723475849,67.02616258653572,2475.6216928766235,2.347671029647347
2021-08-17,0.15746579692711582,1.079358373006026,1.889841777429813,-1.5653920541477646,2.6447504271537907,0.25,118.80248484667023,3462.9183348716797,10355.62679156547,11.72340972020093,66.12328135575645,2484.9304009880407,2.3719911809041023
2021-08-18,0.1773099972389151,1.0955486937013177,1.8950542209412258,-1.535196960180468,2.6307456538817857,0.25,119.46652240922846,3451.7131276129867,10239.800889833812,12.278467542507938,65.04596749869417,2488.6790698324517,2.390904400613461
2021-08-19,0.22890382916816238,1.1514767193123245,1.9346431569265254,-1.4900490374075073,2.641525756719832,0.25,119.83584397116711,3450.191705004556,10236.905160026767,11.137635374929625,65.78501443306502,2487.341081810488,2.4304931418660014
2021-08-20,0.25097648049130933,1.1779155573184112,1.9508142029280748,-1.4560523151290108,2.633967872447422,0.25,120.42296095630446,3439.872446328871,10233.855954687368,11.783440792681162,65.57633363456219,2456.3694695884683,2.5182587443506526
2021-08-23,0.2162670635447324,1.1279455543622996,1.9157871005094698,-1.5148737609795937,2.6428193153418933,0.25,120.1537944571258,3457.858924169401,10345.198249253372,11.463155078405576,64.67525109887973,2484.6972918021856,2.5323238957947973
2021-08-24,0.20909516567345326,1.140428876687474,1.941610044865255,-1.5053775139171737,2.6458063906046476,0.25,120.38378129621456,3453.2750342569166,10308.304211997698,11.67549276806779,64.71564919568432,2474.8437347669965,2.576336470417173
2021-08-25,0.15602057266149233,1.0942431276539308,1.8770947376329135,-1.4890550115982284,2.5832981392521592,0.25,120.42016079570682,3439.9181646929896,10216.970257483776,11.776933982125144,62.307971839471975,2467.3742602927923,2.570775597077482
2021-08-26,0.134933446330674,1.0991085954241333,1.8982519859812395,-1.512144895855375,2.6112534912795082,0.25,120.31048823843543,3461.3631731325013,10345.879333092447,11.435454051506204,65.20841977693006,2468.0464259948226,2.5418697074267547
2021-08-27,0.13503619947657552,1.1369281828749433,1.9267011409184909,-1.5133663463031684,2.6502945291781117,0.25,120.00587753216776,3498.6760914466304,10482.015614951071,11.039753466654519,66.09132619293234,2492.246287752398,2.505228473769352
2021-08-30,0.11955788875017714,1.1490193505298107,1.9564118378357833,-1.519945753652906,2.6689651041827167,0.25,120.17091443471612,3512.9326375393193,10504.768811114933,10.685688577357919,66.90914498155959,2497.3519309894955,2.4794982582811453
2021-08-31,0.07081709614866466,1.1567174695204683,2.0002293979910686,-1.5635079392755236,2.720225408795992,0.25,120.26741854014475,3514.1737801107515,10540.98212327711,10.946931847431625,66.78758267330434,2530.650107364544,2.5268340469703934
2021-09-01,0.1076753176870493,1.1795485586002086,2.0136089511937905,-1.5353437869326496,2.714892345532858,0.25,120.09072164439304,3515.130889260132,10531.784008668454,11.222885949820437,67.75524481101067,2518.888702372636,2.487801783180313
2021-09-02,0.13813660476839335,1.1775124879765688,2.017131855489193,-1.5407230633651696,2.7182355513417384,0.25,119.9959701773064,3523.446326811054,10568.043883166463,10.817090436510181,68.39867637214148,2521.8307005800566,2.454550208448387
2021-09-03,0.1311090131937745,1.111067773341805,1.9730972926481345,-1.5689532799131096,2.6800210532549147,0.25,120.32141708471048,3549.2462170910417,10638.404401897633,10.937938861513585,66.02378461817618,2554.1823466083392,2.409007954545263
2021-09-07,0.16119273331061507,1.1661076667054142,2.019011004450002,-1.5074519032629135,2.6735595699683277,0.25,120.45554312085358,3523.745494626234,10526.196348030606,11.344504359241027,64.66727471669321,2545.6719726114807,2.532691337021948
2021-09-08,0.1226421994233916,1.0984594717038627,1.9460370020322393,-1.5512333107056389,2.6496927824095016,0.25,120.27649046384093,3515.150430397768,10429.67101293774,12.625865397826935,65.60926628214727,2553.688390926586,2.586738772596939
2021-09-09,0.14724884083623713,1.1860910281755852,2.059654140123204,-1.5415455980098058,2.727636626185391,0.25,119.98961801453909,3536.0838087176894,10473.010786376057,12.877369874882007,66.5009653906052,2561.9142014073955,2.538532812904802
2021-09-10,0.1250252622367375,1.079457104714707,1.9589213727297476,-1.6272815661487396,2.7067386708634467,0.25,119.64833218003523,3566.1969779070323,10619.725801371673,11.348163323517324,64.7623023682426,2586.7579006185624,2.5126745623192113
2021-09-13,0.17888602148114013,1.1299462144489798,2.006796026914417,-1.607132405761718,2.737078620210698,0.25,119.76308253601185,3584.1486501596246,10691.83128260563,11.133009072360936,66.58220096415818,2580.1377986932707,2.5357123435584765
2021-09-14,0.1658560278133498,1.1396573920394668,2.034077656242687,-1.6397463987002698,2.7794037907397366,0.25,119.5984296038533,3600.9078647705064,10694.35522127064,11.394128391234673,67.08818571766145,2593.669979707078,2.5457592932762214
2021-09-15,0.20396405769818993,1.2084088171446896,2.0936067303026986,-1.58124076526855,2.7896495824132397,0.25,119.36116992556366,3669.1452980044096,10914.872009422796,10.999330535354117,69.90872292210535,2569.481085236144,2.393260153034047
2021-09-16,0.24571825381469758,1.2290282530297953,2.1275322167834196,-1.5632346997995823,2.7922629528293776,0.25,119.23618351340808,3663.149332340035,10879.608819614703,10.574595850052669,68.6614160595431,2589.7358904854195,2.382268119963441
2021-09-17,0.2736933624290998,1.236662809788667,2.092465978918716,-1.5277248616540755,2.7643876714427424,0.25,118.9598168708614,3649.5140568187517,10857.0586586843,10.18096841695363,69.6461784986201,2583.2278243943047,2.4296947859675004
2021-09-20,0.2800017984271857,1.248353749212415,2.081800531219082,-1.497387616492185,2.7457413657046,0.25,119.18155369286755,3665.9621528089438,10902.361265869878,9.677243324105227,69.78715186788111,2567.47554304642,2.433668884780915
2021-09-21,0.24785245335996753,1.2553263096973133,2.10660227487437,-1.5203332748875393,2.7756595845848526,0.25,118.98962424757993,3663.470139920863,10828.686044900325,9.708255928468988,67.33281385590159,2579.2411113914955,2.464026877238494
2021-09-22,0.28595033535928877,1.2895072941094947,2.1538692807333,-1.522419482447763,2.8119267765572578,0.25,119.33747044588945,3679.690799622001,10882.572547335527,9.1507973310649,65.78965180687425,2578.3510932308527,2.3874573333450155
2021-09-23,0.29702042849553956,1.2904020810986825,2.1489150336680147,-1.5112380338010147,2.801640114899697,0.25,119.58449303069611,3656.039245915111,10819.09501712805,10.09188064316345,66.54312786945204,2571.1232888246122,2.470278117034015
2021-09-24,0.2998370354262405,1.3064356461974562,2.1572611822769847,-1.4964278355497027,2.802863481747159,0.25,119.56550285965692,3642.2362305661545,10766.92543133133,10.334951522901447,67.06274065081284,2563.682473815341,2.447937130495588
2021-09-27,0.31743422137969113,1.3107402986552548,2.174071116791238,-1.4974787452808433,2.808219043936098,0.25,119.9616934222092,3615.1902433741357,10699.547045233681,10.12185814091818,66.84884976057035,2562.593717438246,2.496193075758764
2021-09-28,0.295024962231538,1.3506016029176482,2.2031187581103664,-1.5161332467420168,2.866734849659665,0.25,119.68487422733965,3659.741447779433,10844.684110125027,9.543700223114833,69.02298558540234,2573.829911496062,2.432613870654982
2021-09-29,0.3042951109830543,1.3296084735897864,2.1756612895957677,-1.521781287506006,2.8513897610957923,0.25,119.93714125104071,3666.75507528451,10899.033447548856,9.245319229096747,68.53500517938703,2557.4906251257735,2.4408793112397866
2021-09-30,0.3161878770138069,1.344441905399587,2.1690068067877952,-1.5017623295436193,2.8462042349432064,0.25,119.97536874168964,3675.5590316420644,10876.454091295525,9.636835465029124,69.10725593895715,2549.404054112674,2.428962039191431
2021-10-01,0.3547959260313219,1.3838986544193774,2.192157813284264,-1.4659267053654916,2.849825359784869,0.25,120.12581189526276,3688.5138765609167,10927.547261940264,9.076254081275868,67.62171988090367,2525.898758028987,2.4252452352251397
2021-10-04,0.365437070754814,1.3667801703454905,2.143405573630295,-1.4332954661308972,2.8000756364763877,0.25,119.70533367564796,3736.0360086348924,11065.652986821757,8.5,67.95125145019634,2521.994208514606,2.390436513628084
2021-10-05,0.3783784120983161,1.4330346256558006,2.1910588766482433,-1.3837619940776587,2.8167966197334593,0.25,119.99731743882764,3734.67234565005,11117.67420202264,8.5,67.5043619548825,2529.556624887156,2.40205798303159
2021-10-06,0.43036534494194756,1.4962247235092534,2.244059196407198,-1.3362352803350375,2.832460003844291,0.25,120.26459641082987,3696.0105526064713,10952.37976667043,9.197520963408383,66.1471504331365,2520.1984105940196,2.4251946927162398
2021-10-07,0.39769535104385334,1.4763652671920382,2.2010727921248856,-1.3416173287596838,2.817982595951722,0.25,120.27835800596297,3749.4016737848724,11175.086425550164,8.629435072261812,66.22044716234109,2503.6678933649314,2.371576005500354
2021-10-08,0.32725483098472585,1.4148569066741052,2.166117560356663,-1.4498632228101946,2.8647201294843,0.25,119.93998775055452,3793.1061348682874,11350.45125289298,8.5,68.33882629684096,2530.0619622609115,2.3156393377901265
2021-10-11,0.3468668230737845,1.4393747901821867,2.189771733791211,-1.4366082259369732,2.87598301611916,0.25,119.60094227970984,3802.1507095798956,11395.224408095062,8.5,68.39771985981899,2541.6992548064727,2.3056370864860956
2021-10-12,0.3076996892268743,1.4099213615378556,2.161061030099991,-1.4457411476681992,2.855662509206055,0.25,119.63469870632436,3811.314657259468,11435.81465168947,8.5,68.76937491681483,2517.7886883799383,2.2419667220035557
2021-10-13,0.3389603640193426,1.4477989989477884,2.1965720729850826,-1.4415601279130315,2.88935912686082,0.25,119.70572980268108,3847.4182624137707,11538.766123885001,8.5,67.67639239923223,2521.1708410644974,2.2
2021-10-14,0.3387567772520475,1.4127756166387448,2.148752685162819,-1.4542090050126228,2.8669846216513677,0.25,119.72611979455696,3876.8192475623864,11658.757998349414,8.5,67.47216694118596,2506.2234595343584,2.2
2021-10-15,0.3376571461515819,1.4231196287105463,2.1423597680689164,-1.4504824690491305,2.873602097759677,0.25,119.41865699800302,3927.955256634979,11814.814265095452,8.5,68.00988418308768,2501.649752342193,2.2
2021-10-18,0.33376015610619253,1.4359204570648783,2.1617453332300363,-1.4259014526483518,2.86182190971323,0.25,119.23592175832455,3926.650836196713,11816.416085463175,8.5,67.65983889955739,2503.683858993398,2.2
2021-10-19,0.30345976398165747,1.409475507054884,2.149670475844819,-1.463538234547098,2.873013741601982,0.25,118.8159220106186,3918.9505548893876,11774.113533587066,8.5,69.21842423944193,2531.9457248975705,2.2
2021-10-20,0.3361974232186547,1.4471384765940998,2.1931032917803344,-1.4362105055775627,2.8833489821716625,0.25,119.09207736206889,3912.661387872618,11763.559456021834,8.5,68.42532296016596,2535.1792923779944,2.2
2021-10-21,0.3437540328923543,1.4779252093245667,2.226148958252091,-1.4072742294419391,2.885199438766506,0.25,119.21072642195142,3925.073560985956,11811.764961040468,8.5,68.2718291769168,2501.647730546228,2.2
2021-10-22,0.3282486135317937,1.4388165158307455,2.1814958833130964,-1.4360261877591622,2.874842703589908,0.25,119.1875884894997,3922.85128564007,11796.548116461423,8.5,69.49245929985904,2528.789835661384,2.2
2021-10-25,0.30247668926715043,1.3881663272137728,2.1291405177377296,-1.459027105097394,2.8471934323111667,0.25,119.2730876221083,3922.7425734337526,11810.00146420052,8.5,70.28523633084598,2530.3120773790356,2.2
2021-10-26,0.29909611378785833,1.3450613117314458,2.0671125237756214,-1.4678937320840983,2.812955043815544,0.25,119.09899865488804,3934.931709084629,11811.973983669493,8.5,69.61560645910569,2540.2679593032904,2.2
2021-10-27,0.3096929494630935,1.3854590780861913,2.109765794807696,-1.4511837796557576,2.836642857741949,0.25,119.1471161434842,3924.219085087887,11707.906555075366,8.5,71.24776870590382,2531.1845711340256,2.2
2021-10-28,0.31080431611601433,1.3879039085525307,2.111453270802013,-1.4407104053936988,2.8286143139462294,0.25,119.18409465313401,3922.4392032189885,11729.009037912356,8.5,71.42292798233728,2524.5031365170616,2.2
2021-10-29,0.33096439355804125,1.4053622946762478,2.1187763982020007,-1.4131227717726904,2.8184850664489383,0.25,119.4029750748633,3947.044459451988,11798.482291481474,8.5,72.15385313150942,2514.9646562251537,2.2
2021-11-01,0.30978222979659026,1.3774195225013415,2.089251447307232,-1.440886954391484,2.8183064768928254,0.25,119.14410746257565,3972.26061934851,11873.266684655704,8.5,72.8796049581975,2523.660529590742,2.2
2021-11-02,0.2735744107203505,1.3220208235520503,2.0435983216572144,-1.4982379178923115,2.820258741444362,0.25,119.0077679123366,3958.271824661141,11805.17570270208,8.5,73.42414552517654,2545.0665192281635,2.2
2021-11-03,0.2672698722473184,1.3046012388479915,2.013871044907312,-1.5213614029570812,2.8259626418050727,0.25,118.80356207633302,3976.5486712469988,11891.980470411356,8.5,74.38444816787465,2529.804578381156,2.2
2021-11-04,0.29021968593211184,1.3411763132576457,2.047820376926765,-1.5116927292422917,2.8528690424999374,0.25,119.01610283132587,4003.558944843738,11950.406149828836,8.5,75.56658367546802,2529.3430387709477,2.2
2021-11-05,0.28667543376495447,1.3186662172874928,2.019358922353951,-1.5200751179824552,2.838741335269948,0.25,119.17427811324332,4012.59121763208,11975.217622537413,8.5,74.98942869531813,2506.9679291943203,2.2
2021-11-08,0.27078549947330816,1.315716555661155,2.0236908646960634,-1.5216339474216531,2.837350503082808,0.25,119.27515276603151,3999.549659067856,11916.919804277055,8.5,76.55647837850307,2505.797723305084,2.2
2021-11-09,0.2695610045524834,1.2968065389013335,2.0112786857141187,-1.5065417927893785,2.803348331690712,0.25,119.320536449973,4003.6947714339394,11920.245787522452,8.5,75.90071459357459,2505.466723465276,2.2
2021-11-10,0.2220510858526914,1.21686240904332,1.951872493116855,-1.576207261534421,2.793069670577741,0.25,119.68450031257596,4006.7502491807604,11928.439116333635,8.5,75.72705654130901,2528.5591199214086,2.2
2021-11-11,0.24007544810742976,1.2548821975536981,1.9698697085474266,-1.5152189409224421,2.7701011384761403,0.25,119.63289432354387,4006.4284644822037,11901.68442242079,8.5,75.2240285195518,2509.6059106465214,2.2
2021-11-12,0.24059925275251154,1.2761401171632731,1.982452249908021,-1.4975661121648187,2.773706229328092,0.25,119.95916927492006,4001.940542779965,11854.206255997213,8.5,76.02013676072319,2491.6630512053057,2.2
2021-11-15,0.2548292370768424,1.2795754790911915,1.9852583623394198,-1.4764769257664576,2.756052404857649,0.25,120.12697882701308,3968.741759483786,11748.461568407876,8.569661287988632,75.61108034885301,2477.973906444443,2.2
2021-11-16,0.28518357048743787,1.3225537517258483,2.011775299660834,-1.4433407504619837,2.765894502187832,0.25,120.42194887771046,3950.1707927491225,11617.77890375952,9.106503352541749,76.19920986062854,2476.7192240105387,2.2
2021-11-17,0.23964525157256483,1.2718011246327499,1.9694679407931166,-1.4652356118285845,2.7370367364613344,0.25,120.38446011257436,3966.126925551655,11660.023369013054,9.315292469581866,74.6470314889594,2477.963585634918,2.2
2021-11-18,0.226553510930175,1.2960301112395078,1.9975231709812338,-1.4364533052258426,2.7324834164653504,0.25,120.28922418532827,3976.801838420307,11672.314407279748,10.198805799673142,74.3762599669697,2458.4712523988956,2.2
2021-11-19,0.19873086269492346,1.2755968543839882,1.9795014263559738,-1.478320708807821,2.753917563191809,0.25,120.23258163817748,4009.3039912741165,11778.843828768,10.261137372794757,76.1200718620887,2493.859309833668,2.2
2021-11-22,0.24277363388826717,1.381566891864342,2.0548543315865815,-1.3851136644267645,2.7666805562911065,0.25,120.21634911190569,4044.9174319005756,11872.65238736092,9.632720528046807,78.0052927933971,2467.1464805082237,2.2
2021-11-23,0.16091886934357547,1.3649975839322928,2.0363482285510335,-1.4131295705224456,2.7781271544547383,0.25,119.9565099047653,4074.4860793497887,11948.885745650356,9.570541534006425,80.43494633348968,2500.693544244537,2.2
2021-11-24,0.21043309547325023,1.3716230246463994,2.0360215189091484,-1.3552592370958176,2.726882261742217,0.25,120.3155594250696,3986.063826575136,11674.716573318963,11.054291099491282,76.06778794762214,2515.195659614823,2.2
2021-11-26,0.271332973098627,1.3949704199420112,2.031539572275979,-1.2937956384579152,2.6887660583999264,0.25,120.79366241186692,3933.454279863413,11563.371831999484,12.64354901848922,75.09774790857955,2499.7033425020554,2.2
2021-11-29,0.3855263688214908,1.513862664621872,2.1249105882481496,-1.1856048491766897,2.6994675137985618,0.25,121.3257171953477,3843.9908507572436,11284.545802844474,14.78209742438294,74.89291090474877,2480.3847051872876,2.2
2021-11-30,0.39683384133236177,1.4639667215535979,2.0807777460156673,-1.2075634522794223,2.67153017383302,0.25,121.96687666832179,3845.030605479274,11197.72532914933,16.18499135202668,73.58487474488605,2450.045506232334,2.2
2021-12-01,0.35440185272964375,1.3433139079231238,1.9934215088908327,-1.2598967954098168,2.6032107033329406,0.25,121.62211686996487,3888.920774318758,11300.002227303657,15.865276076406436,74.46045339573418,2469.9624837764354,2.2121375953782167
2021-12-02,0.35619010816524976,1.362504651046659,2.005249864379776,-1.2705711714669186,2.6330758225135775,0.25,121.607872917733,3869.7727217680085,11257.155048734621,17.146804731380808,71.76290893864017,2480.283832593153,2.256731052604267
2021-12-03,0.38135996677384376,1.4619220184129933,2.1118816972240158,-1.24020840515566,2.7021304235686534,0.25,121.59822407012025,3863.6868001980624,11253.898610178732,16.328905841696457,75.10674344495284,2460.452441811807,2.279741473368423
2021-12-06,0.4057047151964772,1.5220629007392839,2.1370951451704316,-1.1657423057426162,2.6878052064819,0.25,121.5333834171162,3899.1082634066697,11426.222901394545,16.80527679184021,78.16506027723129,2434.8955446680325,2.275721650600102
2021-12-07,0.430508975242085,1.548596508161302,2.1325410968306713,-1.1468541592126582,2.69545066737396,0.25,122.10513913811438,3906.0343496679775,11375.476076385277,16.00473824621678,77.597233244448,2395.3157603534564,2.2637963761747715
2021-12-08,0.4280295228712089,1.6579289195495583,2.2645875930721644,-1.1134568624219194,2.771385781971478,0.25,121.83854709056814,3922.849582724681,11415.717539527917,15.237324582970727,78.76832869461168,2406.594835658804,2.2837637635969252
2021-12-09,0.4242417825898337,1.7452891325433322,2.37473563277877,-1.1027776670500444,2.8480667995933766,0.25,121.46748830401907,3913.170138622923,11333.376424755286,14.37506979528891,82.96845011880755,2411.8776192366595,2.3133505056148973
2021-12-10,0.4138750624378422,1.7120305303743237,2.329117504683988,-1.1014875105881108,2.8135180409624345,0.25,121.45499225923344,3926.6752802366777,11369.619526129618,13.965580835485236,81.67491168553214,2401.9519548200265,2.3034797148649115
2021-12-13,0.4826797978507491,1.796568234903007,2.4063002450884463,-1.082537881530702,2.879106116433709,0.25,121.55746516452518,3941.999989581698,11280.808373166756,14.311523698021364,82.7850298772873,2424.2214170081847,2.273802874272218
2021-12-14,0.5114996593940329,1.8131536002414743,2.4408758221592244,-1.0833285041512293,2.8964821043927036,0.25,121.55023287012412,3967.0249401933634,11294.596058291192,14.488064505697919,84.37301077391999,2416.6206966782656,2.3310427972091583
2021-12-15,0.5042353344022344,1.8123784233683837,2.4329182381570016,-1.0604902376937648,2.8728686610621486,0.25,121.27760842383442,3932.250375420328,11152.894928147225,15.793445032027712,86.50778855079577,2432.531803239078,2.379143453262201
2021-12-16,0.5809707818541731,1.952804862409399,2.541561230259979,-0.9591004731616888,2.9119053355710878,0.25,121.3847996048238,3931.9861299120694,11187.055010531672,14.87811707722507,84.88164414077995,2446.969151200482,2.3931739213596877
2021-12-17,0.5500257352334523,1.9452106628805195,2.529199203275813,-0.9958646258862636,2.941075288766783,0.25,121.1174686512242,4024.1131965774807,11520.318073664766,12.24056010172659,85.74296967777957,2451.831753789393,2.230234205086682
2021-12-20,0.5407314282711296,1.893993675266223,2.4600077166923286,-0.9731945874570539,2.867188262723277,0.25,120.83456371406088,3999.211842671929,11324.986297598525,12.440943172810742,84.0212463973553,2479.143992853468,2.306068569771342
2021-12-21,0.553864441223308,1.9044997054459396,2.448413300733442,-0.9538028237980753,2.858302529244015,0.25,121.42569185536996,3972.2438230648554,11314.862708883324,12.986577370665545,84.52097031522922,2470.283084706799,2.4004637065476673
2021-12-22,0.5933892762999914,1.9550991525724142,2.4865490987220693,-0.9023220837354267,2.857421236307841,0.25,121.9475680215384,3933.3297381098564,11229.196617465626,13.648414056239663,83.66669705292911,2433.4889049100047,2.457551580669916
2021-12-23,0.6172130046217708,1.9763083581218879,2.502454993677875,-0.8875406273748017,2.8638489854966895,0.25,122.48163494690169,3942.194551817144,11239.67767260134,14.383304817027327,83.26078582335553,2394.776850136446,2.504949805433238
2021-12-27,0.7136448632464824,1.998984913730667,2.4829271694142365,-0.8261819210275207,2.8251668347581878,0.25,122.6726684099373,3847.8107117659715,10932.54983519508,15.379722718299302,81.20640865333334,2389.8274520612845,2.6049042365329447
2021-12-28,0.6913148023390209,1.9104142721838824,2.4080609411826006,-0.9059392457867194,2.816353517970602,0.25,122.35964273561757,3864.053193252124,11021.768304393634,15.762491773776008,82.00687741776039,2403.491125046574,2.731120873981874
2021-12-29,0.8171979804698901,1.9388525629983957,2.382763942523209,-0.7940635875660312,2.732916150564427,0.25,122.72841823285884,3789.798014889337,10787.47696029223,17.205231304122382,80.4572159146779,2374.4249431122375,2.8505480340502976
2021-12-30,0.8940646859211439,2.0166653390883535,2.4523487727098505,-0.7456324531407416,2.762297792229095,0.25,122.55537285104673,3779.5668586126553,10770.804222828925,19.34169947290296,82.56260279236854,2384.8563984306784,2.8549622195202256
2022-01-03,1.0299936262741656,2.148470343963713,2.5468464353677813,-0.6226386903992578,2.771109034362971,0.25,123.15473311772617,3736.1670986867857,10603.492955120748,19.182890558855878,84.3591241743391,2375.6941810209473,2.806110478652195
2022-01-04,1.0829301145127561,2.0391217311095815,2.417600127528241,-0.6635955765963613,2.7027173077059428,0.25,123.65372785944393,3700.562952191092,10602.079992928744,19.235425000575496,81.73860578287982,2363.8092654451143,2.9871910634179604
2022-01-05,1.1065227129015103,2.1569050925232567,2.532054194592066,-0.6324793305331353,2.789384423056392,0.25,122.66514489435971,3757.141299065851,10757.68614390276,18.324304337631848,86.36481147480588,2374.860686366108,2.8380870164873557
2022-01-06,1.2089798498068527,2.339777725139533,2.626515208034108,-0.5120550976993388,2.8518328228388716,0.25,123.55824829375895,3714.559015982737,10600.805479803252,20.896590311506912,83.71515883869895,2327.906533837927,2.9808339730814115
2022-01-07,1.1385887101618049,2.183486998773275,2.5049314924472816,-0.5652504614187728,2.748737460192048,0.25,123.76339979300901,3663.0231177198248,10372.930928107608,21.470978983856803,79.85172190360129,2340.0819298214537,3.1717294192692225
2022-01-10,1.2161319732120397,2.3331560635105224,2.611577349722577,-0.4768454669150607,2.810001530425583,0.25,123.73088378016834,3779.2602178789466,10733.123119904034,18.753380682513797,85.08940850590979,2315.652670599347,2.9250749246820615
2022-01-11,1.1798111109411795,2.3291941979330932,2.6026197905849617,-0.504183814243524,2.8333780121766172,0.25,123.40691062892046,3758.3226375920694,10684.999190582594,17.65818227140903,88.00285425931358,2331.1401664572436,2.9463756458144315
2022-01-12,1.2213723834150585,2.321556100959598,2.594625563879174,-0.546954367113677,2.868510468073275,0.25,123.37687379797521,3740.6800274081916,10679.57972407739,16.594988397579133,89.39268030337833,2339.661717224913,3.0564457320073366
2022-01-13,1.1815192932296292,2.281055304334445,2.598261108382361,-0.5934437086662212,2.8744990130006665,0.25,123.46444707684147,3754.7298995727147,10793.671795726521,14.938628980860095,91.19875186932111,2341.800137220658,3.102157660578299
2022-01-14,1.1391281006067762,2.2691414582881437,2.6108161476754654,-0.6369777311049527,2.906119189393096,0.25,123.38033049535248,3748.7220300363674,10772.945513496517,15.150523303303428,91.49146265812219,2340.703085076862,3.172182348581463
2022-01-18,1.1507101257743395,2.285935157361785,2.6026331843907364,-0.5801626447298149,2.8660978020916,0.25,123.79372616257325,3789.9103902795355,10925.45163397608,13.104579688886348,92.89314185625024,2308.5094084833745,3.193249571162169
2022-01-19,1.080332551182286,2.225860827544754,2.554063339080071,-0.6249509768430452,2.8508118043877992,0.25,122.62191717917787,3841.548805145284,11056.897116339938,12.36312838072415,92.06315574440292,2309.3093662843094,3.1095053801789514
2022-01-20,1.068295181102233,2.1999520132554706,2.519296228441479,-0.6452839481049134,2.845235961360384,0.25,122.80845274247214,3826.7825702663945,10986.706228699744,11.78742889194349,92.67393102761382,2301.4306158853924,3.2390745950363313
2022-01-21,1.1166178250160788,2.2670789625762184,2.597050229216716,-0.5858396963325514,2.8529186589087696,0.25,122.95454960306449,3822.0970424129273,11010.960589266342,11.740030984379027,94.80174787067735,2276.5249360915855,3.2184721601916366
2022-01-24,1.170398293537141,2.305154434443299,2.642429291115324,-0.5671688766150228,2.872323311058322,0.25,123.41121144063533,3790.061432794922,10899.477404913448,11.775517328939618,92.31561915948761,2261.5270546134893,3.2843225084933234
2022-01-25,1.1448290174107272,2.2915598042710523,2.6483290791759817,-0.5946559554988776,2.88621575976993,0.25,123.55671107063229,3805.2033133905866,10995.453162803431,11.297814833983304,95.2790693008249,2263.6547616900907,3.358529130434904
2022-01-26,1.1463548406292876,2.3279756943857017,2.6811072224553403,-0.5745353618089396,2.9025110561946414,0.25,123.42641966526404,3837.5790726113737,11139.300747570895,9.981820839341498,94.52782641361891,2274.023716296618,3.27901832433873
2022-01-27,1.1121148223825628,2.249145400236113,2.6072449700682494,-0.606106126024901,2.8552515262610143,0.25,122.94977696564449,3839.2724589675813,11195.369374273705,9.44651532973757,92.686043196083,2301.7469136130626,3.316232962533774
2022-01-28,1.0797967154924835,2.2062690784274848,2.574152272418467,-0.635986463823486,2.842255542250971,0.25,123.08867750626862,3864.924790569408,11305.791507652644,8.789638839159885,92.18492106181374,2299.856546847566,3.3098617705568922
2022-01-31,1.0942227125981407,2.2219131513944226,2.5878335317725085,-0.6297597743998034,2.851672925794226,0.25,122.99001467347597,3879.88270234845,11399.084855270266,8.669811807050795,91.8565328758135,2301.477486414492,3.3187239555248214
2022-02-01,1.10952561288596,2.2385892896956254,2.6142526468246587,-0.6326174905793701,2.8712067802749957,0.25,122.93644794298255,3879.22147440188,11374.695432115106,8.5,90.24524638964441,2301.1256550739035,3.3219430288121337
2022-02-02,1.0687120502588945,2.2119537040852655,2.5932823140087056,-0.6804777493634839,2.8924314534487494,0.25,123.0729503099094,3914.053729645663,11498.823179999596,8.5,92.20355603857423,2314.8385568293857,3.2617113368684176
2022-02-03,1.0626730713626518,2.1924223760259958,2.5844732088371773,-0.7100030285248868,2.9024254045508826,0.25,123.07720846262735,3925.013696980887,11574.01639146864,8.5,93.50274348360063,2316.6844174973435,3.228107906902827
2022-02-04,1.0861331162715115,2.2118249009609725,2.5937902176799845,-0.6961659339277892,2.9079908348887615,0.25,122.95983692897417,3895.817899924362,11420.328514972014,9.291634277889608,92.78717249261858,2324.4574530556233,3.284700169507562
2022-02-07,1.1160148347023733,2.256534290764068,2.642611192711312,-0.6732185992228218,2.92975288998689,0.25,123.42196101111448,3877.609460314334,11320.105587249749,9.709471645540074,95.19690066318714,2314.5835600052847,3.3065835148920875
2022-02-08,1.0919326563347007,2.2774794867436943,2.6640062698618023,-0.6864347972959393,2.9639142840396335,0.25,123.20777203754403,3901.9655113625035,11389.05253875441,9.079781901833922,96.01343236213404,2320.8349129317994,3.2891044555787263
2022-02-09,1.104557346832435,2.231287224191829,2.6200722947194155,-0.7078996744007776,2.939186898592607,0.25,123.48951793138875,3876.384194642393,11334.821506135318,9.416201069976903,95.84403593546591,2307.6864357733416,3.339705993092884
2022-02-10,1.1000489357414813,2.1822693244619424,2.5784951716468774,-0.7417942952162981,2.9240636196782406,0.25,123.62844192371438,3886.5471880871323,11402.340233765317,9.435077999658494,96.07396714156137,2310.9510988198226,3.336296980340782
2022-02-11,1.119376859870858,2.1734970966580174,2.557173831858367,-0.7222058250888043,2.8957029217468215,0.25,123.94477254971132,3876.9716632829163,11393.737689798343,9.391222270569708,97.11856142223787,2290.4003637828523,3.269751851279391
2022-02-14,1.1450620212671176,2.232423950074118,2.6058512629427075,-0.6837961700377294,2.916220120111847,0.25,124.27073450296893,3916.038889708948,11555.627687552356,8.5,99.54297754720768,2277.1609878306567,3.2228906019813754
2022-02-15,1.1389210340172493,2.2339794985573658,2.6263440689026942,-0.6992296352235376,2.9332091337809034,0.25,124.17039651830372,3924.8925235116635,11591.310687352128,8.5,100.45782123712146,2316.694313880646,3.2771378420445325
2022-02-16,1.1326552400280667,2.2098893834194278,2.6090676477524606,-0.7048357733610731,2.914725156780501,0.25,123.96479337043216,3931.4156899637137,11629.982581823202,8.5,101.26638309974597,2326.9015395066504,3.2806352244789148
2022-02-17,1.1449172265132295,2.2325137082037125,2.641590661386389,-0.6995927980309162,2.932106506234629,0.25,124.23055477275518,3917.357062908146,11554.972530890374,8.5,100.97385406001646,2325.324704601006,3.2651629906405146
2022-02-18,1.147310120458233,2.2469788415208836,2.648562233284412,-0.6773986803108476,2.9243775218317314,0.25,124.32489222351309,3907.2783218812187,11590.5405700393,8.5,100.74762535621198,2304.005088483562,3.2751532265907892
2022-02-22,1.193513546897959,2.265596629888285,2.667637956128964,-0.6591248515756997,2.9247214814639846,0.25,124.52232385525485,3895.9594132597804,11548.971852428063,8.5,99.90364078322213,2281.722760230229,3.357164941915586
2022-02-23,1.204921497475365,2.33005509763844,2.7210942316505524,-0.629534769698276,2.9595898673367165,0.25,124.58113959721389,3904.750500217163,11574.46038710211,8.5,101.15712433278848,2287.0861930954684,3.3422881707585685
2022-02-24,1.1914971616220364,2.2871392780423707,2.6776057439862,-0.6533768446849333,2.940516122727304,0.25,124.22845860689195,3902.405047602014,11536.469560818045,8.5,102.68553870117793,2309.5803810865727,3.371573920791014
2022-02-25,1.2104518981230012,2.3402321730855484,2.742927986992863,-0.6413360211940313,2.9815681942795798,0.25,124.4381180498982,3897.557226278922,11495.528545369183,8.5,103.50182460245176,2296.933624889447,3.3828607522029985
2022-02-28,1.2498411667373883,2.401231313595179,2.802118733046964,-0.5992594713200936,3.0004907849152724,0.25,124.45512835507436,3901.6222297678833,11522.211420717911,8.5,105.72585124769219,2282.568437477171,3.4167224453784066
2022-03-01,1.2485020507624667,2.3938598761566663,2.796508636158682,-0.6088397158156756,3.002699591972342,0.25,124.37119735505483,3919.3013529775812,11562.775664772747,8.5,104.76768642408113,2299.6672272451074,3.4294777619313153
2022-03-02,1.2921082873808114,2.4443742664957178,2.8392056468571707,-0.5653596622734576,3.009733928769175,0.25,124.43694216333007,3894.2605321137094,11411.190747492761,8.5,105.9873266066277,2306.7498481646535,3.489477425970198
2022-03-03,1.302969705489835,2.4387994831381095,2.841963542870551,-0.5711506464731781,3.0099501296112874,0.25,124.42088700250832,3911.656050764932,11468.585438144884,8.5,104.09036607390625,2310.39885770415,3.4815957166483806
2022-03-04,1.2752549132872188,2.4126561186263715,2.821854361239357,-0.6026395751381329,3.0152956937645046,0.25,123.9840495262955,3932.115401199175,11522.705167906992,8.5,104.35916560011502,2325.2709858661524,3.470901813624704
2022-03-07,1.318476353249234,2.465429083681869,2.8685825564751366,-0.5682622248024076,3.0336913084842765,0.25,124.24818280213567,3923.02688907383,11513.240188960202,8.5,104.33084119972104,2312.725304864721,3.4944308123299788
2022-03-08,1.3118300803404692,2.4616723402218597,2.8775791340995722,-0.5770507397823007,3.0387230800041602,0.25,124.34040094353259,3945.492499742022,11563.551358283652,8.5,105.16912022788259,2304.2798485039802,3.4884472088468677
2022-03-09,1.317964958317088,2.4624558506620464,2.882862681149478,-0.587717850729272,3.0501737013913184,0.25,124.04827883709338,3955.145638331865,11585.907573060187,8.5,105.04257640006479,2317.113206493121,3.476954435979181
2022-03-10,1.298457239983886,2.441680242926842,2.867881529824593,-0.5984255230486983,3.0401057659755404,0.25,123.93310788501203,3960.0787355614866,11614.349506811892,8.5,105.07029378453977,2310.6136456412555,3.4527445553364813
2022-03-11,1.2593594400778991,2.4196364601359264,2.8421553477856683,-0.6132287391746905,3.032865199310617,0.25,123.75052681419467,3965.4558147470184,11610.368937413103,8.5,107.26059508338332,2321.4592395497066,3.495331754043576
2022-03-14,1.277592471400721,2.4476212689502486,2.874131310746784,-0.591432134587366,3.0390534035376144,0.25,124.11708407318004,3948.1515397873436,11569.266682297732,8.5,108.30406866542398,2328.418337888827,3.5629029536433663
2022-03-15,1.2799818279987523,2.4237804840164996,2.845986209165748,-0.5858722672297483,3.009652751246248,0.25,124.26903218967539,3944.0119666512746,11550.29490268219,8.5,108.70889952767205,2338.635947282063,3.5768904246601796
2022-03-16,1.2844705150957174,2.437716251263148,2.84778699165421,-0.5657185797426334,3.0034348310057815,0.25,124.32744818981874,3943.444173250852,11560.918095887264,8.5,107.64211447347172,2335.687928667852,3.5566072205428756
2022-03-17,1.3061484406616866,2.452791993883948,2.8473239119247418,-0.5338146292069429,2.986606623090891,0.25,124.34219022175779,3942.595622535605,11546.922193477425,8.5,107.12461652394619,2313.997184003164,3.5523624544745354
2022-03-18,1.3203034683198644,2.4715835404431723,2.8710110869909817,-0.5214120539517677,2.99299559439494,0.25,124.37685493950605,3950.252557290933,11566.140860057023,8.5,106.80187448602545,2310.8889924523187,3.527383201862942
2022-03-21,1.3428153901013178,2.4889299956819153,2.8900693483285482,-0.5255903287549695,3.014520324436885,0.25,124.4876699216044,3943.377639280834,11538.219144637684,8.5,108.78347268681428,2314.200770192676,3.5713778998892356
2022-03-22,1.3592636798353017,2.4946201171173454,2.888887009074381,-0.5143258900892617,3.008946007206607,0.25,124.60987185711767,3949.7136063459707,11564.201713517517,8.5,108.72654436593743,2307.27560893098,3.559386187620538
2022-03-23,1.409437586995604,2.536287762483498,2.92025634083607,-0.4691651347136293,3.0054528971971273,0.25,124.90227719151356,3924.3067277548266,11492.38859096314,8.5,108.0757826756378,2297.2486011134647,3.5869533883345346
2022-03-24,1.4040012707755252,2.5324789926838656,2.9093805835424833,-0.46336110877282577,2.9958401014566913,0.25,124.73417668012513,3915.3211761739517,11451.41967399007,8.5,107.55794086110878,2305.283101705085,3.5968347822212503
2022-03-25,1.4092333644453634,2.5489477531893563,2.929609147335903,-0.46220042524288923,3.0111481784322454,0.25,124.674993686782,3920.1534403504006,11470.699162366258,8.5,108.26212763442874,2293.0634228561316,3.612644046395756
2022-03-28,1.4374147237990638,2.582517564189858,2.9667604438795054,-0.4540502019668489,3.036567766156707,0.25,124.78890740705361,3918.846160323711,11468.30626923425,8.5,108.53831814520257,2306.176474543212,3.662337023722709
2022-03-29,1.4639763866785251,2.6117246535458563,2.979113293442596,-0.42452413331623884,3.036248786862095,0.25,125.05365968981035,3904.3025241780747,11419.378061671396,8.5,109.29915528767391,2291.0022282440887,3.6856422728702087
2022-03-30,1.4480304061578924,2.6031137137279945,2.974450456959924,-0.44127337815322254,3.044387091881217,0.25,125.05776147485899,3927.2333057380056,11494.319684264323,8.5,110.05305226630857,2284.66825641716,3.6869504900643197
2022-03-31,1.4696427686397624,2.610591077704022,2.9777555154055966,-0.44320460039151843,3.0537956780955406,0.25,125.1410900067325,3913.677336626236,11457.038623541193,8.5,109.5162149451163,2290.743262937515,3.733803246635869
2022-04-01,1.463686470249606,2.5913467052536197,2.9698290395270317,-0.47751848209862213,3.068865187352242,0.25,124.91577898437872,3924.563197263216,11488.931200996667,8.5,110.0694801810063,2306.8953535496985,3.6980123506119664
2022-04-04,1.4926984094314943,2.6144071840714393,2.9854539349548315,-0.45505084202180285,3.0694580260932423,0.5,125.10831280620138,3916.295640045233,11489.164536138387,8.5,110.57612441809255,2307.060318131195,3.7381676856936443
2022-04-05,1.5150547474999008,2.630005855364662,3.005073259513143,-0.4434606338929829,3.073466489257645,0.5,125.34565274167112,3898.3060954786374,11411.93970763982,8.5,110.57004161701744,2326.4984181465798,3.811744450915108
2022-04-06,1.5352387525628775,2.6672115242892573,3.0465182447779626,-0.4299654486423765,3.097176972931634,0.5,125.53247373226041,3903.39691962803,11414.613553844376,8.5,112.26347212732205,2321.608708652424,3.7989145443046928
2022-04-07,1.5623490956798236,2.698657668357052,3.0691941762840935,-0.4025974699971228,3.1012551383541744,0.5,125.87667876993832,3887.0336788602617,11365.446127095189,8.5,111.39687594980244,2310.9367194296237,3.822105303580589
2022-04-08,1.5924877055455984,2.7070611499401522,3.0663822957363642,-0.36849876884239574,3.075559918782548,0.5,125.96754299497276,3872.2501773112767,11303.087776521137,8.5,110.58129386128617,2319.1733512118303,3.830920517529339
2022-04-11,1.6267547091942216,2.7402824923253166,3.0945556171268263,-0.35658545764239824,3.0968679499677148,0.5,126.0056324337663,3856.9760491166535,11244.296855796552,8.5,112.37794731346378,2310.4112851706195,3.909501363133505
2022-04-12,1.650902921594701,2.7643206265210796,3.100322030799761,-0.3278276409023188,3.0921482674233984,0.5,126.47813625989386,3853.872501823619,11250.870106300625,8.5,111.8778088718863,2285.137732734952,3.910639274950759
2022-04-13,1.658048201621337,2.772685307747818,3.1143467655433303,-0.31716969577203885,3.089855003519857,0.5,126.79640072254176,3845.799677937122,11243.247752931038,8.5,111.6509259194903,2290.1557558831205,3.954090419854524
2022-04-14,1.7012951425183716,2.840296950457007,3.167415301639121,-0.26437581937338916,3.104672769830396,0.5,126.89406504950334,3844.2214094227425,11256.00079128588,8.5,111.85198878689744,2281.56568450044,4.009746340376038
2022-04-18,1.7356862887440303,2.8774390520735222,3.2108254975782065,-0.26445452485537113,3.141893576928893,0.5,126.68614581238234,3858.261735373668,11274.067375231725,8.5,112.93379084998746,2297.692412657151,3.989190687164418
2022-04-19,1.7565678244537266,2.9039942507473255,3.2356283127807375,-0.2482249621808373,3.1522192129281628,0.5,126.74376819892102,3829.112031498229,11147.232870905897,8.5,113.15595363357544,2310.790017381033,4.036160176339138
2022-04-20,1.7468205927438567,2.922716346871416,3.2568020213325837,-0.2586672151199952,3.181383561991411,0.5,127.03289928261366,3844.3237122609903,11210.00305636658,8.5,114.04205520143891,2313.6467462897576,4.021352463202914
2022-04-21,1.7487474458320713,2.93660799723939,3.279961940466296,-0.25300521651771457,3.189613213757105,0.75,126.99603199042211,3838.992366027069,11193.28192105889,8.5,112.50082250240877,2302.469146145959,4.030809801893722
2022-04-22,1.7663983027343264,2.9757115960465743,3.321632838376964,-0.22211488698505824,3.1978264830316325,0.75,127.34769475351024,3802.826827433352,11046.769955028221,9.274586920439827,112.48306070692895,2310.147332785022,4.0968851963147355
2022-04-25,1.8289756779985455,3.0412559089991604,3.3923153191286004,-0.19097601016229,3.2322319191614506,0.75,127.60110938236438,3786.975155906657,10960.190942875508,9.286135229244042,111.86283413657196,2305.7092017909176,4.182653981394932
2022-04-26,1.8559710538240834,3.0624315234754675,3.420051872983864,-0.16764630866039062,3.230077832135858,0.75,127.53646652689788,3760.759294848153,10848.264007081527,10.14058771014196,110.88889434352244,2308.796799158835,4.247757397536155
2022-04-27,1.8613259243201752,3.095280470418486,3.479980927887186,-0.1794073778807316,3.2746878482992177,0.75,127.40061581742053,3758.1792168728875,10815.069221007354,10.686984798403882,112.91559574399712,2314.8928058417837,4.290064883300568
2022-04-28,1.8542703999108454,3.082701919258816,3.471384014044137,-0.17270615332577588,3.2554080725845917,0.75,127.36211499799057,3783.936359992079,10882.222149764346,10.820092933410809,113.82662904295233,2295.0037290762198,4.263507916012381
2022-04-29,1.9081001268525817,3.1575009853291323,3.5435168620253727,-0.10667738073652062,3.2641783660656527,0.75,127.57476131221071,3783.8427700387174,10853.262844113147,10.66811555752306,114.87415966660424,2274.857975592008,4.2394597489714805
2022-05-02,1.9345558940984886,3.118890541325064,3.50749843750395,-0.11144881352096014,3.230339354846024,0.75,127.5894986875242,3772.2502334262495,10836.404911154632,10.933445268453504,115.10872193070423,2281.4168624397025,4.3085415650069585
2022-05-03,1.9401547122360991,3.08736610007211,3.483221017954072,-0.12649222537750057,3.2138583254496105,0.75,127.82577434693665,3775.1395685663674,10901.727280856836,11.489064528790061,114.76686299713813,2287.364396011733,4.285962456646073
2022-05-04,1.955771932504492,3.119184827526505,3.5001724879184724,-0.10939835733207304,3.2285831848585778,0.75,127.63063559694163,3783.881371842885,10909.062316990483,11.261104498746432,113.36432595159341,2290.205809704984,4.289628846353487
2022-05-05,1.936664969752471,3.083953231247161,3.466949185637904,-0.1093015259621444,3.1932547572093055,0.75,127.4977076258925,3812.0887310575745,11035.134479863673,10.340747629577061,115.08018765053636,2291.06673610707,4.2067094353202235
2022-05-06,1.937601079115071,3.0558517798968987,3.4316278252578605,-0.10927947090862129,3.16513125080552,0.75,127.63532623015254,3811.1082549701287,11001.029444219328,10.122430915223388,115.17433860143326,2279.821182616133,4.199822735880144
2022-05-09,1.9716365216076868,3.0951810943525078,3.45868375278475,-0.06833480703245493,3.1635159013849625,1.0,128.08709725745953,3793.9208821295088,10897.07275422922,10.572129966635696,115.28089724822108,2276.5775227217823,4.304425931244501
2022-05-10,1.9952017639032886,3.0415022331570976,3.3927957779724878,-0.07430054586363483,3.1158027790207323,1.0,128.2650157997384,3776.436098813102,10794.26408974189,11.147213494787263,113.62627322630132,2282.9706148654204,4.337379790270604
2022-05-11,2.0097636941120007,3.0855076667529184,3.4257802718361634,-0.07556610122017962,3.161073767973098,1.0,127.9609023646461,3811.5798434812687,10938.19146454871,10.788763651540984,117.67063585633048,2304.2033500016546,4.313884455864229
2022-05-12,2.01610954917178,3.0822982334489732,3.4293732197481863,-0.06505252632703833,3.1473507597760118,1.0,128.07791315161023,3804.539811493494,10920.955369022067,9.568456148040566,117.09867901565428,2308.7237342231774,4.309468705146653
2022-05-13,2.006986036475208,3.0475851101674856,3.391606241141899,-0.07609296973782172,3.123678079905307,1.0,128.28022340422945,3806.6872351632383,10937.302873001963,10.206972543678644,115.94759490978137,2297.610721232458,4.352796649971484
2022-05-16,2.011417059741609,3.0287346983398353,3.3772341770047243,-0.07396968197639202,3.1027043803162275,1.0,128.29705111493777,3802.6797368785283,10942.43405989208,10.454112420804698,115.72974803724628,2296.2718784955287,4.434153409949066
2022-05-17,2.0012924783122337,2.995731476920039,3.3458338961801006,-0.10383065375857276,3.099562130678612,1.0,128.4467451399382,3810.9186393213486,10968.102075181772,11.233087104307105,114.98892402506318,2294.650360942323,4.450622590020725
2022-05-18,2.045809282702802,3.0526301589805684,3.380980632104771,-0.05776884186626416,3.1103990008468325,1.0,128.5597468501108,3817.605055516394,10988.098216688144,10.908195154435745,115.17047461960205,2265.6235596213082,4.446576648413856
2022-05-19,2.0449885180352343,3.0592129998811943,3.407290875669326,-0.05652094972333508,3.1157339496045293,1.0,128.39078308474316,3783.856496915219,10897.271036654643,11.368301109569753,115.66525877615156,2255.920048319559,4.564060556158766
2022-05-20,2.091626948132776,3.086640435433702,3.4134745426892024,-0.030954732241465627,3.1175951676751676,1.0,128.74399512411196,3801.794455549136,10999.55161298675,10.427160758439195,115.68093808893191,2268.4997965827392,4.537267413828297
2022-05-23,2.095723683362232,3.0808837877844244,3.4182585593373203,-0.043237223436696885,3.124121011221121,1.0,128.763741019546,3798.165441216129,11022.333505751205,10.074729366784318,119.88264319468728,2261.88800110547,4.581613574536741
2022-05-24,2.094973396986122,3.042889868356705,3.379758722002115,-0.03862206477534654,3.0815119331320515,1.0,128.7282623311877,3804.784545723067,11066.030525906868,10.12109525692514,119.79430326764721,2254.2670053607862,4.568825200070599
2022-05-25,2.094366087719996,3.077564512512848,3.407062520746067,-0.01902493892838476,3.0965894514412327,1.25,128.73438540673646,3817.903029558361,11153.33737809701,9.255680288207987,122.02704516750005,2258.0918226969675,4.554445970857911
2022-05-26,2.0691886860463056,3.0563499861910026,3.3993812052101577,-0.034139730301247416,3.0904897164922502,1.25,128.94448841091716,3816.424970327721,11179.02379796678,9.547389500778056,122.40372410228257,2246.3439327587444,4.569692246377363
2022-05-27,2.0753840661086436,3.0833303723871945,3.42376816716943,-0.020237856611678852,3.1035682289988733,1.25,129.37410949268795,3815.7649700434713,11214.750964207878,8.914812193933304,122.96123772681311,2231.8672645781608,4.598880191842481
2022-05-31,2.114342147459938,3.0850043071686524,3.435678841111699,-0.015559338879865887,3.1005636460485184,1.25,129.30017053253817,3787.3469261851455,11105.916001777594,9.668927357684009,126.30606979794901,2248.226055522269,4.706028382679027
2022-06-01,2.153933593799234,3.1019827943473053,3.444450050887387,0.006931678614805661,3.0950511157325,1.25,129.50727819762383,3761.976632857857,11014.961034164342,11.038390956548985,127.12494220299719,2239.9673840115,4.757295796067758
2022-06-02,2.1904714634810376,3.1510307156760256,3.4842235634096794,0.050456519603466914,3.1005741960725586,1.25,129.66935251277934,3749.0835409005117,11006.047778166121,10.866961640684579,126.22993480367005,2215.266063557513,4.7787255667735025
2022-06-03,2.187264066119286,3.164788186635328,3.501690068191406,0.07692649850249501,3.0878616881328327,1.25,129.4795949042264,3747.45829039533,11002.726450527158,11.147684406437985,126.25721952789029,2202.617783363065,4.793266732044074
2022-06-06,2.2051469931434604,3.1884806801512595,3.5397031254721676,0.08002792879943585,3.1084527513518236,1.25,129.40503491862842,3748.357960548624,11033.467724944008,12.711723885467203,129.24850559059712,2216.857017863387,4.838191403106143
2022-06-07,2.227100519772656,3.2225387164108357,3.5683356571110365,0.10967788481805096,3.112860831592785,1.25,129.37802661199495,3738.0091422508226,11026.532325755137,12.581106480355311,128.63051881692465,2227.4169196357675,4.8626713578862075
2022-06-08,2.2534095877879543,3.2215196334705922,3.5658312072396496,0.1148335360896158,3.1066860973809765,1.25,129.55028833088136,3742.2573046756997,11064.53663671364,11.057983793213603,128.43354369860606,2206.771302491393,4.8655804832758145
2022-06-09,2.298393913701231,3.252857706068458,3.584299351402166,0.14644793490688598,3.106409771161572,1.25,129.72738575533842,3732.7448536051484,11026.190536897526,10.997455513659725,129.80012017419824,2209.0625861617204,4.824785250693664
2022-06-10,2.315694227649448,3.239218186540598,3.5709821324708675,0.13283951799951702,3.1063786685410806,1.25,129.93609573663738,3720.5047028072913,10974.213418984024,11.022702246223346,128.80728105127275,2208.5679464557843,4.830095646371882
2022-06-13,2.312723129804531,3.1895075020741173,3.533294650062105,0.11887500242270822,3.070632499651409,1.5,129.7576630989485,3726.6321599010366,10989.548748155852,10.645714198197043,128.39373064574312,2207.8380401220156,4.920128634189604
2022-06-14,2.3517275791901873,3.23259462640464,3.561248953929807,0.17188080871671563,3.0607138176879243,1.5,130.1974229225695,3710.9015458019785,10939.97740768999,11.733392563433288,129.6778765217907,2165.0326400870417,4.925194222434486
2022-06-15,2.3630126549077435,3.249693430353583,3.58207909001014,0.19200302096364433,3.057690409389939,1.5,130.0130268047878,3684.8076783004703,10874.53947120343,13.476833799239062,130.0362730225843,2155.4194904147375,4.983378329457135
2022-06-16,2.443827163184382,3.296957202264662,3.629118533125295,0.22982642855499374,3.067130773709668,1.5,130.80531819216026,3622.4027269902103,10667.922336018099,16.89556631442097,126.47116265941445,2152.7207601929367,5.0945518671461
2022-06-17,2.4357114024376494,3.2978229510512773,3.642363849355748,0.20616811913211297,3.0916548319191643,1.5,130.37910594141437,3654.021313547527,10807.44988276204,15.212016187811901,128.35425864974795,2158.6061005508273,5.034334252117315
2022-06-21,2.489885669795449,3.3309151980383973,3.6583512833633725,0.27153847149893107,3.0593767265394662,1.5,130.1539887736365,3675.037172709635,10863.884242275833,14.348911370302329,128.42450144034564,2147.928985923133,5.037660764699064
2022-06-22,2.486580577465107,3.3296979589216678,3.6539531933690523,0.27696573789192175,3.052732221029746,1.5,130.48983424118725,3659.2516338219657,10760.380379604603,14.378250001581897,128.58922270680833,2144.205455389898,5.063318008784993
2022-06-23,2.488943564724395,3.3389280877603658,3.667111453276488,0.26271330039738977,3.076214787362976,1.5,130.53366567229082,3690.3529061004365,10871.304327670985,12.278061827470887,128.86226655500585,2135.9771302591284,5.003406835159348
2022-06-24,2.492207544061274,3.3381474071584365,3.6707468178141354,0.2586531368049383,3.079494270353498,1.5,130.20829579289577,3696.4480006283748,10892.353752903451,13.304619870830784,129.48188827264994,2140.1200883868214,4.962757975624479
2022-06-27,2.565947085260137,3.390369590066385,3.6967159357003676,0.3201696855622157,3.070199904504169,1.5,130.68708350280417,3672.473154049352,10782.126200937622,14.109707152211877,123.73769869184916,2135.1279270866194,4.999397322266104
2022-06-28,2.6365125869041406,3.4591654992035954,3.7655191281702134,0.40134871199601435,3.057816787207581,1.5,131.72765659439978,3664.4070164003324,10758.841148902657,14.9305483446636,124.69704934089997,2110.2296277515843,4.9401393567554805
2022-06-29,2.6442130461376068,3.4595634984612955,3.765623387865215,0.4050009134104017,3.0545625850508937,1.75,131.44289255628516,3643.790095131602,10700.314120555053,15.765880069679035,122.0924493370605,2114.5958010315385,5.0134784640061145
2022-06-30,2.6618237724097464,3.4436780097996356,3.763882704639592,0.4004626656020837,3.043215344197552,1.75,131.54893970839092,3590.142906354605,10542.809697079614,17.07406619982399,117.42634040187616,2111.553897328706,5.104150479879033
2022-07-01,2.633273183816502,3.4151696110983423,3.76135168677258,0.3434575074082392,3.071712103690103,1.75,131.31660255294912,3634.4346681933257,10697.884548651398,16.286675236390217,118.46485250502664,2120.4424066830347,5.053611665711282
2022-07-05,2.690964273400696,3.406673100556105,3.7583505415934493,0.35854190858927915,3.0481311919668257,1.75,131.79897726483884,3658.532441566984,10795.534518693177,15.183602732507246,118.34991811003454,2103.3124004500633,5.000876884557824
2022-07-06,2.674079162034331,3.3982554885761833,3.7464146621581373,0.3466999461218176,3.051555542454366,1.75,131.85533842972396,3657.863449096847,10771.538324550123,16.45999839311356,120.9787750904863,2085.7996974863513,4.977408237430058
2022-07-07,2.710292335828053,3.3749337991642023,3.7100688331485667,0.35525033993086785,3.0196834592333346,1.75,132.03059886064185,3612.799927823573,10639.347449787252,17.003792305901996,117.98748912675511,2086.913421676423,5.030072546558579
2022-07-08,2.7391370569591844,3.416101023576533,3.7510015546033877,0.344810267794573,3.07129075578196,1.75,132.49561200667108,3642.725407255925,10746.681677804077,16.530904139305093,121.20466628581217,2091.1672233164763,4.970439117871032
2022-07-11,2.767237801626701,3.433575415398616,3.7787333661632485,0.37447444792263535,3.059100967475981,1.75,132.9157421853838,3557.189463575948,10424.288563562748,18.42752999485151,118.05796093873217,2097.5297610073267,5.22195985848898
2022-07-12,2.772035548614997,3.433578336723596,3.7530945865227987,0.3739513269360542,3.0596270097875418,1.75,133.14879710390758,3577.1429725740695,10478.35088823308,16.761638170707773,119.44022556850784,2107.0915868440434,5.165359941732193
2022-07-13,2.8067446724243026,3.443211750479672,3.7657161329726,0.3814902282636871,3.061721522215985,1.75,133.8960325433366,3542.3312897355427,10396.289194255893,17.61805403709886,116.03608423649257,2102.715294284078,5.176195191408931
2022-07-14,2.762529231997056,3.3739174781158336,3.723233456978819,0.31222776163721355,3.06168971647862,1.75,133.4725798458052,3534.1650272446527,10345.973059008893,17.99891954692771,114.6812854249441,2109.6477467328787,5.16705524156529
2022-07-15,2.740407911277453,3.3367421386460023,3.672259579642085,0.33502776759083813,3.001714371055164,1.75,133.82971185151615,3485.7176046859527,10158.742193152853,20.42923035954362,111.46817749174416,2093.6096655745996,5.184788196311781
2022-07-18,2.7419220424358532,3.352487290740071,3.7032641342941197,0.34002498939723436,3.0124623013428367,2.0,133.5699507516678,3511.301606869922,10225.367870630247,18.635469920131282,115.07183794163548,2114.8283068518017,5.1221342378706725
2022-07-19,2.777344141450005,3.3650705549409157,3.7247258886485053,0.35449722366437325,3.0105733312765426,2.0,134.12944112849178,3525.8380576343216,10299.582626926089,17.646878349000875,118.184359138933,2103.7117659675423,5.0715355572966985
2022-07-20,2.755713342180932,3.3876331569411704,3.7405530751223766,0.36738349197995307,3.0202496649612174,2.0,133.802789724118,3560.5585240659834,10371.663135713672,16.131302720107353,120.11439822366899,2110.5708649710355,5.065926258516458
2022-07-21,2.8021329434266904,3.449148046228443,3.825248498334357,0.4284133142200389,3.020734732008404,2.0,133.97836886074714,3495.464210975905,10167.0333865315,18.246513625119196,117.04513381948453,2117.352628744125,5.1785696191185115
2022-07-22,2.7736374104467063,3.395249987788263,3.7676658202174114,0.38560539681269856,3.0096445909755642,2.0,133.938545848296,3507.0866434647005,10224.274071062131,18.220286553315113,117.38393407206861,2122.551761706672,5.143537316625546
2022-07-25,2.7928633191520182,3.4155223700399318,3.7981931067257095,0.41353529358974184,3.00198707645019,2.0,134.4828769596754,3493.163943794691,10210.139231433455,17.950997191409318,116.16382577974186,2113.9068936470203,5.122597171154789
2022-07-26,2.7954072360898428,3.4055740465843796,3.7792834169102787,0.43059273137483034,2.9749813152095492,2.0,134.50742895723673,3512.131071795449,10248.231587266013,16.987528906323956,117.74537856261055,2121.690884362587,5.09798340999823
2022-07-27,2.7712375338853454,3.4355035103917113,3.8259771627230363,0.40931081588436385,3.0261926945073476,2.0,134.2019535957034,3555.1047194158946,10339.461205512287,15.317324687824911,120.91956137898406,2128.3091199750866,4.972901156034901
2022-07-28,2.7733884895885246,3.4569064775784306,3.85843778071494,0.42010995101590554,3.036796526562525,2.0,134.42101558523302,3581.0290741253207,10414.266713968147,15.359654979705862,117.26458019963714,2136.0937374309547,4.984497705514763
2022-07-29,2.7834134894148654,3.51516874142904,3.923174234602788,0.44093421360412494,3.074234527824915,2.0,134.90123837377564,3595.924066773332,10449.990289912179,15.404433041811597,119.51101034430775,2127.953849698424,4.910298682850347
2022-08-01,2.812408384449736,3.5458020003079187,3.945337992793609,0.4734474506984334,3.0723545496094853,2.0,135.17722001902158,3552.584200069329,10307.502521183378,17.349753056211824,115.6489682424083,2119.177351346876,4.988832128942825
2022-08-02,2.826443797209738,3.5220597432810115,3.9011368003151285,0.47832592213367886,3.043733821147333,2.25,135.58214352782582,3554.298234644272,10280.714191978059,16.124172110790408,116.88233231111492,2110.060371023752,4.933063976387425
2022-08-03,2.7897569166123577,3.472566239287724,3.882247874676085,0.40640058019459857,3.066165659093125,2.25,135.82396877855638,3551.204189793156,10303.662362282219,16.79187840370538,121.48059324347908,2108.4426130368524,4.945178776814452
2022-08-04,2.798757640940359,3.4667756441128517,3.8827090917135663,0.40889224801372615,3.0578833960991254,2.25,135.594028496816,3572.7408199675515,10418.585572686356,16.852125280331347,123.26701055249386,2123.3118701635667,4.908931048257192
2022-08-05,2.779831334515763,3.431095337816236,3.831112306828775,0.3863719570332096,3.0447233807830263,2.25,135.58946019781496,3596.1347667528157,10541.643046721658,15.667892872042147,122.50933674692314,2093.7984880178064,4.883015531887809
2022-08-08,2.83665587641013,3.5001464402749374,3.8806992064609083,0.4486802192811717,3.0514662209937655,2.25,135.83627872388416,3579.0768101891194,10492.76510679213,16.24397569618722,125.83023765663972,2066.826890711395,4.8223060888024625
2022-08-09,2.8808074656093883,3.5750226101076694,3.957843967592176,0.5014988216603005,3.073523788447369,2.25,135.83798379634246,3565.374671665633,10475.43388953337,16.430867426018665,124.58814657649417,2051.2617914517937,4.841332316562141
2022-08-10,2.893843501601675,3.592717073390986,3.9760531672825388,0.5071164880207586,3.0856005853702273,2.25,135.97706337991443,3535.0704163492014,10381.186637621671,17.10708398420117,124.56580366301877,2038.8022246797043,4.854215831179069
2022-08-11,2.9156616835299958,3.6098369312388794,3.981924467197197,0.4935541998879863,3.116282731350893,2.25,136.79113497625977,3511.1561648701336,10277.76848669065,18.75665083972323,122.58091801388926,2018.5259312877401,4.907891887954584
2022-08-12,2.916727600601324,3.636840203172413,4.0184747617499,0.4682966964859734,3.1685435066864396,2.25,136.66716286935036,3517.5331725343103,10376.300116184666,20.302113385871856,124.12063163690536,2034.3558500893437,4.902705532268535
2022-08-15,2.9303403993621067,3.6832627757448213,4.062850493609466,0.4912201786236378,3.1920425971211834,2.25,136.8176822141182,3529.0627991650676,10433.532986886094,19.910098414595918,126.55751538997077,2022.1263474898751,4.819741729343318
2022-08-16,2.938976172226097,3.661063117023424,4.057898000722312,0.46926775543278776,3.191795361590636,2.25,136.33606473348303,3525.3011635835646,10482.923727458296,19.969591614200493,128.17651750000132,2038.3349218118158,4.833329292379493
2022-08-17,3.0034232280904276,3.681464792064325,4.060685535227868,0.49466704136988254,3.1867977506944425,2.25,136.28556460986417,3471.1363445719307,10300.11544308314,21.432596805964373,127.16603258708503,2032.9407343594753,4.840135850014077
2022-08-18,2.995143349258181,3.6566383488726015,4.054102402405105,0.4891129783922,3.1675253704804014,2.25,136.3609708322717,3415.955575355742,10159.091548925684,21.83408112698894,123.35549711096263,2026.3486277948646,4.950181183146347
2022-08-19,2.9982580512024173,3.6874070355061193,4.111786607752354,0.5019966315953328,3.1854104039107862,2.5,137.08952259814924,3420.9486337194758,10172.006876742962,21.2398169469053,125.17913836556222,2023.383609404926,4.923473023748567
2022-08-22,3.035912096938723,3.7354178503908564,4.144737007433993,0.5462739344981681,3.1891439158926884,2.5,136.93721107692025,3405.168680758403,10185.10365882836,20.70017125877918,126.26321831486266,2022.6445357206253,4.843539615356116
2022-08-23,3.0948505057930364,3.831774086562214,4.214510093402488,0.6339781704955096,3.1977959160667044,2.5,137.1007274794914,3346.9084604058735,9982.171011044416,20.369325648159542,126.9990317889551,2009.793409378482,4.905896643330603
2022-08-24,3.0768399827014106,3.8247113692155876,4.19924243034356,0.6209590012458645,3.2037523679697233,2.5,137.7037617176483,3341.634786109398,9874.66549873498,22.110255657869775,124.60912470531878,2001.8027493091483,4.894255646728063
2022-08-25,3.0610874755910267,3.7910729648099806,4.181618862862045,0.6001553306853888,3.1909176341245917,2.5,137.8774478837342,3333.4018005469743,9854.594909119925,21.69679109226601,124.41881451827967,1989.3447036081802,4.921822527856351
2022-08-26,3.046539886004888,3.6752507343263234,4.057791730831263,0.5538664601554648,3.1213842741708584,2.5,137.24274209045947,3339.3578433881744,9835.443396159486,20.577136506189298,121.77562188995546,2015.5891151513401,4.864619464580737
2022-08-29,3.095478816821847,3.61101213059562,3.9865063837902044,0.5702911711818394,3.0407209594137807,2.5,137.1885023018367,3315.830938188548,9785.969748559857,19.5525025599343,119.3282352339644,2020.7918077895033,4.912243068267722
2022-08-30,3.068326108659616,3.5328778107036074,3.9147514931313037,0.4730630408681246,3.0598147698354827,2.5,137.1533065679312,3342.5584868566484,9876.93317289317,19.08649219424712,121.12519393473139,2024.1650579545533,4.859537590552719
2022-08-31,3.0469967277058703,3.525485314878968,3.8976101024281053,0.4625143187526939,3.062970996126274,2.5,137.2106623581919,3370.6078834906994,9930.584969120313,18.127713057677727,123.65552062273704,2020.2243640047345,4.788500651792509
2022-09-01,3.041637573429239,3.5430742456612423,3.917237149313979,0.44824478266463463,3.0948294629966075,2.5,137.01753929579954,3398.646863637867,10078.57052190359,17.29204969757728,124.0576100656202,2023.4927006466694,4.714190684378652
2022-09-02,3.003161553540231,3.479683407959896,3.848669633573261,0.43688338978679714,3.042800018173099,2.5,136.88021317213514,3393.5562218383725,10104.057322596396,17.659478842455563,121.13149437393284,2028.8524868385641,4.833891324124451
2022-09-06,3.0351962710004456,3.438731649273508,3.800395272923261,0.44920673632389063,2.9895249129496175,2.75,137.154516483932,3403.625871184581,10139.538810647848,17.754175172742986,119.59999477236924,2025.1734457695045,4.740996198894239
2022-09-07,3.061293881760241,3.4995668695917646,3.8526260811875916,0.48336293756348553,3.016203932028279,2.75,136.87433847693072,3420.6150343033805,10245.092836823258,16.028864334467332,121.95592708388236,2035.392140501015,4.639797729789883
2022-09-08,3.0495030169036763,3.415829291726165,3.762033894407222,0.444348378492098,2.971480913234067,2.75,136.575177817939,3418.515352665966,10268.890774875032,16.35849461119139,120.8133595606961,2045.2175386234403,4.667235593834359
2022-09-09,3.0548401123890785,3.3571202354602954,3.689242525299753,0.42940317720556653,2.927717058254729,2.75,136.67276153641893,3397.8320496590536,10209.642238215716,17.679221330633787,118.73926780235837,2026.364815358166,4.6741799616377
2022-09-12,3.0431102231788105,3.375306265130737,3.70004370239617,0.4297869164133166,2.9455193487174203,2.75,137.00667678195347,3430.9054400205046,10322.469145172483,17.617332689257626,119.6701345829448,2017.5003718505957,4.580856272493561
2022-09-13,3.0891868525122113,3.4550796542116906,3.766291654872464,0.4851023921211153,2.9699772620905756,2.75,136.6492295760159,3411.198586397514,10295.002916746906,17.210339584479115,120.74435777308217,2018.7424636484527,4.582627684164938
2022-09-14,3.116801724472935,3.497548375675604,3.818076865976362,0.5044099785070841,2.99313839716852,2.75,136.50590756183897,3366.028871329775,10142.2851005456,19.53571975553554,122.15899103616863,2034.4981878649587,4.755989138991023
2022-09-15,3.117674042285233,3.473195112941114,3.82303602675887,0.465924345011799,3.007270767929315,2.75,136.26585365053677,3372.234902167673,10155.493263089162,19.626720845851693,122.25218398128997,2052.963813472712,4.701462477519812
2022-09-16,3.153158444260499,3.5423944092811857,3.8982563939678627,0.5256481883485058,3.0167462209326796,2.75,136.56580640400225,3360.470246738784,10180.818024121114,19.346003479764185,123.31537427704123,2048.4321778002027,4.680880489166475
2022-09-19,3.162569001420121,3.5283695944125735,3.8817158930678737,0.5360539788495436,2.99231561556303,2.75,136.9210920599934,3354.8081658607775,10230.572589991942,19.36583349335872,122.9423089359801,2046.1542659973331,4.612388235697884
2022-09-20,3.170092525265617,3.533009374708424,3.877808438550318,0.533803138576717,2.999206236131707,2.75,136.85770862536572,3353.7697030202003,10251.314006281875,19.06616965263364,123.04214457488617,2053.6699854768003,4.6048936101457985
2022-09-21,3.154901567188428,3.5083860028217524,3.8559970395910197,0.5177689972770944,2.990617005544658,2.75,136.90799748405493,3356.387038294038,10216.240350733067,17.937252793501212,122.22569492793117,2056.1460248533594,4.578841508185541
2022-09-22,3.176469755571168,3.471722115211973,3.817425650013692,0.5197935969575869,2.951928518254386,3.0,137.1245907642207,3336.2337831026152,10121.895278335727,18.66819828554016,118.96795634285549,2046.159939830873,4.678463625216436
2022-09-23,3.1972829182607176,3.4913187400047034,3.83705371324628,0.5167541956616895,2.974564544343014,3.0,136.63411844341334,3347.624547745056,10141.224375493031,17.115798148934818,120.06335507183088,2059.2369950060784,4.656238023791188
2022-09-26,3.2908591588084692,3.5701931069250215,3.8969427030312325,0.6027090394700412,2.96748406745498,3.0,137.06922359932366,3299.6892744173438,9886.758468467726,18.281283590738493,120.4261031359817,2050.4108709313273,4.733980433250868
2022-09-27,3.260656360566974,3.525907573178978,3.865901537916164,0.5857548181315508,2.9401527550474276,3.0,137.11137762027516,3291.109766001749,9798.786756070727,19.67054258851904,120.78798776431942,2071.1804480936757,4.699615380030577
2022-09-28,3.201048590153309,3.4853920409193906,3.865488896912874,0.5140248532864746,2.9713671876329157,3.0,136.6839776231806,3302.4614168562653,9848.533177319423,21.7319629716338,121.16156400193964,2089.1208004490604,4.697628690254433
2022-09-29,3.2029896352159133,3.486595516940267,3.8869351990775804,0.49215721366620163,2.994438303274065,3.0,136.3161646101507,3281.6624193440894,9779.533511978701,21.0443191881686,119.9927968574001,2102.3986422841713,4.765608389443164
2022-09-30,3.1371705189993273,3.442290798126221,3.8655453752903335,0.41351090128368795,3.0287798968425332,3.0,135.95953926124798,3335.8772550570047,9916.186375633024,19.034523971693368,122.48271644933163,2107.3743592128553,4.7125575686409205
2022-10-03,3.1581768051938788,3.421338641759136,3.830539525748617,0.42207371131363947,2.999264930445497,3.0,135.7158637080329,3363.2339416723403,10036.733577494451,16.96264482648764,122.29623450610119,2103.340439509983,4.582128956043391
2022-10-04,3.2189070343172546,3.4266192694908195,3.8068835230292395,0.4565207067054313,2.970098562785388,3.0,136.09411572497729,3341.471413058892,9976.287834507439,18.54788899762576,118.71634622438799,2084.86342279732,4.607720286592756
2022-10-05,3.2057850929120306,3.3861703812924384,3.7584938996809547,0.42210510314586913,2.9640652781465695,3.0,135.5535269234284,3362.893699440565,10053.268366803184,17.890924755708316,121.35787861154091,2088.604144726664,4.611598692095184
2022-10-06,3.157742594838531,3.3508837643266864,3.7413107292067433,0.38721851211062297,2.9636652522160634,3.0,135.2711099200059,3389.463079911057,10159.093328727455,16.989651104130413,123.86595137448997,2089.365929826793,4.589084005866267
2022-10-07,3.242780626069348,3.42853171274812,3.7870919760764523,0.4965864747047638,2.9319452380433564,3.0,135.63693724468553,3335.4510168076554,9993.493398483484,18.02262166535929,121.8248612324695,2073.7297293006045,4.7246762513283445
2022-10-10,3.3065520267734376,3.4676947606509847,3.819225553049195,0.5515842394444264,2.916110521206558,3.25,135.33650017523865,3322.389605448924,9945.915609138896,17.926266626085468,120.34686693104248,2083.935341399825,4.699638138927463
2022-10-11,3.3370422010716827,3.4756670145687583,3.829176050157701,0.5573158163275049,2.918351198241253,3.25,135.16036506938676,3348.685921114116,10030.822960714078,17.20103377549886,117.10769357054562,2084.3729739616056,4.62186517912679
2022-10-12,3.3191566410874906,3.397486736708532,3.741293011103734,0.5249583057653109,2.8725284309432215,3.25,134.7337683353843,3382.199863009783,10125.290086907977,17.14986933769003,116.54582254212343,2095.5524058499905,4.572992117086381
2022-10-13,3.3106918881169554,3.384757375019866,3.7310909665190652,0.5247919173087414,2.8599654577111244,3.25,134.89736470532463,3361.384128184218,10022.48393612731,17.512097766829115,117.02511058019141,2086.7892489825604,4.521814424440965
2022-10-14,3.3456513318840138,3.4053937684311943,3.7544890686679206,0.5595364973319407,2.845857271099254,3.25,134.52256969521164,3340.83207361617,9977.40367801135,17.512706317743515,117.91051613615343,2088.494943927738,4.568387956377754
2022-10-17,3.388177323323255,3.4362103496772898,3.7804670198412724,0.5834004337200036,2.852809915957286,3.25,134.05592984654254,3358.0576657860997,9958.586730171279,17.58244509704425,116.91260374273128,2098.194425661469,4.546501345187257
2022-10-18,3.376711358745842,3.4368157418843612,3.803449321552606,0.5612369968752915,2.87557874500907,3.25,133.81276020209407,3360.42292980689,9917.494385753962,18.207384502498222,116.7918375318313,2103.8062139561293,4.513015643305365
2022-10-19,3.4050707112769403,3.4664782008497683,3.834334267537119,0.5908525871409027,2.875625613708866,3.25,133.60797834885219,3333.7003660043347,9762.513203189214,18.388644331916744,116.68420091406281,2089.769859964033,4.562247834816618
2022-10-20,3.371966662371551,3.425223965724447,3.8165038971422973,0.5578700057179489,2.867353960006498,3.25,133.47643509306675,3353.9754523018482,9835.660020015026,16.859080529883776,115.02818685513076,2100.3915608525463,4.519078852950199
2022-10-21,3.3764578968753676,3.417091336942808,3.815836120004777,0.5559519532514339,2.8611393836913743,3.25,133.19857701788143,3352.565240958204,9789.50262634905,16.765250974741214,116.06341158335154,2095.3350190776764,4.455569150869097
2022-10-24,3.3986784351136814,3.409584863729074,3.807137171877608,0.5607356747536381,2.848849188975436,3.25,132.52565365108447,3357.5094956467397,9702.083899927367,18.346116339749504,116.71668971281034,2133.9638371082387,4.432837154214635
2022-10-25,3.365641909074063,3.373746017397631,3.777225104379885,0.5259242697288601,2.847821747668771,3.25,132.19360500628284,3393.025448433223,9797.854366568594,17.081961570311893,116.63299955629758,2135.25155349572,4.438327332162206
2022-10-26,3.342147609834142,3.3739849601215948,3.7726997612165043,0.5331029917945377,2.840881968327057,3.25,131.7180766224032,3417.5971100602424,9831.31537462675,15.970460208316988,119.41059689041897,2127.2199854064747,4.376605802388478
2022-10-27,3.365209031450515,3.3537093739451036,3.7116584407309725,0.5640608701567535,2.7896485037883503,3.5,131.96019787705615,3407.2487717952117,9791.751686253407,14.818468089488082,116.84944832619577,2109.9325415608764,4.3462711522390345
2022-10-28,3.3816064643060924,3.378353970533274,3.7202571172068852,0.5890984075026471,2.789255563030627,3.5,131.89139099781875,3429.7016973635014,9844.718792999698,13.660333102926856,118.15280262378023,2092.2966869750153,4.272022883474105
2022-10-31,3.427158095733199,3.3821953569211587,3.7218637359353055,0.6260313488771508,2.7561640080440077,3.5,131.90893617641638,3431.296678950165,9779.150413970625,13.815430247951296,116.6899830512381,2110.6116193181674,4.272774741269201
2022-11-01,3.4448303086304755,3.394435296520573,3.748964930736146,0.6355139631119524,2.7589213334086207,3.5,131.896171714756,3431.256625251589,9734.850572132102,14.855934726348565,114.38212042012562,2096.505485278061,4.232248656765461
2022-11-02,3.448278263746912,3.429661093872509,3.7853363112766885,0.6696439403469547,2.7600171535255544,3.5,131.64282591919525,3435.207521807076,9726.899254675076,15.254838937924893,113.11833843420428,2115.544742542242,4.224232879755811
2022-11-03,3.469120506256621,3.446515391527981,3.8127492083293806,0.6792931019970037,2.7672222895309773,3.5,131.42464591447302,3464.701309992718,9839.377732195057,15.339047877741999,111.85272923773555,2107.3650604968343,4.224409913784016
2022-11-04,3.463474894752828,3.4075215208187615,3.7873363011208583,0.6325334114232589,2.7749881093955024,3.5,131.35387105849614,3471.302768684019,9825.02284533278,17.466191978358,109.61724903420354,2116.6694953042684,4.290879485784834
2022-11-07,3.5166161077651674,3.472974021266886,3.8316591118885914,0.6801970119489471,2.792777009317939,3.5,131.2328931280011,3492.080736350404,9845.027923705971,16.50608409471681,109.57367092447105,2122.776561220197,4.233287608037754
2022-11-08,3.543061586719073,3.524118553988128,3.8953735184981566,0.6872361753297416,2.8368823786583865,3.5,131.10888027569345,3512.9691623051413,9910.742157654216,15.989730963888253,111.32775956713238,2122.1732138167117,4.14514257392233
2022-11-09,3.5747674268448892,3.538749843698571,3.8979905045398873,0.7345345188878687,2.8042153248107025,3.5,131.0629778798536,3494.0856824897883,9793.648913689274,17.42961185901753,111.67712001200968,2096.755366055848,4.2086027433355095
2022-11-10,3.588878352519755,3.5348604576752023,3.878915566421164,0.7387455081830012,2.796114949492201,3.5,131.23515172585218,3474.487665372915,9696.530083781543,18.676022864180176,110.49896798705709,2090.35383931464,4.182317521565064
2022-11-11,3.617100129580369,3.544796113654132,3.875078688301168,0.7563469845493014,2.788449129104831,3.5,130.59441946083444,3470.335719980459,9674.506713183639,19.605719970217713,112.30098950069144,2106.2960952517283,4.162220680008367
2022-11-14,3.647786182753106,3.560615520843716,3.881128858614359,0.7718640245874882,2.7887514962562276,3.75,130.33073374418763,3482.3336415918375,9665.035424242737,18.788118116169958,113.95010182992009,2116.490608828833,4.1282251903752
2022-11-15,3.6442619862476415,3.5955829754066673,3.9268159372415634,0.7525992488821801,2.842983726524487,3.75,130.23275481797643,3533.697456071565,9859.314565910969,17.768929230567725,117.31647605837716,2121.8487317669965,4.092334301050412
2022-11-16,3.6360773957220496,3.595205203624009,3.9047610801936705,0.7628759115813919,2.8323292920426173,3.75,130.38767129448075,3517.428619567419,9804.35757167754,17.82372568700268,117.17417690647693,2135.791427968841,4.189863096598993
2022-11-17,3.6760385227527927,3.5809860936945426,3.872145515736568,0.8033167824278844,2.777669311266658,3.75,130.75453523004683,3483.910775838196,9760.925208378703,18.450123700672908,115.130715500093,2105.1554096506593,4.283482345622413
2022-11-18,3.7008500686460346,3.5888030003795586,3.8887877286906445,0.8234949584532821,2.7653080419262763,3.75,131.10856127927352,3438.7706316262397,9649.946353646157,20.691849781331637,112.49471441328764,2103.737087615412,4.3731600818208065
2022-11-21,3.7412768298135792,3.5899198774042427,3.870416121530736,0.8882432052134079,2.7016766721908345,3.75,131.09054823384156,3410.3430919076745,9455.413374943495,22.47125994081103,110.19929620207891,2114.9197587794133,4.443873898148341
2022-11-22,3.7997852640390537,3.6452383083945348,3.9317010135251684,0.9206245283343566,2.724613780060178,3.75,131.36599908539625,3418.4391792801707,9496.00639355076,21.90550316990059,106.12663294279069,2090.6106575343815,4.374078094935489
2022-11-23,3.8010599761297454,3.6851524319929707,3.9532945300388307,0.9726625373793065,2.712489894613664,3.75,131.18772589900698,3393.3371391396645,9394.477775214653,21.674286068371952,107.96970771066398,2097.082383535966,4.392797073358075
2022-11-25,3.806928393867521,3.705605958005038,3.9644074045428725,1.0114017584810409,2.694204199523997,3.75,131.03174072827792,3405.481218884631,9358.970108415546,21.21772307272516,106.34711441761738,2091.657487451551,4.309474786867507
2022-11-28,3.855846896434802,3.715272932093362,3.9629910867972584,1.0448418449879917,2.6704310871053702,3.75,131.09164965033978,3435.059541983047,9371.42047582783,20.109444874860678,104.77884689808789,2077.6980830981784,4.252190552642395
2022-11-29,3.8682201369099527,3.744167371235466,3.984837353275171,1.055857363509515,2.688310007725951,3.75,130.46938629984552,3478.983071729961,9474.963517940865,19.645742134261397,105.49471466260744,2090.6672122752225,4.164227948033064
2022-11-30,3.8548292678050093,3.6762001358919933,3.933540886739006,1.0095132314066921,2.666686904485301,4.0,130.48221597056835,3479.052898757328,9484.874101995618,20.305007513150365,103.66811604769015,2096.072420229207,4.200020628909755
2022-12-01,3.865479372010072,3.7016094905086168,3.9625602436324665,1.0033531363190935,2.6982563541895233,4.0,130.32530072755694,3486.2492695469823,9465.895668520976,20.565432760779963,103.33598793279003,2100.707147215553,4.211238422000625
2022-12-02,3.898746393322335,3.773918101253787,4.02670841337043,1.0729258429516617,2.7009922583021253,4.0,131.2812203882443,3413.021921569178,9271.331325726118,24.646608183574127,101.40802506869059,2083.0736994694807,4.29070757919528
2022-12-05,3.9231951374885945,3.8484770564253914,4.075826380968996,1.1110438798953428,2.7374331765300486,4.0,130.54886188394934,3476.2010983887126,9397.220153378616,21.38768607303426,102.7051881315412,2074.864434064966,4.12672918351142
2022-12-06,3.9106178908872105,3.8518417739682294,4.063975572923617,1.1344033148249804,2.717438459143249,4.0,129.96599239703596,3497.457155094236,9447.153385143269,21.558112136930657,102.45107045899312,2083.4752386379582,4.099765579563233
2022-12-07,3.916089486035605,3.838416570709831,4.026736180694399,1.170594487269401,2.6678220834404303,4.0,130.35752984045374,3480.9600242202528,9382.767238554277,22.112099884391366,99.97762138056616,2051.6680568213524,4.07853955482223
2022-12-08,3.9372085810086594,3.835149463410616,4.021666256527027,1.188118526629971,2.647030936780645,4.0,130.38693414879538,3499.8402722604146,9402.878737639727,22.427635287566698,98.7882827987242,2048.6757716582097,3.987564207488469
2022-12-09,3.9896135436130433,3.911744984287242,4.081858981838233,1.2465839158744347,2.6651610684128073,4.0,130.59114711655744,3508.0852248812594,9465.998181182538,22.744687293878712,101.53091169708183,2043.8092792320276,4.0369064170584235
2022-12-12,4.0213210981195315,3.987767068194714,4.15095459119859,1.280547355192343,2.707219713002371,4.0,130.52099403257813,3521.732800923441,9388.628548457658,23.040393720287586,100.34577264362233,2036.7826167383332,3.993802447373348
2022-12-13,3.987281500090363,3.986690643996023,4.149718725313319,1.269897319714787,2.716793324281236,4.0,130.24774715725314,3541.5354882197234,9410.707545130554,22.826462078142487,101.88840235770478,2040.8548144630652,4.017403520458057
2022-12-14,4.034401788306966,3.9727559945766058,4.165146920017322,1.2683544790837207,2.704401515492885,4.0,129.85251357436576,3525.5428055554335,9307.296202529236,24.37451333605923,98.34693082197026,2061.0821072387303,4.1344499394631375
2022-12-15,4.034048485482118,3.9293812218559463,4.11685417875004,1.2817269672376492,2.647654254618297,4.0,129.2561715202612,3523.2844702952307,9308.272831242433,23.6765620714499,95.13118016198086,2052.134523233553,4.1139296892657296
2022-12-16,4.078649892034139,3.970560981950967,4.166399131990689,1.3343913869363941,2.636169595014573,4.0,130.20667020114948,3499.4618905513694,9231.868832623159,25.45922908407019,94.23397189978448,2030.0542711223984,4.057501601219246
2022-12-19,4.1547673090156545,3.96410391885529,4.161213202042787,1.3807799691585534,2.5833239496967364,4.25,130.23957142985765,3399.272563944473,8799.896578629241,31.510846706176288,90.14231357694796,2044.425649720914,4.199633391693632
2022-12-20,4.164164059324338,4.004296221888514,4.203188596349167,1.4003443155347652,2.603951906353749,4.25,130.39258370085855,3379.272481101347,8667.130255258886,32.620471048480226,88.03750734961258,2045.364813886496,4.150295793400892
2022-12-21,4.273561677555319,4.0967756561328,4.264230387057189,1.4630776882044445,2.6336979679283554,4.25,130.97057739433004,3393.1841522565055,8612.96381053564,30.792890921626327,87.64129283232828,2015.813252671653,4.037042340496952
2022-12-22,4.365429905833733,4.177007362536383,4.344495425605655,1.5113819711614476,2.665625391374935,4.25,130.78642983067093,3360.9650059097607,8477.335958570971,30.095697908543784,88.54009027668526,2011.1479636152758,3.917083067445426
2022-12-23,4.379757422509115,4.235917522873074,4.417751861149798,1.5013495276747622,2.7345679951983124,4.25,131.53051072925177,3384.0246080087863,8477.012947646483,32.068558121485026,92.05112664246762,1999.1184680706665,3.8164722863125844
2022-12-27,4.493812751910667,4.2918956984330165,4.443191283721132,1.607689931845566,2.684205766587451,4.25,130.77098509192405,3380.069787134594,8313.553528088556,32.28122181946251,91.5939867104889,1974.3294693357855,3.65914919409837
2022-12-28,4.546891806257863,4.255465845575004,4.359900090002607,1.6122604690420708,2.6432053765329333,4.25,130.5961466187225,3446.0150057280134,8504.910074542975,30.32814268940401,92.79317818247834,1975.2021917104591,3.633433725496506
2022-12-29,4.637178307432221,4.310229370115643,4.381652236552526,1.7108424671738047,2.599386902941838,4.25,130.72425522045552,3349.924471592618,8257.327317959978,32.27137497413924,95.48012059443596,1939.423362411868,3.7710799563540665
2022-12-30,4.68981756698713,4.407291949104737,4.476069047419564,1.760846361423126,2.6464455876816113,4.25,130.71983619159508,3348.2900958849946,8187.568736740271,30.67685199006119,94.76740528951694,1951.1659460735025,3.6744319787102047
2023-01-03,4.669031843160581,4.4213671716600444,4.550962548548886,1.6536566417424026,2.7677105299176423,4.25,130.58958960599676,3501.194842674555,8650.77759172336,26.087330114703043,100.05377875056521,1976.3239360571868,3.320268775226601
2023-01-04,4.73357904363163,4.470041165269491,4.600545000335864,1.6837205920307015,2.7863205732387897,4.25,130.86504588269486,3466.367041384155,8595.307569793598,27.88040678391828,99.69234661388445,1986.792217820118,3.306469192927945
2023-01-05,4.751590000271573,4.502042811230503,4.581010776071742,1.766311521534768,2.735731289695735,4.25,130.79728737305632,3419.8400356297952,8493.250605606388,29.481406006760103,100.78691085799699,1986.2099956001205,3.3347095220609564
2023-01-06,4.716964152938181,4.41680245699841,4.492120731257101,1.7288030666177974,2.6879993903806128,4.25,130.8503633724253,3417.5115224846577,8462.567474544832,28.183340035199905,104.35766390958163,1991.542802289615,3.417928884349427
2023-01-09,4.751239294441559,4.404258891893855,4.468983802621782,1.7615552330507342,2.6427036588431214,4.25,130.29678774563013,3417.3611504019004,8549.496333003986,26.546197786485383,101.40439379430951,1989.9136603961117,3.499147373821531
2023-01-10,4.7006282540232975,4.306576510349554,4.382184273286997,1.6701333925196074,2.6364431178299466,4.25,130.51473955458366,3416.3943424773947,8542.848855637487,25.3304433926515,100.6362768934082,1964.2601150229336,3.524083113299807
2023-01-11,4.699011333365003,4.2449966984233045,4.335251894121154,1.675103808547442,2.5698928898758626,4.5,129.57960993726581,3347.746691607089,8435.753239343252,28.46486118383709,97.75927653099949,1996.28158157896,3.6708220621779106
2023-01-12,4.647975415950212,4.082954951240631,4.224892999206091,1.5560675337365941,2.526887417504037,4.5,129.01434756773045,3417.893968009243,8573.156881556046,26.035360430696933,96.13397090586892,2014.812505534691,3.5505694339466625
2023-01-13,4.557637537920434,3.946832648085824,4.102788452208376,1.4633306838627123,2.4835019642231115,4.5,129.06855543134122,3445.3624551224107,8638.896323738434,25.644829334152558,93.76735618890534,2007.850635745555,3.545355528352829
2023-01-17,4.554442061121203,3.9243145342151786,4.018357604522472,1.4875334091766568,2.436781125038522,4.5,129.33347138007107,3462.4248902428053,8742.911032590024,24.29190601067514,91.93546300420769,1975.6344991991314,3.5639174747937767
2023-01-18,4.55956517797926,3.984063700636237,4.068780825258849,1.5501434552453401,2.433920245390897,4.5,129.13068864085096,3462.8392630511403,8730.429166382944,24.64959538632106,91.62111371948811,1946.7246730829015,3.635865826059793
2023-01-19,4.592197228477773,3.9613247820754176,4.043309768822096,1.5411865007109915,2.420138281364426,4.5,128.7341735138893,3470.4393606642843,8787.093130250249,23.86152197475614,89.12401606952619,1984.3205574292729,3.6786307514704957
2023-01-20,4.5561196807174476,3.9210430371038156,4.012674532534595,1.509669667769082,2.4113733693347337,4.5,128.50181464762142,3481.8386709336532,8835.097599380293,22.709164878850594,89.30555818063276,1998.0572754509947,3.7958061092145696
2023-01-23,4.519978598989394,3.8603236903852887,3.960633106569642,1.4377686831597527,2.422555007225536,4.5,128.40602257772522,3496.412552965708,8864.505142159156,21.438377991402707,89.87516662896873,2001.947825212883,3.647367886911809
2023-01-24,4.556352942245325,3.9475487970473737,4.014405670422539,1.4891061367934606,2.458442660253913,4.5,128.66064442167453,3437.017219994316,8685.850264173388,22.635837887175228,87.66548549454876,2001.1611572018526,3.6784713299844682
2023-01-25,4.560296947695655,3.9526328900893724,4.021825171823748,1.4608572547766308,2.4917756353127416,4.5,128.6611170395475,3503.971572551601,8880.528086428736,21.38570781811433,89.41928019304645,1997.8146886173947,3.652225246848884
2023-01-26,4.576903649243989,3.952401481396266,4.010531253336868,1.49465831460195,2.457743166794316,4.5,128.34106089945564,3507.8404875508736,8878.414318304458,20.902701985462055,90.9578661374542,2004.4893285702774,3.6813220307449486
2023-01-27,4.562006984573349,3.937304532551716,4.056423286375004,1.4460389243172038,2.4912656082345124,4.5,128.88957593320865,3467.9737639023183,8708.177414864509,24.380897865485792,90.95747479110769,2007.0775258005435,3.8479241198598393
2023-01-30,4.565857056583561,3.9596367736900624,4.092525311689272,1.451189329760683,2.5084474439293794,4.5,128.30513239715881,3489.273820302386,8780.71224391163,24.617130134717627,90.80492024345818,2009.2022806131515,3.748934650340286
2023-01-31,4.51550834101774,3.862533384357249,4.01312766755767,1.398222805406875,2.464310578950374,4.5,128.0626567315581,3486.401834896347,8828.114634105743,25.25351108567211,89.20113502089553,2019.6229867886605,3.786584265876939
2023-02-01,4.531770869487971,3.8353226231406445,3.9869425742858655,1.4136903233031495,2.421632299837495,4.5,128.23333718692714,3398.543762630584,8504.605194994014,28.23862143556494,87.0384640963954,2009.5895815035433,3.9728148121428117
2023-02-02,4.567908532828346,3.8171526591417044,3.9523441181045467,1.393151882545319,2.4240007765963854,4.5,127.78755122397024,3430.0852872843147,8593.249145459225,27.169511909112437,87.757864425134,1996.243574818437,3.860509912067315
2023-02-03,4.454077161775323,3.7154426106063436,3.857544976887423,1.3233971242150497,2.392045486391294,4.5,128.03016272660588,3383.772334982098,8504.296456656737,29.76410939357284,83.92197981124157,2007.4093839358845,4.020376129480692
2023-02-06,4.4001024405701195,3.640500186119158,3.7697400061278303,1.2718735564231793,2.368626629695979,4.5,128.14828989920954,3416.389045508401,8644.38439096012,27.444155729687154,83.82259694506251,2010.1780205036525,4.047664004932796
2023-02-07,4.349569715708815,3.60097003249588,3.717773244056723,1.3204696848760116,2.2805003476198684,4.5,128.31205194505074,3387.3147514178977,8582.546823789275,26.26675277951537,81.27262398591544,2017.6034282680541,4.141386576076822
2023-02-08,4.3439115637972625,3.669393172663505,3.7888271133109894,1.3233322741572309,2.3460608985062743,4.5,129.07773568239514,3325.1765086875325,8364.249671828651,27.97134313504062,83.04051925585274,2028.075287537098,4.417371259977822
2023-02-09,4.288136795774677,3.599143263271599,3.763120778888092,1.222065239490683,2.377078023780916,4.5,128.53575026556047,3328.7486987870543,8423.362212470012,27.07118582489767,84.54574474816107,2049.08574369899,4.401252839418711
2023-02-10,4.300894300792875,3.5803462449247476,3.758309190286194,1.1824887360051508,2.397857508919597,4.5,128.33555828959413,3356.772632651555,8554.884100111924,24.87383626458398,83.05556322003407,2066.011040184082,4.331704286881797
2023-02-13,4.357111055851228,3.5708020397290428,3.7748557507540115,1.199361894894599,2.3714401448344438,4.5,128.02066469444833,3320.9944860111723,8506.463419405363,26.016289732138954,83.20390161252836,2058.6488638201135,4.372245413601479
2023-02-14,4.395610811503428,3.5873809346816823,3.7882599236446786,1.199691345784648,2.387689588897034,4.5,127.22053081747627,3310.32586172754,8499.995691910055,25.841228444686436,82.78363080215,2070.1112134833425,4.364752449869078
2023-02-15,4.39707031841255,3.611539695644309,3.7929368039657683,1.2196322642120794,2.3919074314322293,4.5,128.10618557262245,3283.457646624197,8429.766388365078,27.01342554548944,83.12913653044009,2072.404471029623,4.480065302609627
2023-02-16,4.354929788845849,3.600899895345432,3.782625572787304,1.2351358432488997,2.3657640520965324,4.5,128.34724494315049,3288.195271638353,8491.002805356487,30.097702656629867,84.80897149024213,2089.3169024859767,4.511894217439673
2023-02-17,4.300068992457775,3.4766543893090036,3.7045117675888815,1.1163272209428667,2.360327168366137,4.5,127.69134596853097,3392.495687598262,8773.609195299185,24.687270986805956,88.60261851015919,2115.05776255849,4.203269083768022
2023-02-21,4.177611442356751,3.2931748240505185,3.5477045401761242,0.978240712879034,2.3149341111714845,4.5,128.30565812414295,3412.3044993811714,8876.70064200528,23.755967160060234,87.00657647568144,2081.134423822681,4.215059948901516
2023-02-22,4.163831590405063,3.290868272262694,3.541138573926667,0.9952377545166831,2.2956305177460106,4.5,127.79686188132774,3397.061411774459,8869.568598731703,24.182691753839592,87.89187218539044,2092.8571515384033,4.096257126372648
2023-02-23,4.038749613974327,3.1592293011010413,3.4405483993054036,0.8583081364065895,2.3009211646944516,4.5,128.06023695080268,3404.1670343792252,8907.290663692867,24.850689072778273,90.45464394039894,2086.6253147755365,4.143862807563983
2023-02-24,3.9993354593094743,3.141165986516343,3.401436742410686,0.8058343251568574,2.3353316613594854,4.5,127.36813248356009,3470.884542812561,9126.349456160879,23.009192665507616,94.87479726839713,2121.131887010594,4.118096166541257
2023-02-27,4.02259072769943,3.095653270323309,3.341824477311323,0.8312670444320039,2.2643862258913052,4.5,127.01727220092519,3500.33605600561,9199.961640317415,23.571426258474695,94.06073769780085,2131.3952802363942,4.017629024958657
2023-02-28,3.9676773176512734,3.0652641500196713,3.36819896720693,0.7881168114468786,2.2771473385727927,4.5,126.61831005983225,3466.0252983688883,9051.071049434937,24.234281747940116,91.63850984501,2141.7136170625427,4.112882379876096
2023-03-01,4.029649083415159,3.120453836106399,3.3575581474894136,0.846364846769908,2.2740889893364913,4.5,126.17815430766686,3469.623618690214,9106.669184723283,23.459184411324816,96.25644949912609,2130.9898954617715,4.226443722332593
2023-03-02,4.030981462791545,3.026498884112372,3.2853752343731464,0.826049203052386,2.2004496810599856,4.5,125.79018765126156,3387.0905039152312,8827.260689939845,26.449165020956286,88.9592976554742,2176.106664623442,4.50991035967627
2023-03-03,4.1977532907132815,3.187656658999286,3.410554809884032,0.9845706520104223,2.2030860069888636,4.5,126.15907168593456,3334.4570154926005,8693.582828443301,26.727852721737616,87.29914614419454,2142.053576193731,4.356080817193287
2023-03-06,4.264440346128765,3.2094972702987805,3.429762279276997,1.0598446688566445,2.149652601442136,4.5,126.49655506326884,3322.6539497488925,8707.95316664159,24.993872588090923,81.38276265756758,2118.2193144350917,4.2901991589754
2023-03-07,4.201636455040409,3.1559581117268847,3.3881558961934783,0.9805100983161147,2.17544801341077,4.5,125.5180600135161,3405.1554645339393,8901.18059021241,22.463346704412245,86.6024516103697,2145.8357295468263,4.1345807532619805
2023-03-08,4.12033290959348,3.0647060859940685,3.2673855512857037,0.9068309121699579,2.1578751738241104,4.5,124.0560437949573,3433.2250007054895,8935.790155379116,22.678760676462105,85.99401249839136,2178.765073559072,4.2414993719480885
2023-03-09,4.109181036849952,3.0506552675587164,3.2878924290695934,0.8625577468821226,2.188097520676594,4.5,123.97258405525501,3461.451749392725,8916.725641438297,21.192091685527476,86.91279659802855,2211.3957519854844,4.1777360248201765
2023-03-10,4.1416339544595075,3.140723410086684,3.3787361233423385,0.9023719152341194,2.2383514948525645,4.5,123.95930353605087,3497.8199376153175,9021.005312528021,20.295246633327697,88.92877428371187,2210.422191290286,4.051444572315255
2023-03-13,4.124353365668045,3.1225137887370966,3.3708759312686962,0.8937062821516087,2.228807506585488,4.75,123.56008065144958,3518.6432499471935,9114.7291478978,18.316268508364782,87.36123783653478,2224.569801994904,4.072331552771871
2023-03-14,4.117970670987365,3.139001324795712,3.393246198223496,0.8850731257151967,2.2539281990805153,4.75,123.5417755806959,3515.6077406653512,9102.445952242233,19.41907344825412,89.21505831322366,2219.2346872512308,4.1885866887894965
2023-03-15,4.021487347805691,3.0126329596541916,3.3070041281652856,0.798402515949988,2.2142304437042037,4.75,124.56147522721626,3550.09131468076,9115.170237694836,20.429861979539268,85.45891084192517,2216.0660673910406,4.237334389477491
2023-03-16,4.004522347439289,3.070956645817647,3.366761466502958,0.8340455925117083,2.236911053305939,4.75,124.0533748100956,3575.5750539907876,9192.569661463103,19.796764162904502,85.66916458931136,2217.392950162872,4.189593272687905
2023-03-17,4.026339581307409,3.106639556894558,3.408934696242433,0.8759943361522727,2.2306452207422853,4.75,124.58985464390132,3528.520860091551,9123.56393247271,20.179423642604473,83.27794475518473,2210.281970782921,4.303264014349556
2023-03-20,4.057994577925741,3.1637330374714723,3.471650218260499,0.8664977030278012,2.297235334443671,4.75,124.15317594872603,3565.883159770203,9318.144255163084,19.140930380983356,87.38242517114864,2200.0421259453183,4.171297694530426
2023-03-21,4.134323319855659,3.2029323750082392,3.5102990066799333,0.9259306127411563,2.277001762267083,4.75,124.2141650001397,3487.210632338671,9171.58969496643,20.895257355543983,83.03359158094413,2216.36446403078,4.304394401580054
2023-03-22,4.143580736307082,3.1841194239754307,3.5343076580414383,0.9019552537859943,2.282164170189436,4.75,123.80370076630916,3537.737309505874,9250.1001454488,19.723468477686698,81.69885974186289,2214.6892536944365,4.225195529033012
2023-03-23,4.174422983396081,3.208588806914418,3.553837464964637,0.9584606835319956,2.2501281233824226,4.75,123.90943921351655,3505.285641737523,9152.431846740532,17.766621510192717,83.94023140913042,2195.4464298408757,4.230525285150722
2023-03-24,4.221107536900009,3.2371516298273595,3.5783592496534724,1.0043469965450944,2.232804633282265,4.75,124.32747185126645,3467.0162426130064,9044.300181861803,19.957590326766002,84.24588206113619,2174.6474163507355,4.2311001584197285
2023-03-27,4.2341688560576,3.169761167539185,3.47418812674902,0.9787459494308538,2.191015218108331,4.75,123.63073704819223,3472.1772844663037,9070.405265036794,19.108561283104056,83.52512050401276,2179.022064047491,4.287182721371265
2023-03-28,4.334468723355664,3.2844734697540283,3.5710553634995454,1.0479283366827712,2.236545133071257,4.75,123.71846152822616,3366.8866842999455,8702.700772131553,22.78348752358601,83.51538242178259,2211.645221867488,4.458380059731238
2023-03-29,4.366536531313423,3.3365896063129163,3.668132944155741,1.0480541355525388,2.2885354707603778,4.75,124.80198259452416,3373.353206850229,8692.590443728084,22.058630681157968,84.94705509583206,2185.9500190417184,4.471659042313688
2023-03-30,4.417567335407103,3.319175222094217,3.632482855458227,1.0838341205525484,2.2353411015416684,4.75,125.21873641572422,3391.9841326202795,8733.196184982116,23.425133517504698,85.32085053201871,2183.7958129599583,4.4398276565716435
2023-03-31,4.31757927901495,3.2623011093400973,3.588844476218777,0.9795351764567989,2.2827659328832985,4.75,124.9983460365916,3499.9170271152975,9071.582819841904,23.041418318571875,90.09193950346382,2187.568894125795,4.312430904942557
2023-04-03,4.369994918126197,3.2963846880003413,3.6094670056863754,1.0221121222016047,2.2742725657987366,4.75,125.405872156204,3526.27885256499,9233.0013671115,19.367502372824344,88.58730368020234,2174.1606651541865,4.034898477871687
2023-04-04,4.3072814533653885,3.200800309384314,3.5269760838226496,0.9393025079600343,2.2614978014242797,4.75,126.00539052238794,3517.6257194032014,9234.415500672121,20.102590911089962,86.83345826358551,2203.729250001652,4.1980889855668355
2023-04-05,4.286652588720183,3.1379376281841544,3.44444508117516,0.942130256769828,2.1958073714143267,4.75,125.43286817184006,3533.2451386609746,9318.59048156522,19.25081870993982,86.53112934975718,2205.033171741899,4.1181700556349625
2023-04-06,4.275504535551286,3.1739891440027317,3.481731413406782,0.9424098966192312,2.2315792473835003,4.75,125.03758672485992,3534.1128298366643,9323.102699143388,20.462935991966607,91.18018072627547,2254.947236174235,4.104421444271101
2023-04-10,4.337688355558456,3.1667851651821506,3.472431014120679,0.9939604890859025,2.172824676096248,4.75,125.51107268459661,3499.989940387472,9318.804955240275,19.66412964930484,87.78697564738206,2238.0975516442836,4.148371822870441
2023-04-11,4.377798979181545,3.2178649427824446,3.4990171517720507,1.0996625048403976,2.1182024379420468,4.75,126.49421999819786,3430.991020780926,9210.623024632954,21.877343181797958,84.2960661947682,2213.4402949483256,4.291658173158611
2023-04-12,4.383365732458246,3.1813272085575903,3.437640273928713,1.1220040348624096,2.059323173695181,4.75,125.94536228762533,3455.1792742968373,9318.99406775942,18.359190807952732,84.53963226883312,2204.3869923701313,4.1463002571310525
2023-04-13,4.452533524914758,3.3183015834500256,3.543609735560812,1.2415240301248054,2.07677755332522,4.75,125.97496380345386,3420.1972457368383,9212.689105913574,19.90498765604036,82.67039280773596,2218.734387845938,4.13165279063013
2023-04-14,4.539372413203652,3.370732960402577,3.5606573419196113,1.3294861664920683,2.0412467939105086,4.75,125.88697674552695,3381.0439737784595,9184.701793294904,19.228173116185292,83.69750501197942,2200.2994236772765,4.243579235399044
2023-04-17,4.468809546582544,3.3213084280189515,3.5169814348478097,1.2338899681506148,2.0874184598683367,4.75,125.47399218252545,3420.5189264221904,9422.61124182866,20.315045721611575,83.61741941110117,2238.7866552649243,4.226930816159767
2023-04-18,4.44870154855565,3.297098319333514,3.515379536085467,1.1867389110168767,2.1103594083166373,4.75,125.19269875536357,3405.8337415125716,9320.701512619265,19.305732892621958,79.95971777655154,2249.3158350589138,4.247452265950189
2023-04-19,4.3562388346249,3.238623191760545,3.4911455554166744,1.0752117135815087,2.1634114781790363,4.75,124.68892219287034,3444.4870604059392,9484.450828621226,19.49914694583364,84.0112816273607,2272.830992474771,4.32269822411378
2023-04-20,4.355305333562693,3.217685916266964,3.450075629401735,1.095872381797715,2.121813534469249,4.75,124.6147447922172,3413.694944612615,9418.099614608496,20.402054984721843,86.28915062871361,2288.9326590054106,4.485059660227166
2023-04-21,4.394207111419339,3.248994428026681,3.466767209308223,1.1224120568421614,2.1265823711845195,4.75,124.85791223732174,3375.3537172458323,9341.701615451577,21.089940471486166,87.12827529198286,2275.554243644853,4.520794928468169
2023-04-24,4.420627063437007,3.2728652294819964,3.472382658033672,1.160891167834592,2.1119740616474045,4.75,124.48154353117272,3364.474541324085,9358.585908890898,20.475888120573075,85.10301433533446,2281.7649981386185,4.461770571831764
2023-04-25,4.476260451611592,3.287532523991525,3.479890248491922,1.1413413087024034,2.1461912152891216,4.75,124.26718550565086,3353.399528783243,9295.072662689403,21.166359192870345,81.59606680953193,2312.7494970520083,4.498737861888604
2023-04-26,4.479738564910388,3.2980549496786358,3.488988492827066,1.103848470113944,2.194206479564692,4.75,123.54357708145014,3374.0077067158813,9324.549559845957,20.046774033168717,82.14159446790435,2372.462587351638,4.338348831135646
2023-04-27,4.476170330334292,3.300110413349853,3.5094873228734538,1.0866464442008337,2.2134639691490197,4.75,123.80216717197528,3364.407698550307,9295.267534120903,22.114408250085496,83.30856434072,2394.2207566647476,4.385099948809666
2023-04-28,4.509015158953502,3.308057619928662,3.512558753223169,1.0841340995680546,2.223923520360607,4.75,123.69512282979957,3395.4016224365437,9352.303061706776,20.020800114337142,80.35762129222852,2398.3371851425445,4.3023114902331265
2023-05-01,4.497642217989451,3.243772620943849,3.4717731967583605,1.0228524945344806,2.2209201264093683,4.75,123.27585798467962,3427.7391856588442,9410.905573232561,18.661432382773082,77.64314149371184,2410.8160418564476,4.2849522263550694
2023-05-02,4.476838236614789,3.1635357259392163,3.345093099354329,1.0171152442264786,2.1464204817127377,4.75,123.54234343969706,3387.4603954939857,9264.175719198607,19.61946163280618,79.72867338196838,2383.6954514167646,4.314211168801734
2023-05-03,4.483100541638205,3.1712893439459333,3.342183075939347,1.044169995757262,2.127119348188671,4.75,124.080009535435,3388.871164640306,9261.039754174868,18.370305211916815,79.37121895273403,2362.2251642493957,4.366994861464667
2023-05-04,4.534543863131709,3.1675181332414497,3.3233654546621763,1.0315892734072492,2.1359288598342006,4.75,124.09798042371601,3407.1009192526967,9324.219639166016,15.25378509361589,79.03421134832791,2340.196810601664,4.333494186162364
2023-05-05,4.475906561660613,3.0423429889602023,3.2049954671453698,0.9574099640550983,2.084933024905104,4.75,123.9529536757996,3466.7160296642296,9474.106992914327,14.616877075659808,76.83400824476861,2350.1637378199885,4.240162982397599
2023-05-08,4.44725702734744,3.047368315082892,3.1940636571461685,0.9606663313306251,2.086701983752267,4.75,124.4174393309854,3463.318740107221,9452.58229726237,15.207676964024875,77.98996665724768,2333.9823886804,4.335334698443256
2023-05-09,4.464221483815415,3.049424758977696,3.2096573792592356,0.9335893540305928,2.115835404947103,4.75,124.26830328653001,3476.18492379303,9515.574221385657,16.08213316840739,78.64157934493568,2348.5291723466203,4.270283507174914
2023-05-10,4.5047572889077,3.132494283613015,3.2927327549303,0.9637117590746576,2.1687825245383574,4.75,124.66692772482223,3457.183541083867,9439.962988565901,16.12399963054114,80.48700145092958,2329.413071079483,4.315062417564241
2023-05-11,4.530103825981597,3.087291394641175,3.213288259132123,1.042384109477648,2.044907285163527,4.75,124.88776026455908,3417.542161928399,9362.220112710953,15.657910842438858,74.85165762727459,2332.017749162884,4.314654120137406
2023-05-12,4.451960037174029,3.073279101098378,3.245023471394782,0.9891417392934978,2.0841373618048804,4.75,124.79572895867538,3479.3341705362755,9535.3155839377,13.99862186078979,76.59975143100449,2335.1046498185483,4.172039278918738
2023-05-15,4.448030892237777,3.0468211856592005,3.231147487844482,0.9576222870119061,2.0891988986472945,5.0,124.81062981332354,3514.0843214861457,9623.200183990186,14.573518316388448,77.82776350300567,2353.3930231324825,4.109243561043951
2023-05-16,4.424375042815193,3.0603437742790325,3.2410932138291986,0.9449456348790936,2.115398139399939,5.0,124.74167359501176,3526.1592005192283,9671.223985991872,14.876477214377756,77.50692881260277,2341.018605870575,4.106709666232565
2023-05-17,4.414613946906257,3.094973017866786,3.2994682864801548,0.930460441600927,2.164512576265859,5.0,124.56962809147598,3505.927935584675,9579.798743921221,15.830199507503545,76.97888060892183,2358.4354160134076,4.122119846754378
2023-05-18,4.340804566877556,3.0942960461880955,3.333445208248695,0.8322054007956071,2.2620906453924885,5.0,124.41003041178963,3563.7982625470295,9728.724291961851,16.0433654662344,80.07707396203666,2400.95773401982,3.9783393021941564
2023-05-19,4.359430471279735,3.1566840388885393,3.409523901202345,0.832130855516374,2.3245531833721653,5.0,123.5857529669889,3589.242130674739,9828.913167360151,16.652858763963888,79.75019184165855,2440.010353937513,3.9527474506414575
2023-05-22,4.366622901047958,3.108367670345978,3.345301225716527,0.8230236510129785,2.285344019333,5.0,124.21752740601102,3573.3493862448663,9775.095110407976,17.13605292217435,79.95182393820082,2411.638650660812,4.021737864460403
2023-05-23,4.365417868796317,3.0825960385799704,3.3363236272153127,0.77691245919682,2.3056835793831505,5.0,123.1711934609345,3583.3961502864204,9837.593081465006,16.71466500150189,81.71365871371367,2439.1200083058025,4.0342341669532935
2023-05-24,4.373135641776197,3.1248243452346367,3.3816556279904195,0.7733102854896827,2.351514059744954,5.0,122.55294206729828,3556.905095610087,9841.923884290913,15.548322180520495,81.25622509259156,2472.070577809041,4.034638582327947
2023-05-25,4.344895744289186,3.0251918566060407,3.307524419429453,0.699219320072203,2.3259725365338375,5.0,122.1854763215856,3554.7699648954363,9842.74413770881,16.935219063470402,77.89657145314241,2487.4409390025326,4.15039400316459
2023-05-26,4.347095527283225,3.007434647677071,3.271002794166664,0.7019406474772026,2.3054940001998685,5.0,122.06633069399344,3525.2535673108578,9759.741942638548,15.989273981994257,76.2404960542333,2486.588111243025,4.198812007468209
2023-05-30,4.346382880887678,3.016888885601059,3.3068895201183426,0.6821024077733446,2.3347864778277145,5.0,121.59776511118984,3588.738449473233,10084.536017739874,14.67088674745377,78.24997414227465,2517.930718273677,4.038284411067711
2023-05-31,4.298566183317568,2.9784431644463476,3.291909514849393,0.5987392830679508,2.379703881378397,5.0,121.54643324504168,3635.051524472029,10264.673631366462,14.320490440068363,78.4880276318178,2524.291634214461,3.932138432398772
2023-06-01,4.386306884384504,3.1268075926681154,3.424302528228705,0.7008804150634025,2.425927177604713,5.0,122.98447408249552,3596.847124597876,10143.889870750974,15.072080120584069,77.98953404499552,2475.9138328066565,4.023646789423797
2023-06-02,4.432777366006064,3.163049508045201,3.4430065567106456,0.7713504273745153,2.3916990806706857,5.0,123.5194710079316,3568.118132238454,10034.964308358687,15.311034547642798,75.2539333225082,2450.3675252531466,4.118209712368557
2023-06-05,4.48318022172119,3.2540898969863488,3.5434811385400056,0.8400654142338184,2.4140244827525303,5.0,124.0970423570966,3565.283890814507,10122.905303449443,14.501772684257341,75.9431215758418,2421.315979391043,4.10777270658818
2023-06-06,4.447323208606009,3.2012119991407566,3.4886070680287187,0.8382696295792496,2.362942369561507,5.0,124.2097822903518,3549.807504195234,10117.601656573293,15.35825900609406,73.52978585683454,2415.444559121849,4.190200751204573
2023-06-07,4.397309213501738,3.1455546662021128,3.453329222975693,0.8339720172834644,2.311582648918648,5.0,124.54177068682344,3549.398997093287,10074.858922022222,15.927885367756952,71.12549505256914,2416.357333708479,4.243532976847944
2023-06-08,4.431003442840579,3.181560759274455,3.478595774159375,0.8670322497695521,2.314528509504903,5.0,124.72677179947702,3540.7258267653083,10009.662259016148,13.690296527946005,68.95694538091568,2390.104259266467,4.240604477206361
2023-06-09,4.4367726715319264,3.239466293780444,3.527964782362904,0.8795119687323046,2.3599543250481396,5.0,125.10954190408081,3540.1055268668765,9949.840101631064,13.569790766757343,69.47681293327275,2379.046876662054,4.23008040525336
2023-06-12,4.439398641605979,3.2117456549069825,3.5298811501306764,0.8401923096966001,2.3715533452103825,5.0,125.16427261607626,3557.991505340681,10037.68043299387,13.538781506817,70.19020268193904,2393.80453444208,4.163527211017589
2023-06-13,4.416812770452507,3.1746291399266,3.485523230892587,0.8186937673715148,2.355935372555085,5.0,124.2369407900326,3612.856544449142,10199.690674021316,11.188187303316116,70.01618124596317,2428.613899681018,4.008201761852299
2023-06-14,4.439272718183511,3.24964885057908,3.53991618452783,0.8715646094801905,2.3780842410988896,5.0,124.89880836959566,3612.897085830615,10197.117957687264,10.739298312661468,69.19535761028432,2401.4394944980186,4.023860863337499
2023-06-15,4.441845881368822,3.187534284454044,3.4649687445264314,0.863397850647592,2.3241364338064523,5.0,125.371800010847,3617.605710793234,10251.500700314018,10.233440992441254,67.0850275631086,2397.5182417542246,3.9814360554041484
2023-06-16,4.3689289419417054,3.14541016022443,3.456873702139461,0.8215341962888736,2.3238759639355564,5.0,125.25733964279713,3617.300929042109,10271.649700622187,10.710277361003435,67.04765519453248,2408.9650040575034,4.120078799125028
2023-06-20,4.3741951413707065,3.1625946795149966,3.482783710577918,0.8346758046673947,2.327918874847602,5.0,125.03021395702062,3607.508991582237,10269.166220683845,10.43467913445688,67.00322116366172,2408.466017186641,4.168900430577335
2023-06-21,4.3850088142441,3.1510218494733966,3.4577930472688787,0.8345659005681114,2.316455948905285,5.0,125.27810551417515,3607.0812043358715,10280.58961672506,10.484254969818622,66.04293735063902,2397.566101546152,4.1516804879415306
2023-06-22,4.4198503593667535,3.1812616541470566,3.4737394300901254,0.8719839717171003,2.3092776824299563,5.0,125.68159243062124,3547.738737518665,10102.744999119182,11.923163444113353,64.65645016834134,2393.1880555169987,4.311629154094368
2023-06-23,4.40357479745333,3.1431645106109576,3.432097952425822,0.8683470133674185,2.274817497243539,5.0,126.04401589068554,3554.397118802069,10184.223231025655,12.344055127416235,64.64460764526042,2390.4770106612295,4.264421509135796
2023-06-26,4.42749643512289,3.1762122798747496,3.4455151472321877,0.8830356505785852,2.2931766292961644,5.0,126.27733510454738,3579.718861988245,10311.905077319912,11.878341141644503,64.09269843236463,2374.187247126603,4.169055389468236
2023-06-27,4.454126830627806,3.2570486969869403,3.5224651096594615,0.9151276838499373,2.341921013137003,5.0,126.24842589395989,3590.6660385389714,10379.208263997203,11.077039439825208,65.13043561883623,2355.4330569936747,4.035431450310147
2023-06-28,4.432530054969505,3.278242236980165,3.5622724447656298,0.9166539076249136,2.3615883293552513,5.0,126.03539331630701,3609.594098820283,10383.243212784759,11.975953068709117,64.46525873688378,2341.8143323482072,4.003644887103541
2023-06-29,4.36187935230048,3.194970945085955,3.487511014655964,0.849972333888264,2.344998611197691,5.0,125.67688115439465,3672.4397787783178,10575.906014073511,12.089601756925765,66.54395410372713,2360.3821587062725,3.8514258810514193
2023-06-30,4.369059417927548,3.2578587433899453,3.548070804425775,0.8859298624094994,2.371928880980446,5.0,125.39176971985509,3660.9326747275895,10533.664821781498,12.58815682729437,66.14370326451991,2357.6377113875456,3.8555427248141214
2023-07-03,4.46879739191914,3.3455815003805434,3.608279362295755,0.9753689636352089,2.3702125367453344,5.0,124.8931551297996,3624.799080969382,10415.482847823674,12.534775473596223,65.58328930739978,2327.4953688044698,3.825251675836255
2023-07-05,4.509286767095122,3.3518455071335564,3.6209469236810143,0.971755284564993,2.380090222568563,5.0,125.07670747691725,3598.897494973097,10368.546890412686,12.642685743008816,64.46219282071684,2336.086691583173,3.771024770035548
2023-07-06,4.5704572296047274,3.4172209153760797,3.658616171501021,1.0282823021801324,2.3889386131959474,5.0,125.22317868429549,3636.849458551549,10445.716723680636,12.076595181305423,64.21638293312367,2308.8032411315276,3.69943842863657
2023-07-07,4.522728281150201,3.4236326899881373,3.6740451638742324,1.0110163324162795,2.4126163575718578,5.0,124.63630679504374,3736.2067073484536,10793.888574203043,10.004249022525551,65.12092834287228,2307.8999113309746,3.467389789311329
2023-07-10,4.54182497191957,3.425329198001149,3.661874941877619,1.0527188309971147,2.372610367004034,5.0,125.28990052743347,3734.8843075355067,10783.141840337277,10.647439595050983,62.67260435319505,2263.110633993529,3.552978805937634
2023-07-11,4.546127392974047,3.4263426813014743,3.6700645534442193,1.0971169189858583,2.329225762315616,5.0,125.83830454859392,3697.9397820831555,10677.08613761419,11.310042398416156,61.95163556198737,2241.106651111898,3.5879100647095896
2023-07-12,4.572007022710285,3.4771952915995747,3.723919829785075,1.1197509810452313,2.3574443105543437,5.0,125.92677296027786,3717.9501332404257,10692.614136993077,10.192234065709048,63.58596385920209,2232.4606919393555,3.569111269556995
2023-07-13,4.5868471411360785,3.49010724146748,3.7313549648222355,1.1291793731136388,2.360927868353841,5.25,125.72267955783175,3718.30200748835,10754.299662561434,9.13733884568725,62.38452132866312,2251.2309871748835,3.5761458772782455
2023-07-14,4.621743519470978,3.5102784004628895,3.7403538311358684,1.1761415524504502,2.3341368480124394,5.25,126.06334352526501,3706.4734792304275,10728.646442183486,9.437321186966912,60.359229654064656,2235.890260882401,3.55802913806608
2023-07-17,4.598906033775952,3.4957392030675605,3.7402678940626144,1.1353927517661024,2.360346451301458,5.25,125.82421532081585,3747.984103858636,10846.692834790352,9.161270725810295,59.81688451058465,2243.129473864193,3.4844054204535633
2023-07-18,4.592201530602038,3.4459407634117696,3.712853043993211,1.105663977574286,2.3402767858374838,5.25,125.80620168468806,3757.036531721372,10883.325610094105,9.042761114698237,60.32435586440294,2254.4506739261105,3.5181164539948604
2023-07-19,4.56642316202983,3.437204180343916,3.691000163117119,1.1056045842781823,2.331599596065734,5.25,125.46583997689386,3716.9779658626694,10823.045578724355,10.426173496966015,61.98487917051252,2265.198080938564,3.4945902611141397
2023-07-20,4.5735155412446975,3.4375891669010024,3.679054781207884,1.1099606306079712,2.327628536293031,5.25,125.00167436346999,3743.4394520701,10909.300522603538,10.235089253652792,61.86845549871574,2290.0643774654777,3.453983814112836
2023-07-21,4.607226114501049,3.4720023602238204,3.7174866133469835,1.1251814305666887,2.3468209296571314,5.25,125.09086970289884,3750.2566846481773,10964.232971258067,10.013540757165988,61.404001412287364,2286.9058367962098,3.4711267039638902
2023-07-24,4.568977259987163,3.4313867397609945,3.7007162109675713,1.0989570081317155,2.332429731629279,5.25,124.82167064931853,3772.159309392511,11103.190174469057,9.942040182876816,59.93891210503558,2311.814419471987,3.3704170498299906
2023-07-25,4.633459835201716,3.4928343916147835,3.7376667529448193,1.1371650482167777,2.355669343398006,5.25,125.48809823182637,3805.0666863459705,11213.441554805706,8.889730781978038,59.95857054572141,2283.2690257762997,3.3411854977024307
2023-07-26,4.696096411326022,3.5824712434854566,3.816142743872322,1.2364821160431025,2.3459891274423543,5.25,125.63656861649737,3749.721780258525,11006.946277512236,9.141930302637602,59.3378004133669,2272.1447883245005,3.4613446879223777
2023-07-27,4.684042280998949,3.553481700486515,3.764983128863147,1.246472302221207,2.307009398265308,5.25,125.4350209039275,3736.6322856659317,10940.5653253791,8.5,59.62113571210521,2260.043763659168,3.434169889032508
2023-07-28,4.674441430601246,3.5350309438273184,3.7555151488585325,1.2081983618392753,2.326832581988043,5.25,125.57555816956462,3753.074895733291,10965.349646346867,8.5,60.099824426227755,2267.3577090661206,3.4379902303948797
2023-07-31,4.72274254191225,3.5575461866505833,3.7546078988333607,1.2785896741561997,2.278956512494384,5.25,126.13897258852472,3720.5803063665153,10887.195289786114,8.964121725358725,58.49850017118138,2246.3613004473477,3.4766634292369494
2023-08-01,4.718161549513118,3.6091644445285453,3.8086774997192125,1.288948254796278,2.3202161897322675,5.25,125.70702903255305,3743.788823182943,10933.373224244875,8.5,59.26514134972891,2246.261898389145,3.4177044125997016
2023-08-02,4.743388911357376,3.713978003555818,3.9007929497983245,1.3389271509841871,2.375050852571631,5.25,125.5842000242355,3762.251301084992,11047.093117101873,8.5,60.666619351632356,2233.9501972438143,3.3699141544678652
2023-08-03,4.74316475212623,3.739637588612363,3.9142141472898797,1.3841788328549942,2.3554587557573687,5.25,125.56891912492978,3744.023354019096,10960.833456873144,8.5,60.40161065106074,2240.6604718098706,3.3694378868057844
2023-08-04,4.754801462849473,3.752588979494462,3.928087832655257,1.401415545522041,2.351173433972421,5.25,125.72439145976504,3748.5247296788434,10987.341170716078,8.5,59.9642950606924,2242.3202126424817,3.377101715232705
2023-08-07,4.784506439557053,3.7635310664057138,3.9177604549883194,1.4673794068739485,2.2961516595317653,5.25,125.94334070592407,3699.419465432459,10841.047478260507,8.514413855411348,58.7262565424645,2246.8000538249785,3.562947094111636
2023-08-08,4.7755722769680595,3.7674232270697114,3.9159670784325082,1.4787676544097577,2.288655572659954,5.25,126.12843066595383,3725.5534172044336,10926.2545803491,8.5,59.499698767218575,2231.5746813874507,3.5274792765918193
2023-08-09,4.756654996113415,3.7450475894823567,3.9063452348799483,1.46946341147268,2.2755841780096766,5.25,126.00013315816992,3734.0700211558533,10974.097614229797,8.570217214377333,59.055785648298375,2235.8192744038097,3.5134907148591292
2023-08-10,4.763001496675574,3.7475401515843636,3.9084422161697314,1.4624073340971482,2.285132817487215,5.25,125.6468932547076,3747.3812393081894,10952.866390752886,8.5,58.50863333998162,2240.691156873142,3.494452990960592
2023-08-11,4.764326087248909,3.7718230641161288,3.9267735360500193,1.470920912086289,2.30090215202984,5.25,125.51335509923874,3782.5015339381794,11128.786434204761,8.5,58.67885994702994,2239.557687525287,3.3815671581213436
2023-08-14,4.789360028059292,3.7881269632491543,3.9290685530284937,1.5102240361191193,2.277902927130035,5.25,125.499128358606,3777.700484861145,11124.946290848044,8.5,56.986173691194494,2244.4800928721306,3.3684170277377374
2023-08-15,4.833757547562843,3.8139193424219258,3.963887968428732,1.5268239640672705,2.2870953783546555,5.25,125.80700377115643,3775.4639632031767,11132.812291727008,8.5,56.878177018294075,2234.27435286804,3.3641597301777524
2023-08-16,4.837855154373604,3.9086179611360032,4.025984411565272,1.5935249013877852,2.315093059748218,5.25,126.00866060962994,3741.2662469049264,11096.484439620124,14.562420065149723,57.08257416521119,2202.5441083788464,3.1896621313603606
2023-08-17,4.929208891724086,3.938608654531677,4.033095421399298,1.6582384329744029,2.2803702215572743,5.25,126.31869390694582,3652.8117147868097,10716.243861726389,15.640783275354226,58.182181139895505,2183.852944272646,3.481100913314382
2023-08-18,4.99297220587779,3.950906473959839,4.015296543271005,1.7012238053350583,2.249682668624781,5.25,126.57391296432786,3644.3710680377044,10767.032947513062,14.284095367410991,55.35903823946766,2186.228837289773,3.3537101755688687
2023-08-21,5.069854037843196,4.05876068683573,4.111965480270691,1.7623178337887808,2.296442853046949,5.25,126.61042633885272,3611.9503676130753,10676.599405810224,15.149892579208766,56.02434984615681,2206.2901359819116,3.3615649082551267
2023-08-22,4.986517055625899,4.015264058598682,4.094462545811047,1.6781304940553248,2.337133564543357,5.25,126.35912825973668,3678.2363103902208,10859.253630210336,12.9452552953159,56.83381216072691,2240.2650533642004,3.379750622267062
2023-08-23,5.004949166146202,4.112556596655006,4.199915540131852,1.6886266735810986,2.423929923073907,5.25,126.73131622722647,3739.5108883618445,11045.779389659088,10.906539790058096,58.27103018263135,2250.357233854003,3.249817336176406
2023-08-24,5.049793204544977,4.170881959825327,4.268783933872801,1.7020102490699072,2.46887171075542,5.25,126.72259023498701,3777.9433715418386,11173.196743672173,10.293044339971441,56.551562080412836,2252.415258602863,3.2932963708527385
2023-08-25,5.043322818058788,4.1911603536053095,4.28501886658983,1.6721005233499247,2.519059830255385,5.25,127.00378570527054,3773.8874648657256,11270.934340979491,10.143341800746496,58.340502728082335,2242.883894154075,3.350758542403511
2023-08-28,5.077106563891511,4.245047437569504,4.337065768168794,1.7211220549646735,2.5239253826048302,5.25,126.44884968059685,3778.349194448256,11445.374599126335,8.870537691342149,58.49723318385297,2240.4496357559037,3.322091655119031
2023-08-29,5.033175130665174,4.176649655063369,4.251768012393311,1.6769420473599475,2.4997076077034217,5.25,126.49458677181359,3803.164975815218,11510.288435417044,8.5,58.136956223574714,2233.094539070898,3.2234647678338684
2023-08-30,5.0810812130550485,4.309371794093696,4.3655280818402264,1.7778649748467577,2.531506819246939,5.25,126.37326258609437,3819.3338354100556,11579.772420645817,8.5,58.706703790947714,2232.9512136404005,3.1833055330740962
2023-08-31,5.092338156748056,4.323554861243542,4.42338259004499,1.7402716237968563,2.583283237446686,5.25,125.7590152684383,3842.950148678495,11741.822066054363,8.5,59.810384756869034,2249.67729170693,3.1523809158874068
2023-09-01,5.034369183681239,4.235339950404263,4.3540999077738345,1.6750253753409583,2.5603145750633045,5.25,125.71515911029239,3882.9846165620297,11932.250697766985,8.580049793169557,59.85231905454331,2265.7768874541225,3.016773745752457
2023-09-05,5.054642947756564,4.3319451590452545,4.4486214164378355,1.7552449764877314,2.5767001825575235,5.25,125.73251109158602,3878.7272117674956,11950.170357462148,8.667485390907984,59.45945479770309,2260.8313658556945,2.955073279233419
2023-09-06,4.970024673549279,4.289749113126142,4.43980433809384,1.6646070711139358,2.625142042012206,5.25,125.64576794103422,3919.8644485360364,12126.593668078192,8.5,59.90433533148766,2266.03043109688,2.9611452819555284
2023-09-07,4.953702595571511,4.301436506191864,4.471216573353245,1.6472231835366444,2.6542133226552203,5.25,125.82504339389482,3946.0288153324013,12278.629392591318,8.5,60.219114088132024,2289.560762114993,2.9432928560295126
2023-09-08,5.032062200060755,4.387183165969654,4.530560321855793,1.7038974752157592,2.6832856907538956,5.25,126.08588381490037,3950.450854537046,12340.550133589179,8.5,60.60392073802092,2281.3628433535528,2.9350864696189345
2023-09-11,5.0214620209018195,4.389402073212587,4.54403328171603,1.7299960665071645,2.6594060067054217,5.25,125.57848173034988,4002.308826296781,12515.691274510635,8.5,60.25394518713438,2305.4053441371657,2.837941312881793
2023-09-12,4.9867969270773544,4.374493389510068,4.541643094116603,1.6925211012625812,2.6819722882474872,5.25,125.59780031733534,4063.137900322027,12758.248478617206,8.5,59.98262318373117,2310.2145933954857,2.775213678462336
2023-09-13,4.903343993507164,4.314222905247139,4.484183278421672,1.6534988828205048,2.660724022426634,5.25,125.77326379998493,4095.0668227462857,12849.478177761823,8.5,59.91368062135619,2317.77396615033,2.7481423556663103
2023-09-14,4.894835345803462,4.330400327812374,4.522830174637771,1.6434004683724455,2.6869998594399283,5.25,125.76949555154641,4035.132189363967,12569.664595487466,8.5,57.8628575535186,2325.340246351122,2.9100492959252113
2023-09-15,4.909018290523246,4.349085816381226,4.531305400677792,1.664128701536888,2.6849571148443383,5.25,125.88570665429084,4016.2880643776316,12539.072020728037,8.5,56.34412823608393,2336.784752103542,2.9459139345398606
2023-09-18,4.906981048397597,4.4125747431510245,4.614261771881589,1.698195226314188,2.7143795168368365,5.25,126.01298934308683,4034.769121818876,12630.008101963405,8.5,55.102949028523746,2341.5711013728264,2.96144630642255
2023-09-19,4.913237994998705,4.3876224799752634,4.593016413816086,1.7172319493608361,2.6703905306144278,5.25,126.25916544314781,3991.4391888068913,12433.23903828016,8.5,54.57781762938987,2324.8981078759734,3.0572705547581664
2023-09-20,4.920036166967455,4.397698373569913,4.598783377821746,1.7608127484156928,2.63688562515422,5.25,127.22324209302856,3981.3195632260113,12453.842236407178,8.5,53.08557462294647,2304.536045428532,3.088608545361033
2023-09-21,4.950475668367206,4.442408455095423,4.625967989306143,1.828549732983682,2.6138587221117406,5.25,127.52266672906251,3919.096470712442,12239.796280382927,9.3119629509882,54.33170977478219,2276.9033527089664,3.184505538286619
2023-09-22,4.889892835954501,4.387923745125883,4.570123278797138,1.7717055998931275,2.616218145232755,5.25,127.10483217467349,3984.8274093398354,12481.070838612946,8.681522347596573,54.98608410161716,2294.729303646967,3.0417125110086487
2023-09-25,4.977884536444897,4.559313660239534,4.7185028101205795,1.9285579238552844,2.6307557363842493,5.25,128.0748904554656,3946.063363282219,12420.410283241725,9.545268938898907,54.14982857291234,2271.4637014418777,2.9441032433124534
2023-09-26,4.981347515267265,4.616338342924908,4.785788008124648,1.9658773694367861,2.650460973488122,5.25,128.19598556350348,3989.510791541774,12651.468971100707,8.822018182564241,54.09347491882405,2269.6805299818247,2.8039140011870938
2023-09-27,4.998567495168089,4.596815668023737,4.739111551021356,2.0147820461556796,2.5820336218680575,5.25,128.09501825870004,3889.7935083382026,12252.758606904152,10.224836502586538,52.99433053656388,2282.5838524296346,2.9821836751789346
2023-09-28,5.031877290861441,4.67389114693591,4.829853191897933,2.048281455907108,2.625609691028802,5.25,127.78367902101499,3909.5384119425294,12349.82738028179,9.42192621103988,53.963122858535144,2285.168340092354,2.9788360406993686
2023-09-29,4.9969157134864775,4.646821864340216,4.827219770577107,2.004040430032712,2.642781434307504,5.25,127.9748134048348,3929.329820816118,12426.44763213301,9.592950394650869,53.12484510911799,2292.141606269178,2.9550931960746953
2023-10-02,4.998999618485393,4.639469435340481,4.828231357724447,2.010717922248897,2.628751513091584,5.25,127.95541184629985,3920.96331482671,12437.36478348539,9.869652583599226,50.769897192419116,2299.2340669133555,3.0212094537377716
2023-10-03,5.032621829630868,4.694448851137233,4.882098925869722,2.0685119422622336,2.625936908875,5.25,128.38213165475943,3892.2058431941173,12345.911040395209,9.203318251248335,50.75274203168301,2302.9766590427994,3.0020035311406286
2023-10-04,5.02917215146304,4.710566866091904,4.912413284255764,2.0685220545379974,2.642044811553906,5.25,128.7224134307099,3900.2788011514053,12402.648097292586,9.377671698114641,50.36155021303702,2298.9091546773284,3.0819331132619836
2023-10-05,4.992073126707523,4.693280795610949,4.892632224040715,2.0808801685473317,2.612400627063617,5.25,128.54292407170686,3933.909253768143,12533.729214318662,8.5,49.9533606603353,2307.0386930147747,2.98712782338586
2023-10-06,4.954043890622871,4.67351987662855,4.866920930061189,2.074515421513376,2.5990044551151743,5.25,128.1419600027744,3942.5241593770743,12520.697365803393,8.5,49.35069163887563,2312.034342246753,2.9316708785499523
2023-10-09,5.026316226352959,4.72235318256765,4.912275644281162,2.144089384541755,2.578263798025895,5.25,128.22205180586508,3893.3814437698725,12399.910572594163,9.037801708643565,46.986386159837885,2299.4971995470464,3.011237186575306
2023-10-10,5.023340341347573,4.755881655570157,4.955376315312057,2.14493813265968,2.6109435229104774,5.25,128.07613175115776,3936.8349665095484,12512.008742616626,8.507692244466114,48.18347523610032,2303.2523093556056,2.932742606306464
2023-10-11,5.0417326811520375,4.724229990335326,4.948245340264992,2.1432884395438174,2.580941550791509,5.25,128.23039963674316,3938.151198489498,12460.63867370974,8.5,48.044311681967244,2311.429360515558,2.960921946913339
2023-10-12,5.042610435098658,4.825315389345175,5.052685932060819,2.2455933804410377,2.5797220089041373,5.25,128.62164531090892,3909.906744149507,12262.098977535094,15.822721307652841,47.56598204494846,2262.7294698200435,3.1124351109166106
2023-10-13,4.920810442869783,4.719345282509721,4.985407560878278,2.1351779799122466,2.5841673025974745,5.25,128.05585456055672,3977.9853529006705,12429.163805471535,15.195098784587183,47.79782294588314,2295.2497107611616,3.1603160719828844
2023-10-16,4.998665677051854,4.898286381892021,5.164586828347244,2.2195127286381466,2.6787736532538737,5.25,128.0230336159019,3996.848781924187,12544.003211740423,13.874640770438276,49.088987040915654,2304.280893811087,2.9899963336044997
2023-10-17,5.084114371697617,4.932029260915686,5.18854753882544,2.206646697101342,2.7253825638143443,5.25,127.63828396960508,4014.7735748616183,12540.992428757463,14.836995694329413,47.98923052950118,2328.9801717255646,2.8733566172389033
2023-10-18,5.156544119235335,5.040036401808591,5.318636547984293,2.240883245519203,2.7991531562893877,5.25,127.96634755797155,4027.5600148843755,12591.303309593077,14.622898505799869,50.34597080958921,2312.4116268930397,2.7335343517656825
2023-10-19,5.155246800239865,5.052820498250096,5.309172862041136,2.2593354645762678,2.7934850336738277,5.25,128.3515496227048,4075.1352952620477,12772.95424776543,13.440910029403707,50.91974729574417,2325.7584818397286,2.580232720042062
2023-10-20,5.10008969374451,5.049634514837347,5.331354823164326,2.214440909001225,2.835193605836122,5.25,127.47424678194501,4048.6072369389126,12637.575437960833,13.940957888314717,51.562868259765516,2377.759268511404,2.742648478692489
2023-10-23,5.157521669762534,5.089849937511725,5.353693866015336,2.304610407082607,2.785239530429118,5.25,128.31130040678136,4017.129670752953,12477.92186137116,14.847164802225912,50.63129389234325,2333.0228932776567,2.848300801774475
2023-10-24,5.2068698978603445,5.158988295152565,5.502310845918877,2.3332761003105835,2.825712194841982,5.25,129.049701459853,3904.371383477099,11969.08719844668,16.616808515552474,53.376078106710935,2368.135113746289,3.1074191063216627
2023-10-25,5.107133209527803,4.967875187891725,5.279451236386872,2.247877430368615,2.7199977575231102,5.25,128.35201654798442,3927.174234764175,11984.961663250622,13.658966433437199,52.47441831444199,2381.6565462650933,3.17004314814734
2023-10-26,5.081542213960805,4.913317697812392,5.222480233311797,2.2872754281082566,2.626042269704136,5.25,129.33510009873805,3919.6297271494714,11858.64684371771,14.710712271200633,51.40595763625585,2389.0269765073667,3.1733319674990703
2023-10-27,4.946282617841665,4.791613971054092,5.143583247252195,2.0679017381102187,2.723712232943874,5.25,128.93438236589125,4110.388791820811,12526.598747383548,14.66937887882195,55.14003607114354,2394.236658096464,2.7809999261059257
2023-10-30,4.983900536275604,4.894952756730717,5.243707251026873,2.141689095149629,2.753263661581088,5.25,128.94891732782912,4122.39226826599,12572.914176363029,13.715683161610064,59.371222680996574,2389.5270615690847,2.710539893382851
2023-10-31,5.065076435343646,4.995853221319976,5.303080366014957,2.2597248526303737,2.7361283686896027,5.25,128.25903751948564,4025.243663567776,12282.591903140134,13.675594112612918,60.79956286506798,2391.340245976749,2.8564567650886312
2023-11-01,5.041103689068805,4.8487114353472975,5.119112819156465,2.189340091287353,2.6593713440599447,5.25,128.70435012618915,4015.2791937814736,12159.081305114245,14.223369345141588,59.42799454183462,2380.688167504998,2.895832880184137
2023-11-02,4.997133641811679,4.716074209341491,4.951242176811015,2.14336412608344,2.57271008325805,5.25,127.67730535282395,3984.9642083684953,12001.77201074718,14.614613838004034,58.81426198341919,2435.6365876293203,2.923469086756707
2023-11-03,5.027430958373119,4.842231390737952,5.04275963403334,2.1846730858425776,2.6575583048953746,5.25,127.49270671252043,4028.061138783226,12202.074856224917,13.513054268817907,59.841656776161486,2421.00249108041,2.898183037072758
2023-11-06,5.014013664349289,4.742225430952061,4.928505898286283,2.185221530333393,2.557003900618668,5.25,127.54060368621444,3963.8966312503344,11999.431522951618,13.925296356302002,59.08345355988203,2428.1312039123995,2.9797346535142992
2023-11-07,5.050605554008933,4.80132440977507,4.973499144542734,2.210857500597205,2.590466909177865,5.25,128.33341515292756,3944.133712037621,11919.564998968386,14.74061471449021,58.228174921905364,2403.3838698973223,3.0542186061967467
2023-11-08,5.028193768921791,4.835567863549276,5.020873532594364,2.1950006148334804,2.6405672487157954,5.25,128.1408364307381,3971.374801587152,12004.995085493221,13.930554476042724,58.0856670398041,2419.5851723622222,3.1096437163183897
2023-11-09,5.168811086149447,4.979933446032096,5.1460702057143966,2.376582193800564,2.603351252231532,5.25,128.4423313269802,3870.1014060730836,11701.511445764789,15.128455035188065,55.748579323711404,2415.18670252971,3.1917938602432336
2023-11-10,5.281683695823199,5.153070052337019,5.295211331714003,2.536379588893101,2.6166904634439176,5.25,129.4401655847257,3770.544293393058,11331.893545510657,15.747075450106728,54.34543564166355,2313.403249606854,3.3055637827566375
2023-11-13,5.214685668236018,5.034390046374199,5.155913603325943,2.4988743998330656,2.5355156465411333,5.25,129.93257986162118,3783.293416965312,11432.814315452752,14.694800600816686,52.17045058770254,2306.6720771999744,3.391042940370524
2023-11-14,5.172430683667113,5.024943492990414,5.135249708794932,2.461889450508153,2.563054042482261,5.25,130.37333486888213,3809.3898622270262,11653.217183276893,13.064510412071972,53.56421599193773,2304.962895652299,3.3144222588571735
2023-11-15,5.166927855196108,4.962734334378474,5.061581138826659,2.4526153746509536,2.510118959727521,5.25,130.56909670630452,3806.361992092977,11657.117505163507,13.534059560909059,53.416989240447535,2288.203502614292,3.1966455978491837
2023-11-16,5.166459531422758,4.989120696226556,5.089412630751328,2.453116735415037,2.5360039608115192,5.25,131.11450495980802,3812.2715728149215,11721.718477457727,13.03149427262688,52.81829063700221,2274.904713447831,3.13627458353099
2023-11-17,5.163292626422791,5.032318929028522,5.189396988439019,2.431083434552695,2.6012354944758274,5.25,130.98355393184767,3881.7528736863746,12012.962006624854,11.67997495102702,52.39885452454174,2284.9789651156157,3.0778730983108256
2023-11-20,5.2436299549062015,5.173729351271554,5.330396092232932,2.5203470668702166,2.6533822844013373,5.25,130.67792299191044,3895.7658822960857,12056.888812458072,12.010514254527164,51.855264414125905,2279.6848795090455,2.9355773026809793
2023-11-21,5.281926287286026,5.246067948278911,5.385169632935086,2.583598371269001,2.66246957700991,5.25,130.27264647134052,3907.673734059063,12209.675250130622,11.639677593677048,51.02111671735073,2279.1568404967284,2.892412865910585
2023-11-22,5.228883814200186,5.249344912280758,5.414930587208874,2.533855527763607,2.7154893845171517,5.25,130.11490852191974,3944.001795605639,12269.599949397307,11.489509896842282,52.311547679775806,2303.145252752579,2.811438879937978
2023-11-24,5.147370599467245,5.115732564548598,5.292446958320955,2.4935664223766922,2.6221661421719054,5.25,130.22913157632388,3943.3614080502916,12294.194157410613,12.520114490707343,50.86165041000454,2304.59957956333,2.9153009676480073
2023-11-27,5.14416038109997,5.095570180183399,5.267734283069441,2.486258510235896,2.609311669947503,5.25,129.67929659143883,3951.549685770544,12267.669436404514,12.974726757455791,50.64128049449799,2305.296652642696,2.701137370539674
2023-11-28,5.077456818389293,5.100560297434843,5.261906894943783,2.415213690122019,2.685346607312824,5.25,130.28266973031523,4010.887355632738,12581.235853406024,12.619414156524652,52.62599300776406,2302.8107664668055,2.7089841589959986
2023-11-29,4.996034162867741,4.961502228567602,5.127340997994993,2.35198306208592,2.609519166481681,5.25,130.44070125035896,4021.8669095919313,12567.977029339287,13.094934185450237,52.79206530664368,2315.9472231650907,2.7245488826535613
2023-11-30,5.109507210221398,5.057248986742556,5.198476251591834,2.4373046635147304,2.6199443232278252,5.25,130.48642517844382,3954.546556315421,12361.343333016073,13.890136914550753,52.41310075104634,2310.882051556612,2.8666556605042897
2023-12-01,5.115140215791782,4.985334744730838,5.1229071704141464,2.38361119407989,2.6017235506509477,5.25,129.9311238116417,3919.7420239893827,12246.719730473456,15.082421462030554,50.988629946546936,2331.4862294385525,3.0069026052068333
2023-12-04,5.127030993054401,5.0124026396985615,5.189900631972696,2.3880519851334836,2.624350654565078,5.25,130.64920389049558,3825.481720837054,11824.144514212492,15.902319405398158,50.0239738032313,2317.893933539718,3.1973764895684367
2023-12-05,5.216171682964577,5.025264663126796,5.180833406698236,2.487113512390776,2.5381511507360197,5.25,130.9907027296913,3764.782038692959,11707.734384161202,16.650556902769814,47.788962342679966,2287.1164059636512,3.1165331937981753
2023-12-06,5.318637939661276,5.060685584780118,5.159667907320344,2.5297567484527934,2.5309288363273246,5.25,131.03308379199515,3811.21952263548,11919.210663859687,14.213782370463951,47.98188428426177,2244.0360938210415,3.0952598783215457
2023-12-07,5.281894545954209,5.157955759577187,5.271301517209292,2.600052906108898,2.5579028534682893,5.25,130.57653015204997,3907.1667520214346,12247.146726521129,13.87637014125425,49.25503057639903,2237.96331727276,2.8765004164459773
2023-12-08,5.208118840486903,5.072737039328135,5.189206794286425,2.5643763954929506,2.508360643835184,5.25,130.5987551203249,3846.552027841569,12194.748395207349,14.450250557020036,49.220232001374114,2255.495230924779,3.017425437528638
2023-12-11,5.200668067969194,5.115562402113611,5.274463581063741,2.5471672202845306,2.56839518182908,5.25,130.38886400602678,3864.852794441317,12335.453439711253,12.973379486415432,48.88101380463061,2245.256751561554,2.913423671743343
2023-12-12,5.120127452119901,5.014946767896772,5.1549689507721315,2.5426531038489673,2.4722936640478053,5.25,129.44816721598093,3894.8803904037454,12497.131086456133,12.954524187320327,46.53536205384398,2272.4089564686024,2.8647312237774583
2023-12-13,5.102231379261738,4.9711810745021445,5.1459307950868345,2.4498697712859925,2.5213113032161525,5.25,129.13952694141804,3895.4045444147832,12591.39973701325,12.66057969730436,47.41026689574858,2304.5044680254773,2.982975183862277
2023-12-14,4.997848758132129,4.913421678037595,5.090127397346997,2.4011158492391096,2.512305828798486,5.25,129.42052319630793,3929.908766618321,12698.806476054287,13.278143201198267,48.41282343456725,2337.3595723876906,2.8802084040604523
2023-12-15,4.971942832853117,4.867289192157436,5.0610419716044905,2.418375796836366,2.44891339532107,5.25,129.3172701026195,3992.4903320580192,13058.120681728376,13.29099033422231,46.4327502017419,2302.064256981683,2.8027325904988065
2023-12-18,4.952646576418742,4.898291862379931,5.098553756889122,2.414575949881471,2.483715912498461,5.25,128.2691992358584,4019.0159995168906,13125.94229433902,12.205031995342157,46.69391100820939,2325.562224425106,2.7899058771936946
2023-12-19,4.897223014867393,4.838506785213982,5.050491847923531,2.3597449294739246,2.4787618557400566,5.25,127.8072307492585,4102.024641324544,13427.84457370463,11.244112682773002,48.361555372444265,2323.859826500851,2.6523802702505774
2023-12-20,4.888224837052208,4.9188798438742305,5.136759012996083,2.377931221911992,2.5409486219622384,5.25,126.73555552790484,4090.7182853520203,13485.215461173926,11.658436022394586,49.07179742842142,2368.0787621472978,2.6659866922094877
2023-12-21,4.860958057607436,4.848923517199017,5.091809417355619,2.3324111687629343,2.5165123484360823,5.25,126.32758908051257,4094.835151952363,13481.638796848301,12.253552678506274,48.60804025831439,2374.452874835849,2.6597740621003476
2023-12-22,4.7639538374794235,4.7977671178140255,5.036320539721453,2.242273430362153,2.555493687451873,5.25,125.38300967432806,4203.840396911043,13950.598860869273,10.501875709802432,53.21765071307109,2392.1736510291116,2.462290993101705
2023-12-26,4.715816445969487,4.738384965939173,5.0123966616022235,2.156912103933425,2.581472862005748,5.25,125.70956147211795,4230.272777157311,14116.235396392929,9.798445528629417,53.22067301661245,2415.579142707375,2.3617956412521686
2023-12-27,4.735365657984967,4.748625170604818,5.031653404235159,2.200516207351436,2.548108963253382,5.25,125.6570499635953,4167.134315455207,13863.152569451915,10.200718682200318,52.44807443361386,2428.4879462130943,2.5020217430190876
2023-12-28,4.84729579143474,4.880884987863597,5.1260622903376,2.337878379788473,2.5430066080751237,5.25,125.68677207777972,4107.228874291271,13614.949370464949,10.093939134461394,51.679055089953984,2392.7693730826036,2.540219883524978
2023-12-29,4.9365264829122175,4.8640975672214335,5.087469063998693,2.366871234893864,2.4972263323275694,5.25,126.02592886628352,4036.8237271701205,13394.307960796263,10.98373618836827,50.40473405753552,2380.111425290965,2.7512978421983343
2024-01-02,4.8845207261836805,4.801758326996568,5.03648942684474,2.3748468698787906,2.426911457117778,5.25,126.16486840765299,4116.850334371519,13793.220501809556,10.004068391592886,49.27681674401758,2388.191617441252,2.707619688832927
2024-01-03,4.886763980497728,4.786708952360461,4.968025482237673,2.388770733550237,2.3979382188102236,5.25,125.13061153647332,4126.676710310965,13849.391559851318,9.675427312111463,50.3547718012284,2373.5913417805878,2.547213927997087
2024-01-04,4.8384209954568975,4.7066349533800285,4.858549887720972,2.3578954434104107,2.348739509969618,5.25,124.5216286820574,4155.923340659892,13999.110131184932,8.714689496149516,50.042914001056175,2395.2947556954173,2.4692635782428587
2024-01-05,4.746659728291842,4.622396680668434,4.790696903593326,2.2455782771316297,2.3768184035368045,5.25,123.86382783490458,4273.120474631961,14551.596859888843,8.5,49.852794468188165,2402.553324490177,2.332141951685647
2024-01-08,4.731341624433452,4.590142116287176,4.759157678032939,2.23773431404028,2.352407802246895,5.25,123.78221580280554,4223.222074188132,14389.796393137733,8.705720084462081,48.22028178240686,2401.344149602101,2.468913081888974
2024-01-09,4.773921862801138,4.641161997008813,4.795685550341505,2.2807346700023157,2.360427327006497,5.25,123.67239147773161,4217.398543598688,14392.527307511953,8.5,49.21771492058763,2406.0047926980137,2.4232144103050017
2024-01-10,4.774997384118223,4.615126711418375,4.768785205251344,2.2648592783054795,2.350267433112895,5.25,124.09490299812452,4221.707972275126,14311.27087821888,8.5,46.74178972630923,2405.605237545944,2.4214654957514887
2024-01-11,4.796770274234574,4.625810487663981,4.791795916941501,2.2639287354978612,2.3618817521661195,5.25,123.85358217083447,4251.037102945055,14506.169473702654,8.5,46.66155848340233,2402.7139391926335,2.4500021419389473
2024-01-12,4.763044555101716,4.6112935005586175,4.80552562805973,2.2161311312354175,2.3951623693232,5.25,124.21581338934509,4275.5270224469805,14606.888861841184,8.5,46.80071088223419,2400.1856224920234,2.4250192600573444
2024-01-16,4.726878283947954,4.613430925316594,4.803680311819684,2.223872794304947,2.3895581310116465,5.25,124.87647296824365,4299.477907869632,14716.597257380205,9.396948049169554,47.149923185540636,2402.31124150621,2.3377197235336338
2024-01-17,4.68884892741165,4.576231322521556,4.747558231857646,2.204714469055725,2.3715168534658315,5.25,124.26766190218683,4333.142200721886,14835.343832894903,9.555369178396854,47.63206812745025,2411.828649856794,2.286309385509294
2024-01-18,4.624188376110642,4.447177288707559,4.641654725444928,2.1211451208824377,2.326032167825122,5.25,124.89026412582979,4385.336563115818,15067.845385247267,10.153099530777633,45.470847348769055,2382.9568443006647,2.2
2024-01-19,4.630406345933649,4.399819436687952,4.5753274261751065,2.125120402695492,2.2746990339924604,5.25,125.09687871448907,4386.509948893291,15094.189946968498,10.718795291317422,43.80291114386828,2367.318828550521,2.2113344752598887
2024-01-22,4.527261445710236,4.2776833209395475,4.488503020259671,1.952692257288432,2.3249910636511153,5.25,124.87719173775805,4424.072251983885,15388.112076885142,11.37082390017627,45.4624579303586,2403.6104751947832,2.2
2024-01-23,4.5342145657325394,4.266807593888176,4.458865155052926,1.9465046996095525,2.3203028942786235,5.25,125.13193815395367,4411.756613977678,15371.874529950015,10.683185558791624,46.35329049194676,2410.048631464644,2.2
2024-01-24,4.487343888061682,4.250305800616037,4.455103068067006,1.904608626824064,2.3456971737919723,5.25,125.1337168121967,4378.454031323769,15253.000428606098,11.561586811625473,46.68684991714712,2424.2562726579413,2.2118000976964876
2024-01-25,4.468104328409209,4.2283004056444335,4.43280951045313,1.8998815048962903,2.3284189007481433,5.25,124.90576427270038,4433.84118771459,15451.998736037416,11.23902469798903,46.80845778994121,2431.2790813733777,2.2
2024-01-26,4.448804213569115,4.18791809964886,4.375353194183443,1.8800759718271776,2.3078421278216816,5.25,125.7467967599044,4485.796806260379,15484.95544451884,10.932823621090897,46.93719200127892,2386.4246720022693,2.2
2024-01-29,4.416508071264034,4.180045780910236,4.387853349832627,1.8450064055522604,2.3350393753579755,5.25,125.63208070518576,4566.232052432458,15835.674478331086,9.650394670981443,47.93479311298514,2396.6035385137293,2.2
2024-01-30,4.526094746216768,4.286445657129496,4.4899763240587065,1.9148939056343082,2.3715517514951876,5.25,126.18644024191467,4473.593389238451,15401.716201154131,10.442781300378574,47.186037554959,2367.685176317328,2.2
2024-01-31,4.54344244863647,4.335737826654343,4.5268629114252175,1.9306720980022134,2.40506572865213,5.25,125.91259858185408,4522.055444143077,15634.040493162658,9.416907033925908,48.58793601296099,2370.981451996366,2.2
2024-02-01,4.543743838445876,4.3020321020286705,4.483542129019331,1.9177537310784083,2.384278370950262,5.25,126.19190562506219,4546.102085296142,15705.688261901332,9.081140175702442,48.441186714831446,2358.747619593053,2.2
2024-02-02,4.570383627872974,4.3914520025369255,4.582925115585973,1.9487015114808635,2.442750491056062,5.25,126.76414277120969,4518.168775741175,15569.888957838048,9.623550402350288,46.80169008571463,2351.211331770174,2.2
2024-02-05,4.582108344012162,4.441522875017938,4.626424857197706,2.007270196045328,2.4342526789726104,5.25,126.68144468780758,4495.357298394414,15573.214763421498,9.697045105884516,47.19658697658508,2387.5520975096974,2.2
2024-02-06,4.6390130781151635,4.543809765821912,4.688893099906202,2.1000915209754925,2.44371824484642,5.25,127.29626313355992,4461.851473557381,15465.081334149,9.986833699865644,46.04070903607602,2362.7161429310663,2.2
2024-02-07,4.624156155273998,4.591177721269421,4.728812165371726,2.14338360771653,2.447794113552891,5.25,127.22243506535462,4444.160025208387,15498.93009343315,11.000292570458843,47.48861799664217,2369.3668801554427,2.2
2024-02-08,4.582986740944976,4.553223422871054,4.711875317455161,2.0881842491742213,2.4650391736968325,5.25,127.02771645738099,4471.047119030723,15629.847356922068,9.605753380965766,46.22013553418069,2397.7693879741523,2.2
2024-02-09,4.64312637910051,4.6847978025043115,4.82455507482359,2.150535878830472,2.53426192367384,5.25,126.81425146879046,4514.5526153996525,15759.827371535834,8.672480060340169,46.7047059942454,2387.914875797804,2.2
2024-02-12,4.620872298676505,4.711029093958985,4.836021225318587,2.147208623080705,2.5638204708782806,5.25,127.00743240277363,4549.882532831904,15908.069913308515,8.5,47.429261434204,2378.2645132617713,2.2
2024-02-13,4.645657333787386,4.739724152246751,4.866222227754669,2.163039787376171,2.57668436487058,5.25,126.93438666092422,4496.959248464213,15697.11229221805,9.396314517681665,47.378444325426955,2391.4894057702636,2.2
2024-02-14,4.604172496512192,4.677440599774293,4.83514384354839,2.1437485098058358,2.533692089968458,5.25,126.605562876696,4473.558707000103,15620.638897651083,10.216717447770423,45.52370084446615,2423.9668778763394,2.2
2024-02-15,4.645569235574839,4.728230868372815,4.880285641677092,2.2066402294229266,2.5215906389498883,5.25,126.4182050064688,4468.666536573928,15503.813082008399,10.027089906743978,45.570650182426434,2422.64594540197,2.2
2024-02-16,4.602419395281585,4.727852667936419,4.902710355751318,2.174743874661005,2.5531087932754137,5.25,126.78497409107673,4509.308908826998,15668.59482078125,8.940228068025837,45.62738128022053,2430.948425273029,2.2
2024-02-20,4.610402885099102,4.68123818015756,4.8451270683535155,2.1683927021117357,2.512845478045825,5.25,127.0411035406629,4544.242589822353,15869.477648280139,9.072070316390366,45.02811850653329,2414.231665252222,2.2
2024-02-21,4.602236681752326,4.690276386537232,4.865664505337038,2.1711777615929524,2.51909862494428,5.25,126.6426850198034,4597.022843872795,16110.478865591353,8.5,44.59902755116384,2418.9944623873184,2.2
2024-02-22,4.6357719288529085,4.737503583939855,4.914229721815314,2.168423909131449,2.5690796748084055,5.25,126.82695461506802,4575.925950351676,16033.964050992881,8.690650473605052,44.58202625295644,2413.752354160362,2.2
2024-02-23,4.672574056919767,4.745700923572587,4.926810660075316,2.188590526920143,2.557110396652444,5.25,126.58911817725723,4539.316245079415,15828.05849036426,8.958202267119862,45.139897596295235,2414.4237630560337,2.2
2024-02-26,4.670843151146694,4.737734852864704,4.9181659279107075,2.1605758365864753,2.5771590162782285,5.25,126.89044967325268,4541.378670704824,15863.12308891214,9.654705279604206,44.6063421641079,2393.81843566078,2.2
2024-02-27,4.676152354623202,4.772664444071415,4.943162837168175,2.1671638938389433,2.6055005502324717,5.25,127.29714626882274,4533.861828660018,15820.80620472593,9.6171651623906,44.69065875639031,2408.7685346787334,2.2
2024-02-28,4.655951818219505,4.790574841239033,4.961903703498235,2.154479153986548,2.6360956872524857,5.25,127.46229848709964,4558.463712043624,15928.407951820787,9.364168864979282,44.63985983867646,2411.8090429400295,2.2
2024-02-29,4.670204011031469,4.7727662710179946,4.953905937645441,2.1669660824413373,2.6058001885766577,5.25,127.51406542318323,4540.992489829435,15884.87783594319,10.207068462916382,44.134864278997334,2448.3543232849966,2.2
2024-03-01,4.675679197575307,4.711090414409167,4.894156949756227,2.145483363367081,2.565607051042086,5.25,127.00830081795641,4514.372575510575,15779.831468492523,11.411293752522234,42.89160111718421,2468.8273509084906,2.2
2024-03-04,4.638751629515396,4.615474610839033,4.793879502917509,2.0687032565586327,2.546771354280401,5.25,127.04738450942938,4542.965790140888,15792.613863616256,11.449027657271968,41.98578244292244,2455.714612012906,2.2
2024-03-05,4.598189134491264,4.55060027193411,4.730405086592692,2.0054439009950693,2.545156370939041,5.25,126.32838281168127,4595.410699916296,15868.564520112557,11.089991490071775,43.382257302877505,2470.5808488587645,2.2
2024-03-06,4.612152291011302,4.603593976566908,4.79757201953237,1.9967283636533446,2.606865612913564,5.25,126.26839950945822,4640.388603110458,16060.429730052429,10.440488738800644,44.17379254957122,2482.3314195571866,2.2
2024-03-07,4.621274830606349,4.616055433137517,4.792677217825805,1.9874344055060664,2.628621027631451,5.25,126.18373303621105,4624.186136499081,16087.67925174886,10.10543274938365,44.80425395396693,2496.041538485826,2.2
2024-03-08,4.647300020773219,4.701354415232615,4.904151423038531,2.0148708551106553,2.686483560121959,5.25,126.50501003044886,4573.907673563594,15808.613146411612,11.520897733479735,44.63189345149353,2515.4468152887184,2.2
2024-03-11,4.666432234600369,4.706709732084377,4.890875866537382,2.0488633978275015,2.6578463342568757,5.25,126.56394475257194,4611.337381885475,15910.656574471499,10.756134762886727,44.61678658344959,2502.831627943475,2.2
2024-03-12,4.663389230046099,4.666571561399872,4.855505692077909,2.0239860819414743,2.642585479458398,5.25,126.23137774049093,4629.385061648123,15993.158572154665,10.830469761730145,43.926783040243095,2495.0459025951623,2.2
2024-03-13,4.637333286374674,4.668952757028901,4.856774322081553,2.0376626211882822,2.631290135840619,5.25,126.41254226961169,4647.174792185934,16024.455563716185,10.070050605534224,44.261576479132884,2549.8635238835564,2.2
2024-03-14,4.703589666705914,4.707546945648548,4.8855087745371595,2.048204427870698,2.6593425177778496,5.25,127.17109304832213,4593.519496382127,15878.744977515284,11.467863719182994,43.673793488652855,2560.8301523274113,2.247431609094728
2024-03-15,4.674393907873223,4.679861209217293,4.830816193237918,2.057557672203864,2.622303537013429,5.25,126.58094371062472,4560.927139143385,15805.7259992733,12.254140973556753,42.95073441926162,2576.3642392600264,2.321460400197103
2024-03-18,4.651540365107445,4.690643062693284,4.843988555889858,2.0281908756638907,2.6624521870293933,5.25,125.7515924244223,4643.387104975023,16216.156965220494,11.130213378947172,43.39721930791655,2599.5325600333763,2.2
2024-03-19,4.625534284623752,4.705517343190833,4.871240557910416,2.021142856039647,2.684374487151186,5.25,125.64519981613881,4724.640110135166,16601.81444473117,10.305143532019944,44.211055167267894,2600.3336967344853,2.2
2024-03-20,4.546090799845556,4.652485388674669,4.867585722177903,1.9323471796402485,2.7201382090344204,5.25,125.71185533638948,4781.922839276341,16837.625343525397,10.241813752632881,45.826731809224015,2650.664518866878,2.2
2024-03-21,4.54460735606488,4.669820403494869,4.868319002094942,1.9611627139444057,2.708657689550464,5.25,125.75662616416332,4775.31734834931,16869.446720449003,10.825071521044112,45.20291567926277,2668.940545337239,2.2
2024-03-22,4.509737804327996,4.704325374809456,4.881368984616596,1.9569669706763149,2.7473584041331414,5.25,125.45097750403545,4836.709327564915,17077.785728039857,10.503526848558659,45.830475701074064,2652.2055902791612,2.2
2024-03-25,4.526546938653708,4.777470829786405,4.936553060216736,2.0091657593119594,2.7683050704744456,5.25,125.03701699929147,4885.8886345485125,17286.788216018278,9.887292600830087,47.39629085908813,2680.467248453563,2.2
2024-03-26,4.540100932017044,4.7550424226253245,4.9074804438644515,2.0130085805857156,2.7420338420396084,5.25,125.22715466957199,4917.3059706481,17536.777541786374,10.134131601047551,46.12473005182944,2655.9032554245164,2.2
2024-03-27,4.510137686043948,4.675424361750764,4.832093246522092,1.9789829846657025,2.6964413770850615,5.25,125.23939828170344,4862.313396042541,17138.69765540313,10.736122369700826,45.161443616981394,2695.0967677340122,2.2
2024-03-28,4.549011549830748,4.705753338965205,4.850935926154639,2.001692182204223,2.704061156760982,5.25,125.39210709326167,4796.927502493434,16899.81198663082,11.483659997142924,45.30841512854917,2679.001016142288,2.2
2024-04-01,4.5665592313752335,4.691631397525474,4.827784117365677,2.009234421347423,2.682396976178051,5.25,124.83461550617457,4798.655731353607,16813.88170199653,12.394341859460244,46.68899301297306,2698.627315165024,2.2
2024-04-02,4.600007980268345,4.770178344506432,4.918755890452254,2.024017173020172,2.7461611714862593,5.25,124.86253408806026,4772.688181475167,16762.89937486096,11.811938561435035,46.98122229695871,2711.0104271653095,2.2
2024-04-03,4.64035584775786,4.783668506396797,4.895388892977051,2.02949796475724,2.7541705416395574,5.25,124.75854049188756,4790.283275459988,16769.205542247117,10.656598616247408,47.787110293130304,2687.2278655111786,2.2
2024-04-04,4.576056953148164,4.769707838116391,4.927262590670692,1.9760272224989994,2.7936806156173914,5.25,124.72223116278668,4806.268637201651,16717.841012200075,10.97591998705485,47.82286594629218,2696.2148457870185,2.2
2024-04-05,4.578197001268291,4.78561121538678,4.947249646430039,1.9831396387086062,2.802471576678174,5.25,124.68887989142236,4792.443195198457,16685.44592145916,10.934798494739322,47.27526387086447,2718.501740450527,2.2
2024-04-08,4.595803314797743,4.815880091406438,4.973828404540312,2.0115224629148383,2.804357628491599,5.25,124.68709745688045,4770.224220825762,16637.54786227563,11.556412348170484,47.12345118377529,2740.755654233392,2.2
2024-04-09,4.598159788459659,4.831522509545257,4.986107633128079,2.022257850162133,2.8092646593831248,5.25,123.77494359635288,4769.230521649347,16778.670255047586,12.074400520757358,48.125039900859825,2749.4003512326235,2.2
2024-04-10,4.514191392450171,4.716271089766769,4.885750222743693,1.9617145694621665,2.754556520304602,5.25,124.04363305143008,4772.299115703983,16715.288095257816,13.046418977350754,46.67564168181114,2743.1915254425458,2.2
2024-04-11,4.490446098870009,4.686898381961264,4.860737101589478,1.923906412039337,2.7629919699219263,5.25,124.00945186258605,4791.763890271101,16809.400996578857,13.58570187420809,47.03395698197997,2744.1755492570123,2.2
2024-04-12,4.530659690907453,4.7380323618927855,4.9015512732543,1.9758590216297534,2.762173340263032,5.25,123.82498268830558,4754.38189849422,16662.147113581916,14.769046231805975,45.38682150697833,2766.5265659960746,2.2
2024-04-15,4.526697040011688,4.725591471808505,4.891935212096566,1.965715902595654,2.7598755692128507,5.25,124.24216285059683,4828.219906452368,16973.933309734697,12.978572493191013,44.900226632485584,2762.5342796914847,2.2
2024-04-16,4.513414496851723,4.703424594407695,4.866521754890033,1.9788421225327648,2.7245824718749296,5.25,124.15427290609338,4831.142126118549,17008.357617049616,13.198647265599737,46.111504868261406,2763.2844497954666,2.2
2024-04-17,4.600519110325998,4.802855003350317,4.967396896211565,2.0512759145705637,2.7515790887797524,5.25,124.25950618512697,4835.696294091209,16998.382931830594,13.524915925082402,45.726188278020444,2746.825141881727,2.2
2024-04-18,4.571280727594164,4.73864667257927,4.905105364474907,2.031278199133183,2.707368473446087,5.25,124.06764671004701,4848.475463936066,17063.640882163356,13.167510209882476,44.38627592157398,2739.1695567927663,2.2
2024-04-19,4.590887256736828,4.727273835424149,4.8856231553438265,2.067761193906067,2.6595126415180816,5.25,124.76226337311124,4820.972077632157,16890.509151436952,13.019020554582621,43.287887824297044,2713.412635595135,2.2
2024-04-22,4.595050344781426,4.673072072471181,4.841006191360519,2.031516983962376,2.6415550885088055,5.25,124.66209686063502,4831.872338131073,17009.61206119855,13.141284581437127,42.7067349283949,2733.5020552428787,2.2
2024-04-23,4.5799839423549535,4.647796883932538,4.784684783189899,2.020415749923571,2.6273811340089672,5.25,124.45347605556275,4888.294853847206,17285.442101822133,13.067541366758709,44.2592923690661,2696.589314613337,2.2
2024-04-24,4.587514436695893,4.655488102766748,4.812438861501949,1.990421087401185,2.6650670153655636,5.25,124.10921233674941,4949.550908085388,17512.34473030516,11.71361391287429,44.35771700830256,2741.158826244629,2.2
2024-04-25,4.6065866620231715,4.72965392874424,4.884535784860063,2.0311496249140144,2.6985043038302257,5.25,124.38950132236988,4979.72953142878,17723.985168461546,11.893463074126938,45.47053677428862,2725.8541381345726,2.2
2024-04-26,4.494240252024737,4.693195308487024,4.88317566554812,1.9447816006083265,2.7484137078786968,5.25,123.94900264671057,5049.644961339989,18081.869690121403,11.542021319144421,47.10861171529915,2745.7921979058788,2.2
2024-04-29,4.532690085844213,4.737015995193534,4.930483436747249,1.979418564296069,2.757597430897465,5.25,124.00535421236344,5021.755101414513,17999.229740296247,11.618075173689064,48.25207055247755,2725.5197986562653,2.2
2024-04-30,4.571019754191757,4.7798133543467625,4.960179825776073,1.9900500321209296,2.7897633222258325,5.25,124.3751201820582,5015.197643058717,17946.130847044296,11.505171988890796,47.52558787646932,2733.1239559338396,2.2
2024-05-01,4.588718573167978,4.85862071132561,5.0565991396760746,2.0297410887196374,2.8288796226059727,5.25,124.16644518864045,5015.557526831035,17993.76145654428,12.722955002080921,47.975599024436924,2731.9995917858023,2.2
2024-05-02,4.584960816646238,4.854866444229209,5.058214288259566,2.035164550929901,2.819701893299309,5.25,124.28670865390035,5013.025442049418,17882.45976021491,12.185121124459378,46.933867978947376,2718.601827854533,2.2
2024-05-03,4.639155832277933,4.88212252597803,5.062709963891158,2.046312126624068,2.835810399353962,5.25,124.93029172608448,4986.980058850688,17767.350673743786,12.696504016008134,47.31910117262326,2681.0887354681254,2.2
2024-05-06,4.576724877264071,4.808134086467474,5.004723712608691,1.9938938562236819,2.814240230243792,5.25,125.34681032909702,5018.102647828816,17877.50803944959,12.190678189127123,48.55105027260309,2700.5266107922253,2.2
2024-05-07,4.57536306788091,4.849293700064651,5.044332960750032,2.0255103749929995,2.823783325071652,5.25,125.1667916138052,5032.002863118676,17883.683607993647,12.130350769554546,50.41159280727488,2711.9898595537597,2.2
2024-05-08,4.590843288041891,4.860651940392595,5.040319293912743,2.04449590849912,2.8161560318934744,5.25,125.58942044910798,4986.737411878785,17700.84869021542,12.79881225864653,50.25871092625606,2699.2490534823064,2.2
2024-05-09,4.557271763385356,4.792997600592036,4.991417743760897,1.9694599466956282,2.8235376538964085,5.25,124.9369532553745,5058.499274933137,17912.03665366682,12.558745152435433,50.97195127736607,2707.7603738784364,2.2
2024-05-10,4.582885459757611,4.8316138495026415,5.030723550049157,1.9981772483870346,2.833436601115607,5.25,125.19353340854478,5035.029331840875,17792.304456973467,12.347924222414052,50.74688839929049,2690.950822329053,2.2
2024-05-13,4.531801185879263,4.790270391524517,4.986444281243315,1.9469130659809348,2.843357325543583,5.25,124.92800306776977,5122.891811207764,18093.246009745377,11.76662042808469,51.104524795132505,2708.910304979518,2.2
2024-05-14,4.476836696175437,4.7282870986110215,4.925203003222626,1.90467220777064,2.823614890840382,5.25,124.51127521154761,5154.792248076027,18194.324505640263,12.808107725898513,51.62258387325978,2738.1578357640205,2.2
2024-05-15,4.533139841769401,4.73125614825117,4.905837810179678,1.957769263692867,2.773486884558303,5.25,124.75785814237521,5089.22938033584,17932.66264337613,13.1350607452879,51.0607288432547,2693.070761304054,2.2
2024-05-16,4.5776722432025645,4.753893957576012,4.933038174466211,1.9512499961325838,2.802643961443428,5.25,125.11055571272134,5076.787555664982,17907.663482936343,13.874623957745891,51.17219368090081,2708.0738336246914,2.2
2024-05-17,4.560152819212386,4.725335646924901,4.911121531055927,1.9274052134691888,2.7979304334557114,5.25,125.78141277617563,5086.898751781685,18011.071889413055,13.733235840609124,51.146733929905345,2718.552560030285,2.2
2024-05-20,4.544999006040713,4.702389489202244,4.927623662858084,1.8815624356632137,2.8208270535390305,5.25,125.84555712204343,5089.040421634462,18008.734402424132,13.806699491887224,51.10889180625993,2728.0363810163817,2.2
2024-05-21,4.501752727269384,4.680935072184259,4.887317495325653,1.882608809096817,2.7983262630874424,5.25,125.80946596105657,5119.055456967717,18074.145454014033,13.785497054366871,51.83148382400786,2728.6411052872004,2.2
2024-05-22,4.458313020099691,4.6320291929373045,4.8330569941226385,1.85332087663706,2.778708316300244,5.25,125.50922221763496,5137.70456451369,18194.310200766988,14.123229230135719,52.55728113365587,2743.4332554146026,2.2
2024-05-23,4.458669257912959,4.690468977282985,4.875516605693307,1.885334539726024,2.805134437556961,5.25,125.3822647097084,5193.68643807423,18407.895710743906,12.930911344815376,53.39810613191631,2744.2187698407406,2.2
2024-05-24,4.462652888780277,4.670885742892708,4.8518732834167455,1.890748768085357,2.7801369748073514,5.25,125.75990166809184,5191.611825815216,18333.14907552453,12.961003649115554,52.30195462778315,2717.565074743442,2.2
2024-05-28,4.44495430488548,4.665595518193269,4.839825281854441,1.8899745468816394,2.7756209713116298,5.25,125.66566507985091,5230.892826942165,18533.359784622004,12.870850831301183,52.00131972831307,2752.231638999758,2.2
2024-05-29,4.415729608567269,4.62881518176163,4.795736454213602,1.8959308884398223,2.7328842933218076,5.25,126.37682704599368,5215.659604420378,18458.981388638484,14.403021599472396,51.49312984686152,2744.8249865704106,2.2
2024-05-30,4.463109659563842,4.631063130462097,4.779190972936659,1.9404314328514896,2.6906316976106077,5.25,126.90747475114495,5152.973702119947,18225.74242631252,15.584555219978638,50.31112604413821,2716.700544765589,2.2
2024-05-31,4.472361221668807,4.5782975430329405,4.742982591300186,1.9211426252268633,2.6571549178060776,5.25,127.01309023113552,5151.021361248357,18211.598830649527,17.03967333562189,47.82622289231822,2724.6823775450557,2.2
2024-06-03,4.4262254655521955,4.529940380561827,4.696284111687601,1.9014640522373791,2.6284763283244477,5.25,126.67678461058787,5164.979662512176,18369.053248093718,17.295291597467106,46.89400068396718,2719.8485684100638,2.2
2024-06-04,4.3367529518411185,4.448717197265833,4.6668001585256595,1.7823815072555789,2.6663356900102544,5.25,126.2872159863018,5248.927507105572,18671.223672819313,16.773254188462378,48.087461120189204,2767.215909541493,2.2
2024-06-05,4.341905861109824,4.44186915507563,4.672815206356963,1.7651941795883768,2.6766749754872534,5.25,125.97328435168933,5213.8484673845405,18621.095215602672,17.892178423174975,49.09762030617259,2795.8003145804005,2.2
2024-06-06,4.302106329813326,4.457681139580393,4.717857880885475,1.7190612482796155,2.7386198913007775,5.25,125.26015766334362,5319.549607395885,19118.488237760597,16.33990753017826,49.176254994638114,2836.435534831295,2.2
2024-06-07,4.3150500487029815,4.506685419185585,4.764756593718955,1.7807009309818418,2.7259844882037436,5.25,125.31161417589071,5346.054392677475,19223.273426433083,16.344472857360163,48.65937797126457,2814.985279801477,2.2
2024-06-10,4.2761142058926245,4.426359184414136,4.716038745572713,1.6985873340097652,2.727771850404371,5.25,125.0781045982492,5426.639221395586,19648.21645799934,15.890899528841487,48.07731152235043,2840.4096428578055,2.2
2024-06-11,4.297776489350751,4.465787487676787,4.770025465599892,1.7473602953722298,2.7184271923045564,5.25,124.99751327412439,5421.95826807489,19662.79157522592,15.916506164592388,47.712247913350886,2855.236269740588,2.2
2024-06-12,4.274289817004269,4.485558166955139,4.774890361387322,1.7257847517997331,2.7597734151554056,5.25,124.35977625955236,5443.006954068092,19707.242471105263,15.789533034092411,48.13856585676745,2869.7339906864054,2.2
2024-06-13,4.3401702417551675,4.644297277283164,4.922645819934425,1.754073764006293,2.8902235132768714,5.25,123.88131502904938,5461.763214490556,19765.212470237097,14.747375173820197,50.69743881503745,2868.4950183543842,2.2
2024-06-14,4.345188177981382,4.703020328499208,4.95692743471682,1.7774965007588257,2.925523827740382,5.25,124.49322632665422,5423.808259201994,19591.82343192901,16.699438278245015,51.94915689958926,2849.345725751142,2.2
2024-06-17,4.302823382373435,4.676104175982148,4.936495663380498,1.748340108051825,2.9277640679303225,5.25,124.88479403179556,5512.622828733974,20046.74807823612,15.75251539881973,51.964028408699335,2859.1883088269997,2.2
2024-06-18,4.2905236384367536,4.685442045222566,4.973510841039767,1.747687141559812,2.9377549036627544,5.25,125.50168662025689,5492.1292962414045,19907.405504679537,17.135588040566496,49.938997361440585,2850.551908923794,2.2
2024-06-20,4.3075285388377695,4.771170270029087,5.063239275910986,1.7802237591921295,2.990946510836957,5.25,125.93225041873194,5512.223536977973,19993.47594279467,16.450704577905103,51.0963611513444,2859.8219831721617,2.2
2024-06-21,4.264215335456003,4.756078870009583,5.056342564786988,1.7336866535369562,3.0223922164726265,5.25,125.51289201784446,5567.033813208767,20286.749212116287,16.541948063144385,52.82422590603439,2893.4320702084833,2.2
2024-06-24,4.267586293094334,4.791180587965011,5.082871535685796,1.7522889461855877,3.038891641779423,5.25,125.56013394986022,5589.41030590827,20287.115550519786,15.673361985105467,54.08103260977712,2891.3233559620653,2.2
2024-06-25,4.237864166111668,4.755021879804283,5.073871947924856,1.7235507739574538,3.0314711058468293,5.25,125.0406810738054,5533.528446434383,20063.012667766783,17.714147925303333,54.966419520582384,2911.9793187509144,2.2
2024-06-26,4.181192197151134,4.79432365621556,5.122457005749932,1.7308944296394428,3.0634292265761167,5.25,124.79625174906964,5535.464204585127,19943.08252224545,17.50201580791847,56.93682039119713,2894.764497824489,2.2
2024-06-27,4.129902521485847,4.7465657427795085,5.076754944936843,1.737720687177875,3.0088450556016335,5.25,125.05250018096493,5560.435978821327,20066.32318990383,17.15307873638275,56.42215476310601,2883.1341652663536,2.2
2024-06-28,4.105654790291256,4.7339604654220615,5.077372712635928,1.7079462259575615,3.0260142394645,5.25,124.74708678468603,5700.014622185868,20628.326796075733,13.622043846313156,57.2143296411571,2879.7417877235366,2.2
2024-07-01,4.093261144322223,4.749827977734042,5.088404688863654,1.7299481085726756,3.0198798691613664,5.25,124.80743337331523,5734.706035055857,20797.552352850624,14.682274812127835,56.003797320206445,2888.5500606181895,2.2
2024-07-02,4.133635658213541,4.792997122516162,5.11397625814243,1.748027775164097,3.044969347352066,5.25,125.14106729814311,5691.321209403047,20605.06780087252,15.496662420022,56.40270421016716,2895.4991383886145,2.2
2024-07-03,4.163157598869547,4.796734301110636,5.125770614138076,1.7299552995340908,3.0667790015765455,5.25,124.91024798748293,5740.072046548032,20743.510179736168,14.803687267879933,56.57240694590012,2914.5423574262936,2.2
2024-07-05,4.161924118785134,4.825649120491155,5.149895435113415,1.8040475920792836,3.021601528411871,5.25,125.20282364782325,5693.298796968803,20492.281184855645,14.960840269458778,56.28513213221553,2918.21293598447,2.2
2024-07-08,4.138420320531093,4.788239008568535,5.128632945598131,1.794097544316514,2.9941414642520208,5.25,124.21494094434517,5735.017219949287,20737.032310630602,15.784547476464848,56.67360308228628,2972.989540376555,2.2
2024-07-09,4.120146684718106,4.7624935248690115,5.106550729636758,1.801569402433362,2.96092412243565,5.25,124.44219157510456,5773.135390010282,20763.108917996615,15.489764396674833,55.19951487140649,2995.0112033961377,2.2
2024-07-10,4.1247588098359,4.771457585816224,5.1172768935221615,1.7954777637799975,2.975979822036227,5.25,123.92780798848048,5824.167170178473,20924.418564829357,14.982264087490224,57.49878584782706,3010.244865367502,2.2
2024-07-11,4.096842038962874,4.699344383935522,5.0582520079001165,1.752643934280071,2.94670044965545,5.25,123.88905565659469,5861.930303673381,21121.15970633091,14.637877553914802,56.27849655194623,3000.826743846845,2.2
2024-07-12,4.0789004320900295,4.6777052923773645,5.053749053482316,1.7451559818136295,2.932549310563735,5.25,123.9892023020289,5833.911343500016,21030.698733275338,15.730119799240184,57.61757041406866,2994.6142606857607,2.2
2024-07-15,4.043923409587437,4.645061087980283,5.015922716267391,1.729240362105132,2.9158207258751503,5.25,124.13705741836499,5832.863880550064,20998.36990051196,18.118755745876143,56.905477504068294,3006.4486033964477,2.2
2024-07-16,4.057829050713412,4.643607307343645,5.006605680976273,1.747277406306436,2.896329901037209,5.25,124.53672417834841,5803.010757256346,20837.17280101832,20.759678983284577,57.46731125421938,2955.9454160917885,2.2
2024-07-17,4.139154664121622,4.7209797206608926,5.052997042157914,1.8411702208025442,2.879809499858348,5.25,124.6359701310513,5671.874817488978,20496.979908825735,24.171384421443154,58.897141817635486,2962.60352012372,2.2
2024-07-18,4.113137368195928,4.704472730776198,5.031383010237426,1.846514765896044,2.8579579648801543,5.25,124.32532732354522,5705.800779987857,20561.502129584143,23.228056648191536,58.12557797793137,2998.8033967792176,2.2
2024-07-19,4.080030617844814,4.638309629813957,4.958926970862155,1.8369578527021242,2.801351777111833,5.25,124.87904950471838,5712.372485151473,20557.40407595005,21.35238576321881,56.3153666175398,2987.324376597883,2.241402815146918
2024-07-22,4.014582716187884,4.553310075133647,4.892361110008182,1.7651183999508109,2.7881916751828353,5.25,123.97784562438973,5821.127711334275,21197.370504713374,18.79134272724864,56.64030862440978,3010.3027281015893,2.2
2024-07-23,3.9592697496053852,4.462136601964074,4.778694241144426,1.6898225987895945,2.77231400317448,5.25,123.62604816415121,5941.911334225132,21639.088791506707,17.684231188406393,58.07803757654997,3021.1708820192102,2.2
2024-07-24,3.8495468081352913,4.41673599365097,4.7794883972949185,1.597109779393282,2.8196262142576876,5.25,123.38700238967752,6015.031113123099,22013.8677849833,18.230044135906844,59.66691281018078,3032.1133096599838,2.2
2024-07-25,3.8378338177301496,4.375983716652296,4.732321090266478,1.5539355548413618,2.822048161810935,5.25,123.13213002118552,6061.42432126939,22212.308857293483,18.490059770414057,60.23383337995381,3036.082334798753,2.2
2024-07-26,3.9037997430499316,4.456254033592859,4.799159935372044,1.5962876927551017,2.859966340837757,5.25,123.72468137766899,6105.279999638429,22190.82744467699,17.15990486921641,60.27916006281499,3021.1740680156076,2.2
2024-07-29,3.8845394280864083,4.477118369804096,4.808911354944708,1.611404673524902,2.865713696279194,5.25,123.86224705185572,6111.3572031519825,22288.089522064827,17.78564144459754,61.72379855273056,3041.001617829155,2.2
2024-07-30,3.8962776047665013,4.5377770589206765,4.855107406001505,1.6446704515658515,2.893106607354825,5.25,123.60877242520482,6129.468424554791,22295.41692059216,16.49113740775241,64.46809970079823,3037.96547679702,2.2
2024-07-31,3.835319544513018,4.480087398043709,4.813731462506079,1.5784644159052297,2.901622982138479,5.25,123.2871380763805,6170.237624937088,22410.023672162693,16.745398887787005,65.2308392764531,3064.386138630748,2.2
2024-08-01,3.836211968298393,4.456691565571058,4.800898091850419,1.5558991617925533,2.900792403778505,5.25,123.55660613673209,6104.72209155636,22206.16743168673,18.43654600302737,64.97381944581869,3059.42230607769,2.2
2024-08-02,3.807006735193948,4.3957815087216625,4.746826970781493,1.535213356959567,2.8605681517620956,5.25,123.5076130660783,6199.186083187292,22679.038861811212,17.65388667372831,63.67735244654734,3065.456140531985,2.2
2024-08-05,3.7757244445653835,4.372474163149249,4.741917615045129,1.5106284828803767,2.861845680268873,5.25,123.76517991291004,6247.2051748469785,22894.553053000436,17.305954869896937,64.22747446312611,3064.4832509675757,2.2
2024-08-06,3.7885223337446035,4.329822831271502,4.674557137635384,1.5374463382820862,2.7923764929894164,5.25,123.23077362115244,6132.215186464701,22453.733334811375,19.60112618591428,61.79426942362121,3042.2056291906847,2.2
2024-08-07,3.7790089674299883,4.266628491054625,4.596030313998233,1.5194599793215948,2.7471685117330304,5.25,122.57165865126713,6124.069742714368,22381.78760147288,18.102789014432222,63.54474253436649,3050.61618141591,2.2
2024-08-08,3.768309123448436,4.243217455471653,4.5803850563896065,1.5302015030109275,2.713015952460726,5.25,122.71817386120263,6101.9492522483215,22320.759749896584,17.468348930840268,60.917954508932525,3020.5997129786288,2.2
2024-08-09,3.810717212151979,4.33323694921667,4.67037881181889,1.6040547620467829,2.729182187169887,5.25,122.8447634962037,6122.232220403572,22416.83845823074,17.018276495957195,60.85318858848734,3019.939131400747,2.2
2024-08-12,3.793443519093676,4.310608812248446,4.6726541826153545,1.57104177730628,2.7395670349421657,5.25,123.13766223697401,6135.253635628618,22461.184716964908,16.952652652310253,59.92187534855376,3005.7483542034242,2.2
2024-08-13,3.8688095960410425,4.400864113640383,4.7399036241254775,1.6482578252081774,2.752606288432206,5.25,123.7947436861739,6059.641449923896,22211.66988248799,18.258930632869323,59.917775095434514,2964.8125057758707,2.2
2024-08-14,3.8941297358156834,4.38033848463072,4.718015391337018,1.6457645839813115,2.7345739006494085,5.25,124.35425164084805,6056.277466084714,22125.104041288698,18.810660291030924,58.41327653489937,2953.1587148307517,2.2568790523623616
2024-08-15,3.825811188550718,4.219504415128405,4.586408528488074,1.5543633044245322,2.665141110703873,5.25,123.90250590333636,6046.816475120886,22190.550909641035,20.82314165477162,55.631503298384466,3017.671096985723,2.3281317787697473
2024-08-16,3.7446455299371455,4.164762537208167,4.562067627338743,1.4942813765337692,2.6704811606743983,5.25,123.780753137382,6059.979260966033,22307.678543161823,20.912923328323984,54.29287647651987,3061.8922237415873,2.3044516635431984
2024-08-19,3.715607765826876,4.12405566551393,4.535242630642122,1.4638964302148905,2.66015923529904,5.25,123.15492933514824,6066.900600373568,22445.44219011287,22.220229728594614,53.50839531630321,3078.011170124482,2.3434549053824885
2024-08-20,3.7182155188135186,4.092919646349601,4.52413959847292,1.4399692375493676,2.6529504088002334,5.25,122.57503050385861,6138.500420321645,22565.552503769897,21.071430781614637,53.38052960769111,3125.0081079982765,2.2054869501509695
2024-08-21,3.7659153052844534,4.138688095676152,4.556281488185194,1.471415750608217,2.6672723450679343,5.25,123.15705863546631,6102.234005410276,22491.12605076831,21.569947367638097,51.58412961876209,3130.6355316441977,2.245333061254513
2024-08-22,3.749298451936728,4.050250971441562,4.432907233342878,1.4820502317144257,2.568200739727136,5.25,123.40657931805586,6158.991827298814,22677.023141436795,19.821528590432035,50.651188545456556,3110.225006007085,2.2235843824026507
2024-08-23,3.727812532924794,4.043518768672033,4.429585443686464,1.4572131257552343,2.5863056429167988,5.25,123.26758236679885,6270.448913019588,23224.87947771826,18.16193261007408,51.27418457566036,3141.1776173882017,2.2
2024-08-26,3.802509379368818,4.063666798164512,4.399979438663657,1.5199328243123102,2.543733973852202,5.25,124.03719397986328,6228.015843303405,23079.145054373213,20.036672251721335,50.652099673516645,3102.464383969146,2.2
2024-08-27,3.7788279896623216,4.115328150314486,4.472476349915698,1.550142810378693,2.565185339935793,5.25,123.94481965386451,6171.594454616647,22831.125736079204,20.74552240938316,50.29702881638272,3107.268755054869,2.2
2024-08-28,3.763882280262941,4.086696293451095,4.467809629605575,1.519751531802389,2.566944761648706,5.25,123.68371062831724,6139.2526458496595,22642.938280305007,22.99812084398202,51.2464020147971,3136.3049223363155,2.237423568334081
2024-08-29,3.710431080848879,3.9898310475319216,4.4030764771107345,1.4704970276404166,2.519334019891505,5.25,123.53634503279604,6193.641491321034,22854.77390900857,22.39054509537314,50.03954766388899,3179.6253714447766,2.2
2024-08-30,3.7374479137637224,4.050070790947121,4.481978037727235,1.5264118490354146,2.5236589419117066,5.25,123.12915162453247,6169.274306683994,22828.266305266403,23.209021203903877,48.85367802764536,3221.075081522106,2.2
2024-09-03,3.700990335890805,3.972811494591868,4.428459792290235,1.4892238143824799,2.483587680209388,5.25,122.82395048583399,6148.737292134114,22848.646022492387,24.85667816504846,48.848148095486884,3221.6058275115624,2.3301497794377406
2024-09-04,3.7177980247490066,3.9473907742451004,4.4184545803740285,1.4451690408544118,2.5022217333906887,5.25,122.75974380766014,6154.948272548163,22790.131484617803,26.022808506966037,48.933898046639584,3249.546968327804,2.3581251168961144
2024-09-05,3.6540319116460975,3.883119021500955,4.395224631192481,1.3617042238191406,2.5214147976818144,5.25,122.64960100303223,6246.855970128863,23351.09273326727,24.921314429186648,47.14558918089363,3262.809054616578,2.3732114681524887
2024-09-06,3.6494492919998263,3.8871150676160733,4.395782855156513,1.3453249318127625,2.541790135803311,5.25,122.3853853330711,6258.431264078065,23135.035628291487,25.667000204262592,48.95582432359828,3299.6137859902633,2.3441334652388814
2024-09-09,3.628939231925764,3.8815756357788898,4.426869174586325,1.307739262193358,2.573836373585532,5.25,123.34475353366942,6115.8564738093455,22435.685830251565,29.36113637149444,48.36795848914292,3282.744137592269,2.541769259176849
2024-09-10,3.593532715864219,3.874476529398212,4.439562082229745,1.2755299875003108,2.5989465418979014,5.25,122.74652367831767,6189.355778879684,22747.421388110015,27.666263424939313,49.969278701280324,3363.5358962187106,2.454109420582837
2024-09-11,3.5968619808755196,3.9472125916646723,4.493258471153218,1.3270872422986404,2.620125349366032,5.25,123.17339643547496,6173.6285080047455,22885.624686406376,28.68480441428198,51.26578399335464,3284.076098575061,2.316197965060879
2024-09-12,3.6071040827226613,3.952179546094417,4.5071193129422245,1.3242120813735134,2.6279674647209035,5.25,123.14079541979537,6196.488841773219,22899.980641988728,28.02035950021327,50.80896046950606,3328.433766784848,2.361338249355627
2024-09-13,3.6371189093781826,4.032763858740074,4.577447615360391,1.3462000533228653,2.6865638054172085,5.25,122.89584438592665,6236.298322248753,23034.170725832264,26.776768445935463,53.82548298607012,3341.128524350347,2.41776797516839
2024-09-16,3.5825765856898952,4.053521010816473,4.609698113964923,1.3350993939577198,2.7184216168587527,5.25,122.3124289688706,6408.740001446502,23941.798693771056,24.801280235018194,55.58203915498998,3359.4098636715107,2.2272167003848917
2024-09-17,3.535219458685029,4.036672311513084,4.5699815121259615,1.3281294777702357,2.7085428337428485,5.25,122.19202056124612,6293.947947516359,23261.493836202735,27.466834181808128,55.22838639454379,3339.438853038923,2.3414566082614305
2024-09-18,3.5515481029994134,4.041543678660993,4.581369331894497,1.300535325437858,2.7410083532231355,5.25,122.21028628456483,6361.62708667104,23535.08754059077,24.752262469094337,55.80570567639672,3309.1040309343407,2.3275541308246934
2024-09-19,3.613080576994108,4.06655042745155,4.5329916501706995,1.386286841605152,2.680263585846398,5.25,121.71784764793401,6370.231876486956,23667.256731884263,23.762778798911157,56.28589219558046,3272.8546369488995,2.2
2024-09-20,3.5915917656360725,4.11691089052683,4.605428202170658,1.415562967097196,2.7013479234296334,5.25,121.61856373766044,6299.719008606395,23358.54913400134,24.228027807160753,57.339227880477104,3261.9896085012524,2.2815982307751304
2024-09-23,3.56490433941241,4.147817959746497,4.584157515157141,1.4801899674924077,2.6676279922540895,5.25,121.38486872707564,6301.671084286698,23442.839500011243,21.85483534819029,58.49382516471376,3231.0592569680557,2.23984636039734
2024-09-24,3.5453183772507137,4.146782942143124,4.590861788067116,1.4638581552706769,2.682924786872448,5.25,121.18791309942203,6338.794588100682,23608.933865464136,19.67382208948243,58.859103874606454,3261.0437051894614,2.2667670158216744
2024-09-25,3.54875530918288,4.085169390296414,4.534029849370508,1.4117103823196095,2.6734590079768052,5.25,120.66365175328036,6412.642626024105,23957.51082488843,19.116639173987796,60.11791979679875,3272.136925473339,2.2486419760103553
2024-09-26,3.584695242181995,4.103906738133277,4.503684821116349,1.4676618960674281,2.6362448420658495,5.25,121.72847995088617,6258.11794088289,23240.93962102863,21.032947181368016,61.36251003400348,3214.0761811353636,2.3445752133514577
2024-09-27,3.6794270893867655,4.202428188484894,4.62254803622329,1.505121579019108,2.6973066094657856,5.25,121.90725184234445,6166.284712152726,22905.58597369803,21.59966804580735,59.969658458771704,3237.523660670899,2.4476875585947906
2024-09-30,3.6558624432565803,4.20831195324244,4.627329876236801,1.5449346871471583,2.663377266095281,5.25,122.50026771702416,6106.786238612589,22506.22127666709,22.956946588114654,59.33269676576368,3178.9438076612337,2.4615191708421156
2024-10-01,3.6144743496010583,4.1538534587793405,4.609309123741362,1.5240690599108693,2.6297843988684715,5.25,121.86546531582638,6127.97459644784,22427.49479651208,22.484377298538192,59.07930676635197,3220.0471716961106,2.3648163996726623
2024-10-02,3.6344799478947403,4.118339439852048,4.575767924068013,1.4762141183027195,2.6421253215493286,5.25,121.52483136408824,6227.700652648431,22556.864254626704,19.96209675107703,58.46834564367058,3195.006667595905,2.323239538155731
2024-10-03,3.6079351161309803,4.055841184173989,4.530144029054369,1.412447940579941,2.6433932435940477,5.25,120.83977809231935,6265.962259873364,22646.40245679112,18.831970390527314,58.934281233834724,3261.9635287512892,2.276505208468953
2024-10-04,3.4968222329246874,3.9632869342034316,4.45018751708214,1.3202645637229247,2.643022370480507,5.25,120.7863287392872,6349.844613526545,23138.01888033455,17.70305146358204,61.1461722083914,3259.1204561885916,2.2
2024-10-07,3.4326966427026417,3.94584984898147,4.432191154106162,1.2684305641250821,2.677419284856388,5.25,120.36183181162626,6522.853344398617,23882.227809756143,16.19944289878056,62.64421163826949,3281.318838697037,2.2
2024-10-08,3.476032884984172,4.016667350728037,4.491220645528533,1.3466464657183235,2.6700208850097136,5.25,120.62665209824122,6496.505254021676,23804.90137949742,15.974992059137865,62.55472883187261,3239.416301652622,2.2
2024-10-09,3.4803082637091656,3.994174647751316,4.4652951922256285,1.3293981264569394,2.6647765212943764,5.25,120.57797004088698,6479.9087534670325,23817.76434592792,16.971737822117607,60.47579021979002,3203.9182434470295,2.2
2024-10-10,3.5435791799789946,4.082303814559381,4.561183271129997,1.3981933741235655,2.6841104404358154,5.25,120.59564843042122,6366.218271805048,23511.714517963672,17.90756365757849,61.71405588904324,3238.7913706854815,2.2580520278506007
2024-10-11,3.551789017827409,4.074638921709516,4.56071313441102,1.3741668412766064,2.700472080432909,5.25,121.06803387545574,6329.169091448523,23317.206415793175,17.372926489842722,62.46818068361653,3207.6075397844934,2.248458855796547
2024-10-14,3.538915598771159,4.0799702043807065,4.58220401610409,1.3675821580224121,2.7123880463582943,5.25,120.79543057200114,6372.151142382298,23834.72692267503,16.066359433834847,63.02711626966537,3221.436002203002,2.2
2024-10-15,3.6025962716806,4.15275387778429,4.6369530257009615,1.3972038419768782,2.7555500358074116,5.25,121.07063529766744,6441.910396118639,24158.79174213026,14.47908449217136,62.510198597556865,3212.0869136889924,2.2
2024-10-16,3.6141550538729215,4.177503844569714,4.671550157372373,1.4068422391211417,2.7706616054485727,5.25,122.00731745616804,6361.530348923203,23815.805439964108,15.407213514466825,62.86187994030454,3186.813965575714,2.2
2024-10-17,3.5497545851111574,4.144195544979574,4.645509488491457,1.360946259928029,2.7832492850515447,5.25,121.97853920727393,6425.040515734638,24152.28293751889,14.644428482739354,62.93896109687192,3202.8678882023855,2.2
2024-10-18,3.5281436923013865,4.12859051458125,4.650643983424947,1.3313117011738713,2.7972788134073783,5.25,121.27531968783688,6519.381765400355,24607.957899858713,12.659944470675853,64.52451070213792,3256.220569611499,2.2
2024-10-21,3.5677847431493173,4.193389264958652,4.713415988599107,1.3839481274193726,2.809441137539279,5.0,121.41710098520394,6492.983918126845,24603.183382829746,12.754557325691097,63.2287173236075,3261.5469038644937,2.2
2024-10-22,3.5752553788810006,4.241779336406211,4.733662867397171,1.4349377377422718,2.8068415986639392,5.0,121.63993472421696,6457.71216805187,24512.833508317955,13.596340612146031,63.9471027477828,3234.804048147096,2.2
2024-10-23,3.57006757440619,4.256426920779999,4.739455928234228,1.4167517465564785,2.8396751742235207,5.0,121.57436496356169,6543.2745390039945,24949.754225519962,11.849271475721942,65.27898794632686,3226.2547774268387,2.2
2024-10-24,3.5915615339504194,4.329741118681855,4.775722102219413,1.4849085536813196,2.8448325650005355,5.0,121.71788788643936,6544.1094118800165,25025.57571543025,12.063167719281788,64.38894252829574,3205.655226296189,2.2
2024-10-25,3.5938262869815736,4.314712529209292,4.764527111970548,1.4745711414655192,2.8401413877437727,5.0,121.89659704027272,6501.993391127505,24647.061084989255,12.156904021439106,63.62078005445691,3205.3494012186343,2.2
2024-10-28,3.563521211574746,4.312482451274563,4.746320940674607,1.4689856939302668,2.8434967573442957,5.0,122.21032043349564,6478.641673601796,24689.70293307416,13.880240785306178,63.98080912107195,3189.4223356817465,2.2
2024-10-29,3.587879417902606,4.35173763937351,4.805761871428183,1.4626940233538597,2.88904361601965,5.0,122.50333868432118,6531.474431025179,24895.08574472402,11.972216668888077,63.03860243420827,3180.0087064859954,2.2
2024-10-30,3.552549927207763,4.280863287951984,4.723704805942511,1.4379005958716076,2.842962692080377,5.0,122.53555208274949,6595.207173389771,25153.386945466635,11.262789482967914,63.01983377654338,3141.206840114461,2.2
2024-10-31,3.5784734039106914,4.388447728536503,4.852447008667832,1.4837423292393916,2.904705399297112,5.0,122.95912051387018,6557.441526513598,24931.119664606253,11.008770761660148,62.836934971440975,3154.2385365975947,2.2
2024-11-01,3.5424866282159666,4.387901854245505,4.85866116269479,1.478946839321547,2.908955014923958,5.0,122.52252499495437,6610.319187327105,25185.899874366663,10.304443635263635,65.96434686255441,3166.9556723948117,2.2
2024-11-04,3.560905632540311,4.395796476563013,4.86472037177465,1.4960598337606668,2.8997366428023463,5.0,122.73444094390734,6554.30433275281,24791.597771138695,10.310731032419989,67.1663206037841,3144.3495062241973,2.2
2024-11-05,3.589623833722411,4.439964937351446,4.894281456517808,1.535742620532176,2.9042223168192702,5.0,122.95565201486028,6507.7052205028485,24655.783810954148,10.240102680116342,66.99835033039056,3107.2286953050548,2.2
2024-11-06,3.595500520238655,4.368207997113332,4.80133547270582,1.4840474874912948,2.8841605096220375,5.0,122.69415809481391,6567.893113733898,24853.221748654007,9.8058128320314,67.86148515071767,3113.487328879891,2.2
2024-11-07,3.5781447889104125,4.257576771909939,4.6861890923947005,1.4354977764053856,2.822078995504553,5.0,122.56412024148389,6569.164725140517,24844.673011324925,9.89966145364113,64.01105541868253,3122.066709303747,2.2
2024-11-08,3.564811390390886,4.278350062319593,4.709148971461757,1.425620955846591,2.852729106473001,5.0,122.5245374691487,6666.776514670165,25250.919684098775,8.5,64.58101218010756,3083.958713505363,2.2
2024-11-11,3.5312625631432377,4.267006093046044,4.713068848093307,1.4020050007857718,2.8650010922602727,4.75,122.54931733170972,6703.80191215084,25515.927223673207,8.882465333630847,65.5424481194676,3113.986140010354,2.2
2024-11-12,3.527197872638162,4.2672287753009694,4.689398208694374,1.424177380070414,2.843051395230555,4.75,122.79003782973771,6728.083489552763,25807.005292828693,8.5,64.22815888443213,3116.7567578239323,2.2
2024-11-13,3.533760491347331,4.294958474823785,4.728393419090519,1.3816082248145876,2.9133502500091972,4.75,122.34100671031538,6766.978857102705,26102.22731880575,8.669206974066444,66.75392425430385,3136.9315569837445,2.2
2024-11-14,3.5389886916150206,4.304791180709528,4.7393481362722145,1.3978798508564445,2.9069113298530835,4.75,122.14296362799259,6799.319547196456,26227.138221866735,8.5,66.53414028678922,3108.4962601461343,2.2
2024-11-15,3.521617267671318,4.2701876390069184,4.7119082914023664,1.3607875612999036,2.909400077707015,4.75,122.09038251294312,6817.5941039054605,26348.71734240555,8.698383607265349,66.93956728986049,3141.235138748045,2.2
2024-11-18,3.464635338075647,4.203032302785364,4.6300145982136165,1.3411750876082542,2.86185721517711,4.75,122.06356131873089,6883.027528755473,26704.284072099505,8.674239344773358,65.84231483468926,3143.0670486549975,2.2
2024-11-19,3.453792085042132,4.178689641447344,4.624225110799468,1.3204618356130617,2.8582278058342814,4.75,121.35518592889494,6971.11503236174,27079.202304331575,8.5,65.98452124716678,3175.114758853189,2.2
2024-11-20,3.44866865654997,4.128176440657247,4.5936025971669245,1.296256222504431,2.831920218152816,4.75,121.40282121274298,6951.817940201007,27112.835503932896,8.713026132968228,65.97637662303269,3202.7877820750086,2.2
2024-11-21,3.472135868019868,4.2008497093130295,4.646250371433128,1.32147083181531,2.879378877497719,4.75,121.08052036351495,6998.624641735783,27416.003491445066,8.582140187887086,68.48152842450858,3198.6663649392367,2.2
2024-11-22,3.5099680154004105,4.215326520105643,4.63438619204824,1.3840675965611564,2.831258923544487,4.75,120.9248494790113,6869.950961362349,26883.37003062142,10.90787282433934,66.77081930311542,3210.3558692367965,2.2
2024-11-25,3.4622053853885753,4.1772899072974194,4.604169695999557,1.3259993145340612,2.8512905927633585,4.75,120.5175420465878,7003.118652034408,27477.190620376667,10.402106981921078,69.15158735214169,3240.4117221528877,2.2
2024-11-26,3.5029099351687396,4.213315118442189,4.636254594333457,1.3399908024286638,2.8733243160135253,4.75,120.32847768917019,7004.508715738793,27596.662332814416,10.138132582567184,71.12762198929019,3251.704076266456,2.2
2024-11-27,3.46432321651638,4.206244429814046,4.646155866407279,1.319804208845877,2.886440220968169,4.75,120.53903890579954,7017.608210180484,27608.431055394467,10.530912384992613,72.07764003765693,3251.3231559187557,2.2
2024-11-29,3.4868717701532823,4.221800973987194,4.6405708586652334,1.35445058571216,2.867350388275034,4.75,121.07828695601039,6892.368639284396,27083.542238811417,11.28264734924998,69.02957379077687,3221.0344044234835,2.2
2024-12-02,3.4812767919638183,4.19478224651887,4.633165499562402,1.321235263986924,2.873546982531946,4.75,120.88447262878738,6918.156730017496,27257.034409810178,11.399217817935993,69.65091899567543,3256.5497828806374,2.2
2024-12-03,3.405931710729928,4.09522694075633,4.558769176359504,1.2084144030676445,2.8868125376886855,4.75,120.77922696686822,6870.186838880872,27135.692444531138,12.100065613378924,70.37497648944263,3253.6886102701988,2.2
2024-12-04,3.4231395688099977,4.094590502511843,4.5615167911621635,1.2046656527425605,2.8899248497692827,4.5,121.05287531006063,6880.847130615586,27213.883477484807,11.96163884799122,69.12879672794104,3242.812076053662,2.2
2024-12-05,3.4414540899013817,4.156429565685256,4.62551519946784,1.2489145512799933,2.9075150144052633,4.5,120.75635423040266,6923.124000847908,27298.27483928314,12.45685932082623,70.61706093800163,3239.180710822493,2.2
2024-12-06,3.5519968215554356,4.302863936680249,4.7500421846352605,1.374214482925379,2.92864945375487,4.5,121.28069268554606,6802.2802655640135,26880.231407810174,12.199880485487636,69.27436613167781,3226.045224523578,2.227434066776094
2024-12-09,3.5517711133942464,4.333307904729677,4.77764477698724,1.3648380956930053,2.968469809036672,4.5,121.49902205387514,6947.27300625735,27569.80992969957,10.388672812680381,72.04937122010513,3202.386170620381,2.2456993713769235
2024-12-10,3.5610763700493733,4.287930741411715,4.733291229460692,1.321300830615971,2.966629910795745,4.5,121.45199718550867,6984.980987561482,27740.301553075395,10.126824516160122,73.25650123097817,3225.189455356634,2.2
2024-12-11,3.561363183506045,4.283353077149389,4.719032076742194,1.3434128463731916,2.9399402307761977,4.5,121.04166652801682,6972.840408588814,27663.02761683886,10.892713285883875,72.65958039687908,3249.754413395984,2.2
2024-12-12,3.575585629065411,4.288895954959644,4.733532985264811,1.326495499041811,2.9624004559178325,4.5,120.23076523352408,7051.972013175033,27977.151709406146,10.883551925336238,74.11610663189204,3289.8599574694267,2.2
2024-12-13,3.614102932446843,4.3495748538170655,4.786644780993695,1.356171737543614,2.993403116273452,4.5,119.5492756608708,7034.203851938824,27925.86009864106,11.212164855249616,74.72612598815668,3294.0909022777714,2.2
2024-12-16,3.5903555811242915,4.367793808717387,4.8165432317548245,1.286289962790719,3.081503845926668,4.5,119.26261947278898,7111.928904508977,28514.797688533024,11.697510061539417,78.16063408836806,3327.1738213617828,2.2
2024-12-17,3.641955287984932,4.410046557584925,4.8573345386871996,1.3254561194483796,3.084590438136545,4.5,120.01455951933741,7089.410736800354,28686.130800470903,12.883794786647773,78.37815916482994,3316.7533441257306,2.2
2024-12-18,3.731486639475591,4.454515158075081,4.875211633493549,1.4095042481138167,3.045010909961264,4.5,120.73707590273959,6886.304258795182,27812.69228035653,13.603720552210122,76.55979452575916,3265.127455514655,2.2439640647576615
2024-12-19,3.639433704383521,4.290030361106034,4.7824988343401555,1.2597794516520562,3.0302509094539776,4.5,121.46915446627644,6975.048711890288,28130.65333524938,12.390855441471178,75.8330033673772,3257.1595741348665,2.305817276925863
2024-12-20,3.5723370578081868,4.210912454906188,4.738479491439127,1.2707196577219402,2.940192797184247,4.5,121.69642913192635,6926.8435917053,28047.039010271732,13.325364532611177,72.78319388790511,3216.5109309767317,2.366765762878846
2024-12-23,3.544786969318523,4.182303144978274,4.685843439433333,1.2431875243053772,2.9391156206728972,4.5,122.4895395447267,6988.003338696834,28332.231021095315,13.124406923011678,71.15754673737779,3211.306321664581,2.274451492337681
2024-12-24,3.5439862977939502,4.173891900533539,4.66606947417731,1.3075543648462293,2.866337535687309,4.5,122.84111046551494,6867.101541862185,27628.97662643492,14.005234050202562,70.84108220386805,3180.684691992413,2.4202013572602583
2024-12-26,3.484548717088183,4.110835654426924,4.554645627408676,1.3444532679400452,2.766382386486879,4.5,122.54314333879236,6975.491228781064,28091.29601232409,13.598550216619753,69.89317998001374,3184.9679208561324,2.2
2024-12-27,3.519987924435674,4.054367935814819,4.472592773631898,1.3760678746814379,2.6783000611333803,4.25,122.450662540679,7018.862171481006,28253.297710000435,13.34009535947322,70.5714219471864,3127.865014604706,2.2476482664917006
2024-12-30,3.5685437628371663,4.061617116551112,4.44440404466955,1.4432388810801264,2.6183782354709857,4.25,122.4062355446459,6992.116708871979,28060.5361725429,13.297489624882308,67.32697506587772,3104.593388799126,2.2
2024-12-31,3.4637927700924096,3.967618711763366,4.365190725598571,1.4544962372911914,2.5131224744721745,4.25,123.28231990870243,6812.704567607779,27484.418972284173,15.788350910405628,64.91637266062536,3120.3100499228067,2.436230827510289
2025-01-02,3.2619015183049394,3.887448216428413,4.365619192216854,1.3188085469663964,2.5686396694620166,4.25,122.3981905934575,6775.146080328662,27467.32791684005,17.305311393023864,64.46948861550818,3260.1247861114325,2.723128145238495
2025-01-03,3.1194866962471908,3.6520045908812957,4.143874767150405,1.188135110176174,2.463869480705122,4.25,122.22836237583171,6872.550481021071,28161.03517480312,18.090249060576813,62.32222987540401,3313.373985176865,2.5845056331269487
2025-01-06,3.153302380932593,3.7485770757446084,4.18019228858716,1.2152283174706557,2.5333487582739527,4.25,122.48563697002285,6868.3623958502285,27855.734088117402,17.53733448845825,59.68387698475251,3274.087731013308,2.7043365725964907
2025-01-07,3.0868113343252563,3.5905331755482583,4.051428846803108,1.1772878867944907,2.413245288753768,4.25,121.5632156089752,6820.4927715365075,27960.318393943282,17.055721390384917,53.762856902494015,3235.4700813467216,2.9154331697662417
2025-01-08,3.3012233075599386,3.872948209720036,4.252394459153468,1.3968420872467862,2.47610612247325,4.25,122.07508239350325,6718.38320332207,27109.91079618051,16.089730409325675,59.54443321136903,3172.1109475042076,2.8200800087719946
2025-01-10,3.4014403285204375,3.905390012669252,4.253638311465954,1.4605012962290724,2.44488871644018,4.25,121.8929696114306,6706.887727675934,27251.221012225964,15.658894459977537,56.74301496894122,3126.567922072681,2.791750240302762
2025-01-13,3.3659823498940185,3.979233018565766,4.333023758454138,1.463658547825561,2.515574470740205,4.25,122.69770106136244,6737.168421421489,27378.61837139401,14.584089149422894,57.72187962685241,3152.5028424549882,2.9061157647000235
2025-01-14,3.486485642740779,4.00277618974391,4.310251304727644,1.540374097025913,2.4624020927179973,4.25,124.00706084506693,6448.465587561752,26043.589643991563,16.889983094348374,52.90346686947605,3149.524190682063,2.9604116563803493
2025-01-15,3.2374740514843783,3.7107291634959467,4.09547686293824,1.3520427973986857,2.358686366097261,4.25,123.00761333631529,6658.767897875085,27270.94910605934,16.86402246281974,51.49194959511327,3197.0824421426423,2.9246007572981165
2025-01-16,3.243154901135135,3.726507143326628,4.075199104380534,1.410316500495802,2.316190642830826,4.25,122.07275025820393,6523.32534958147,26674.341213707936,16.954997630055423,51.185592150081284,3180.51660289457,3.1050516523837564
2025-01-17,3.249699131848846,3.7879105684738197,4.087756692714816,1.4858223428350485,2.302088225638771,4.25,121.77409475010452,6403.947845738216,26103.61971669148,17.617912113641335,51.21071491136291,3209.6446809527783,3.2421111167840624
2025-01-21,3.4584076420990026,4.07441103274635,4.30430078777456,1.761376167195798,2.313034865550552,4.25,123.24732204573498,6201.478274437618,25200.032994095276,18.06412110713189,54.3853987824106,3115.8690909560632,3.30065919456892
2025-01-22,3.485907722333625,4.313531209659316,4.54184343572069,1.8378918186363336,2.475639391022982,4.25,124.08384592032127,6316.943977310826,25456.801264351143,15.886466162757575,54.3978273518902,3110.8410063678443,3.107576696158117
2025-01-23,3.473148295975065,4.312558600996463,4.534428931187405,1.8215244938982122,2.491034107098251,4.25,125.00446499788518,6308.73852790989,25647.884420167306,15.207065529629203,52.73932508021624,3048.114964279035,3.116359605524763
2025-01-24,3.4594615013297254,4.339150485912928,4.5767107860478236,1.7436019736447714,2.5955485122681567,4.25,125.22335313816791,6305.127260388884,25770.311612963367,15.690989266180974,53.603573148622814,3040.80515850943,3.3083965855762996
2025-01-27,3.4429393930415086,4.195068909996126,4.490886182614344,1.61953633321883,2.575532576777295,4.25,123.7547100765969,6408.238022267184,26071.432026267397,14.894928544444541,52.31901320379456,3116.1168574244875,3.368635002834715
2025-01-28,3.42848569104593,4.1975988049529125,4.422347078953682,1.7155079279502492,2.4820908770026633,4.25,124.1220507044054,6527.562760517122,27175.27872435717,13.364274009048641,50.54051192502277,3042.9199120158837,3.258163420963557
2025-01-29,3.331512319076099,4.174138782763611,4.368842505254828,1.6971777386603017,2.4769610441033096,4.25,122.86721110082871,6643.9268750042,27783.21951595253,12.293502796502537,53.3928779170536,3036.584830377452,3.3072348329831636
2025-01-30,3.3398940567584954,4.18865088437779,4.378708370794882,1.7063310870499762,2.482319797327814,4.25,122.15874645930238,6637.349450823372,27232.386282437423,12.707684478277363,55.66418134591018,3049.8528065079113,3.329156757116125
2025-01-31,3.3135958500427423,4.179732789635094,4.420776123824949,1.6317071473822113,2.5480256422528824,4.25,122.80326594740117,6618.815903486029,27145.640828369433,13.177237098251375,56.90876346202698,3027.763570139133,3.430426638804463
2025-02-03,3.3787062750751664,4.2329938521058015,4.491291009527262,1.7146655086057714,2.5183283435000297,4.25,122.96100866190433,6472.193268219339,26443.19198023998,14.575989825387678,55.10980204049242,3047.6632862400675,3.5450423671441893
2025-02-04,3.388276394552709,4.282629870924877,4.556996930904125,1.7189451160562461,2.563684754868631,4.25,123.81407638994665,6512.790284199326,26448.360086607616,14.778406291504753,56.188599095036,3044.9864416577257,3.486737610815135
2025-02-05,3.411943887061358,4.276870464217632,4.539987746393764,1.6599445138784419,2.6169259503391906,4.25,123.5070949559587,6492.86361361464,26318.770234317028,15.635798818122302,56.53151508228301,3137.384872650504,3.581657898567789
2025-02-06,3.308153458830507,4.182694788918466,4.444792691710302,1.629942802563526,2.5527519863549397,4.25,122.84008899572964,6531.78821706536,26473.183469514082,14.733175297336347,55.782711558035274,3153.6849141534954,3.491271509259028
2025-02-07,3.2785391521961036,4.197591636634327,4.4957388028112435,1.554084771210785,2.643506865423541,4.25,122.94951176209698,6478.634635452942,26306.820042635623,15.311063669666513,58.262289135382986,3171.252427106914,3.561906525016919
2025-02-10,3.217339569960151,4.086049999588279,4.449424135111555,1.4331877453100659,2.652862254278213,4.25,121.93317945133967,6642.088178194039,27275.02429182764,13.605908993769631,57.50325818606188,3227.0186824739067,3.3639248881469332
2025-02-11,3.319480978277432,4.204908575506389,4.5716315271489565,1.499136702431323,2.7057718730750655,4.25,122.31710838301818,6673.881895953325,27295.592848291664,11.949901492869037,58.718607336078705,3210.5051509821387,3.2937191654820506
2025-02-12,3.3150068766594036,4.192704534238269,4.556486751941953,1.5260595530884467,2.6666449811498216,4.25,123.02743144284709,6610.694253847204,26850.270622280437,12.04882414342925,58.96197621463491,3168.2441113228197,3.361150500491118
2025-02-13,3.3375198342281944,4.201682168780092,4.497224473576137,1.561863715262957,2.639818453517135,4.25,122.76732461621786,6504.608399662863,26179.668591176323,12.174617545174376,59.539028939417186,3142.527214504703,3.4077506536781255
2025-02-14,3.2496828335047114,4.13804115815936,4.456469529555977,1.4721066255223174,2.665934532637042,4.25,122.40195163387702,6674.714029581664,27121.554919590788,11.702902689739611,59.19171083406185,3155.008141835636,3.2712714255751356
2025-02-18,3.255955377086141,4.161388042474748,4.4951115376123125,1.487553674382541,2.6738343680922068,4.25,122.6421625249316,6807.140457479558,27758.720020819583,10.60112837812065,60.11653775928887,3177.576078049555,3.216216454756943
2025-02-19,3.3126396398820384,4.179431497247936,4.514243615748331,1.5105301517960426,2.668901345451894,4.25,122.473221000108,6812.63202079829,27689.239770610227,10.330721967903568,59.40784595943009,3191.983122425303,3.2030654034886936
2025-02-20,3.3024823417866354,4.140407391558309,4.48127244429726,1.4774925424651353,2.6629148490931738,4.25,122.6092664558274,6812.596678300496,27652.560908749867,10.764118464682552,59.369065232805426,3182.0959752684407,3.14500224605891
2025-02-21,3.303319657283611,4.133965781731748,4.49228609349616,1.4769055086811256,2.657060273050622,4.25,121.41678796350797,6797.797988057621,27627.01274326383,11.319720554054891,58.48297774439826,3226.924815571046,3.106098423814244
2025-02-24,3.339284456526938,4.131930458711635,4.470693320299934,1.5026653142684623,2.6292651444431727,4.25,121.25495493141584,6802.9177994752,27666.926966594478,11.444821346910468,56.76718344113503,3232.6199806321674,3.0729585825372805
2025-02-25,3.4400890795729433,4.208685012606669,4.508131548464313,1.6283775838835188,2.58030742872315,4.25,121.52069267778707,6730.39257135561,27208.60288463893,11.015372224652292,54.65778959292467,3156.2916596747154,3.013823529763729
2025-02-26,3.408595560500929,4.165570866128253,4.4647581076669764,1.595876181293057,2.5696946848351963,4.25,121.867496283779,6731.885165256449,27256.569778234294,11.721161557089808,53.94407619268998,3167.430954847488,3.084499154509401
2025-02-27,3.3845758268254342,4.151878427758474,4.4544341471665305,1.5685258669533346,2.5833525608051398,4.25,120.64199335110428,6843.482113360797,27902.213047127483,10.748516877088111,57.484155423050844,3208.9972033231106,2.949846349737728
2025-02-28,3.451361836991393,4.216918070698574,4.528756139384228,1.6201468102177357,2.5967712604808386,4.25,120.97647991025686,6875.944988099677,28294.29752734393,9.577731490179215,55.93461223943655,3208.32902239661,2.76309579354528
2025-03-03,3.397058131866061,4.1759735052967155,4.501476518273736,1.5839949545381562,2.5919785507585598,4.25,120.57295520704929,6888.062646489629,28408.94821995368,9.737947868433734,56.393738059184955,3240.2784604455787,2.812474761835229
2025-03-04,3.400269638167168,4.170390926317756,4.49820913988874,1.5727623953800527,2.5976285309377034,4.25,120.66562105535749,6963.913062354679,28964.636336711475,9.617429159346527,55.27696063459108,3260.102245105556,2.730268107715657
2025-03-05,3.393465458899212,4.091747119066418,4.444059123515715,1.5011096978727518,2.590637421193666,4.25,120.78668769120323,6933.07500701515,28960.522555983094,9.511292546857208,55.141117700159604,3282.6007268458716,2.848559366258801
2025-03-06,3.464954597502591,4.207312308344415,4.52911357559183,1.5913213655664986,2.6159909427779158,4.25,121.20844601727488,6901.219788682904,28897.102995220994,9.964252591648057,56.86053188111571,3243.6055450498216,2.7272235068804362
2025-03-07,3.434049428344975,4.2313855012227855,4.557819751735433,1.6070289793215213,2.624356521901264,4.25,120.96249695084786,6968.930960651582,29400.235226839424,9.247716149958983,57.55863366044864,3265.20735172955,2.7650211110730543
2025-03-10,3.451804905932099,4.243418847050268,4.588253459849488,1.5809801537772974,2.662438693272971,4.25,120.710554494077,6978.94833383674,29623.84706242429,9.302849941571317,58.434598168073954,3324.191234194642,2.8571914299899634
2025-03-11,3.442252194857414,4.212845604995165,4.578727056708157,1.531481722035842,2.6813638829593227,4.25,120.50776696687902,6962.571776460897,29445.575410327932,10.597010062469419,58.10702827131393,3325.375032858643,2.7431705915393065
2025-03-12,3.4752687281940204,4.190768047965806,4.527209672320446,1.5810275869937578,2.609740460972048,4.25,120.31043383805219,6882.975888288797,29161.40231701389,10.2464979234742,57.501151498137894,3332.2827993135775,2.6912985376267224
2025-03-13,3.55132777953194,4.183146277038668,4.444074632536428,1.6460086130108225,2.537137664027846,4.25,120.69941450464218,6792.77376588024,28708.769600297433,9.996466050391188,56.85877743633884,3317.5268931923138,2.753037846814908
2025-03-14,3.4829152907493026,4.095501200989343,4.344807226635994,1.5918467029436854,2.503654498045658,4.25,120.84832405605273,6896.706004625241,28947.835400262782,9.694274564323328,58.71284143086754,3306.8560917421796,2.7215967017252023
2025-03-17,3.5721055411655827,4.160047674541127,4.388761599087589,1.6794289505735525,2.480618723967574,4.25,120.69305312370764,6756.331905868589,28241.17645610615,10.450111897257466,58.24412930219104,3301.9975036098795,2.6759415443796755
2025-03-18,3.530967390662571,4.116134794635286,4.370469262917135,1.6408427679902164,2.47529202664507,4.25,120.14722635555843,6860.149876074438,28751.1883939695,9.29710696668907,59.53101213207446,3294.1535200278436,2.5827573072212564
2025-03-19,3.6063046111592696,4.173491541079243,4.369619464356116,1.7432139724277336,2.4302775686515097,4.25,120.7557808063303,6818.205868764736,28486.600699341107,9.50426384309055,59.430932550748686,3226.964286138046,2.566857165417809
2025-03-20,3.6228949279519864,4.207444813737278,4.399863746647328,1.7823659745665417,2.4250788391707365,4.25,120.73714595942464,6847.514563830333,28559.73222656963,9.173702278074881,58.769074971454856,3244.326558785033,2.5063862877266976
2025-03-21,3.625725753907014,4.203072112164195,4.406482694933541,1.7812596024592775,2.4218125097049175,4.25,121.19989218827776,6858.000805507598,28592.27148888854,10.034239821476175,57.40865370660292,3260.691660060129,2.5724631872757278
2025-03-24,3.6720186459484823,4.288047085765446,4.516825390470685,1.8046906422219242,2.483356443543522,4.25,121.63854301538463,6849.015039284338,28543.959766254266,10.101460068679474,57.83858816688039,3242.2002947774477,2.5704898572833668
2025-03-25,3.6339327016754925,4.3094473258445305,4.5770953030495045,1.8084670179932885,2.5009803078512416,4.25,121.58773947829216,6916.902898019792,28822.94686059814,9.674860220707197,57.379966508086724,3249.4864052255875,2.6603893503216054
2025-03-26,3.6593813231785193,4.378139536913473,4.654903812343233,1.7623283825718357,2.615811154341637,4.25,121.38341945381197,7092.619775099045,29606.072556614734,9.278684731926733,59.49478505522097,3234.7238256907267,2.454279144965936
2025-03-27,3.6135629910690517,4.39777602637234,4.647835912833415,1.7333147064219534,2.664461319950387,4.25,120.90025838448751,7185.843040287466,30278.1005997196,10.093628010429228,59.24728216077973,3237.094992561328,2.45191528709584
2025-03-28,3.5719257205572617,4.353918072489968,4.593586758500511,1.7093426676067272,2.6445754048832413,4.25,120.53361725862284,7290.283481825773,30606.58404652986,10.240349184656088,60.08985028569099,3276.7297346709247,2.3259120776149014
2025-03-31,3.5914987583271536,4.3982556468126255,4.654357111881491,1.689137883618111,2.7091177631945147,4.25,120.0428304426446,7249.221628471463,30328.829037233925,11.338446189944552,63.4806292400703,3305.5033832558092,2.4048465286666985
2025-04-01,3.6879575347555535,4.4907086400704,4.723995344610126,1.8119005066529446,2.678808133417456,4.25,120.2396108046195,7221.276830951112,30321.190582471983,11.72974684310794,64.07921470893113,3270.0129119811077,2.4886882144158466
2025-04-02,3.6987219187043507,4.442010498569423,4.6832314882585475,1.7730692025595896,2.6689412960098333,4.25,119.18097116788158,7256.812672950246,30421.42498319663,10.916432906079745,63.40096780599605,3291.2023918993564,2.4794865954777316
2025-04-03,3.693649723474494,4.370143905817759,4.593190796095874,1.7665009116419,2.603642994175859,4.25,118.11204349624961,7351.951897830985,30604.959920721158,11.337652665364581,62.384898915582234,3307.5089658077563,2.3890962833838283
2025-04-04,3.7355456891769077,4.392912232951886,4.552183910964188,1.8044558917330085,2.588456341218878,4.25,118.22347003324302,7410.1121931826265,31005.174198274384,11.979731436196975,62.89522326574245,3313.809852968428,2.397534101291208
2025-04-07,3.791364442744078,4.416241683697953,4.57730067293999,1.8031469330727607,2.613094750625192,4.25,118.1298180159951,7327.054907974475,30466.40190311902,12.848213991659149,63.69556991894709,3336.1060315245336,2.421222884378678
2025-04-08,3.7858275741588057,4.355461766306828,4.480828525853012,1.838754314013812,2.516707452293016,4.25,117.98987700069499,7214.53115946583,29888.578360432024,13.978494160906939,60.4170138468059,3307.0581154870933,2.5592990671070464
2025-04-09,3.684703672238723,4.169921019859145,4.326779486796102,1.6995550250376616,2.4703659948214836,4.25,118.50325776756793,7511.931997893708,31118.908727894453,11.532404821452777,59.496505294689335,3306.3389239663825,2.31512783652955
2025-04-10,3.6592499033636576,4.167886317209032,4.3465455836577345,1.6646197797031257,2.503266537505906,4.25,118.85825148248826,7631.546920285933,31862.14273451272,11.382373471331698,59.70394391412121,3267.4974670648753,2.2810907565391427
2025-04-11,3.6525097666881794,4.144969812217203,4.316329389435575,1.6508984731653717,2.494071339051832,4.25,118.97478471437827,7790.5874824631255,32644.83834185434,11.102611478928624,58.83139239044843,3233.2939255151964,2.2
2025-04-14,3.6071280354569897,4.018066620031804,4.162524929525159,1.5529311878157064,2.465135432216097,4.25,119.01328939196455,7962.776599390497,33401.05020133386,10.474550498922492,59.154592608471496,3293.070223512104,2.2
2025-04-15,3.6655679507272474,4.0016762934746515,4.12889653663873,1.5390586138370534,2.462617679637598,4.25,118.56579244135102,7886.872570709642,32992.99044138613,10.822376926305326,58.61643462309783,3307.9587084092745,2.2
2025-04-16,3.748315545309044,4.098590825021978,4.219795943914266,1.5696484045076686,2.528942420514309,4.25,119.31419529782802,7838.98027576268,32661.86497502082,11.065092533858898,57.67428470052453,3315.941191548514,2.2
2025-04-17,3.8084620724279548,4.277840236756573,4.357862163229383,1.7309576275626255,2.5468826091939474,4.25,120.02129567373348,7464.293767499349,31363.77389579658,13.96728283469071,61.745417002972786,3281.878866831588,2.427985052681766
2025-04-21,3.81660423793328,4.307290803609456,4.428904773721344,1.6770332455896715,2.630257558019785,4.25,119.78555542888593,7627.304894625853,32309.0060061096,13.505077634938905,58.31886851877256,3319.786297251966,2.2357003933074058
2025-04-22,3.95958996599461,4.571587291511641,4.636127521022049,1.9145763505426707,2.6570109409689695,4.25,119.60136136110867,7559.526943994238,31678.881954918226,13.489011299838591,58.93083429717055,3316.605942070069,2.2
2025-04-23,4.011071370561379,4.649924483720763,4.677268182160276,2.0108904512449803,2.6390340324757835,4.25,119.3263529520948,7531.177354405562,31350.477364354603,13.2616149878556,62.471880936570265,3212.9434860859633,2.2
2025-04-24,3.8290916444612964,4.400555943340962,4.43053042497626,1.8938828043967304,2.5066731389442314,4.25,119.0624179623172,7472.251376983252,30825.253029699517,13.690415880311066,61.171495322765864,3250.27971400629,2.230387533565679
2025-04-25,3.7501538157372174,4.31862374188625,4.395225755648242,1.798987053851019,2.5196366880352308,4.25,119.37702905074913,7589.350871922185,31586.51899094417,12.908578513590642,63.179902565928465,3246.584432321695,2.2332546959527524
2025-04-28,3.8105407994957985,4.435746467620289,4.505124066969216,1.8533707387996932,2.5823757288205957,4.25,120.32591050189842,7535.641347115596,31133.849242752756,12.235286169343084,62.778300738159,3245.9157716562745,2.3175816025241236
2025-04-29,3.7944172041721553,4.3268598751022616,4.429887606507412,1.8267925480991578,2.5000673270031033,4.25,120.22301384270783,7548.881377676751,31191.52261608107,13.129873506411386,60.50616581000934,3287.994811803939,2.2940323936348825
2025-04-30,3.8497433797386473,4.383071370152394,4.501553762292396,1.853279298124249,2.5297920720281453,4.25,119.30430986927679,7618.5378494622255,31659.855459608476,12.60258360798882,60.5471949330422,3290.204030465241,2.3553498299326137
2025-05-01,3.8279870653783563,4.383940690830376,4.505930976117722,1.8508689601642134,2.5330717306661623,4.25,118.87038211534264,7712.355585043568,31735.92491328932,11.560217185606314,60.80886613915376,3292.1394051370607,2.245736489973271
2025-05-02,3.851358630039354,4.446104038931502,4.5497739954142435,1.9293046512054244,2.5167993877260773,4.25,119.85349004006108,7672.21453499597,31368.10172866989,11.741986624989817,61.0838248344536,3254.8663847428074,2.2390682429282283
2025-05-05,3.9326297529077934,4.444350795351381,4.591802425685792,1.9526264869609455,2.491724308390436,4.25,120.52226898205562,7601.807020167862,30641.953138141278,12.1106673979628,59.63786150568811,3269.733127885365,2.342109876173933
2025-05-06,3.875766416646119,4.485591829439519,4.656680353698563,1.9064132456910965,2.579178583748423,4.25,119.91985685969897,7769.790894768825,31389.246531739544,10.78496848932782,62.69792259762075,3282.589644013844,2.2
2025-05-07,3.903774908158149,4.473636585487074,4.637542290569977,1.9250219780040518,2.548614607483022,4.25,119.3493438217079,7664.832327279975,30743.49241592806,10.253300651322139,60.70177200745589,3347.624553284529,2.2739996877371578
2025-05-08,3.803245017148377,4.383493925358854,4.581989058966262,1.858462046087113,2.5250318792717406,4.25,119.16425690904671,7680.755380818927,30798.406022482253,10.278220981341018,60.3801612648591,3401.754963689052,2.287334380452478
2025-05-09,3.8700638243657863,4.3803280234800885,4.546767366274732,1.8670736614791201,2.513254362000968,4.25,119.78841455538729,7687.175867281899,30677.532151921114,10.371751989163208,59.04169520659511,3398.9050637019513,2.2936710436667194
2025-05-12,3.770070311726047,4.322005513415722,4.502735856267632,1.759929035804364,2.5620764776113583,4.25,118.86570355360678,7782.462207359628,30828.61681310363,10.194142580522396,61.135769925141844,3434.234692339379,2.2194206709684705
2025-05-13,3.779537272472039,4.346262169544863,4.544561168910104,1.7442367081587162,2.602025461386147,4.25,118.69894050779848,7682.869212390497,30415.325734041842,11.032769997568758,63.59172062455264,3463.509637900138,2.243047683383686
2025-05-14,3.8552114479864903,4.403216675618189,4.610003376602584,1.8053101508634657,2.597906524754724,4.25,119.42253214749469,7523.042255302233,29618.67139893402,11.82676475717623,61.50715582929903,3491.454913875714,2.3754607816629174
2025-05-15,3.824582347125239,4.339029419757724,4.593349188382119,1.714175229976819,2.624854189780905,4.25,118.52616481428068,7527.0991863034415,29484.592028964547,12.052229349822753,63.57019371441896,3512.1902508148387,2.254159789054306
2025-05-16,3.704584085696658,4.16391201537213,4.426410601088719,1.5802129671659741,2.5836990482061557,4.25,117.87240646396903,7436.813597451331,28988.01641781588,15.07966942780065,60.41734367271059,3558.4254433730257,2.397700195942276
2025-05-19,3.8379048232920767,4.333483124805827,4.5726137236322515,1.7493661154412454,2.584117009364582,4.25,118.10504323164297,7363.68952341892,28623.158975875176,14.234023273212864,60.76394093765339,3462.153182355598,2.3891733403391244
2025-05-20,3.853723308555521,4.280295996667717,4.525285842195711,1.719200058201324,2.561095938466393,4.25,118.35726489400402,7366.3937931911805,28405.096924105033,13.34834013611655,60.465585699045235,3465.569221020337,2.3828763329623985
2025-05-21,3.8338057534903363,4.224488880702274,4.479025126663661,1.6940704883839035,2.5304183923183703,4.25,118.39288605447436,7365.659515238764,28310.764119413594,13.055296569597056,60.89629434280264,3467.794173681007,2.5247650448606223
2025-05-22,3.8470888206511513,4.28558719286765,4.533671830171572,1.7319025880488348,2.553684604818815,4.25,118.25306521082759,7412.200103125385,28493.70442309068,11.844109664583836,62.89906273099655,3473.691340401884,2.549963369008174
2025-05-23,3.751610922312729,4.146395360622082,4.401321566550193,1.6355125772051466,2.5108827834169345,4.25,118.02162939559787,7372.621807653635,28094.748182257328,13.402757388888963,63.75323131955318,3473.1698923462477,2.6187320079551903
2025-05-27,3.7738362131394925,4.225175723259563,4.471432645818742,1.6588939684217454,2.566281754837817,4.25,117.69367209619347,7175.7515375700195,27355.237243166226,15.271823428333073,64.5334282051955,3510.6813497206263,2.776163732326596
2025-05-28,3.7054353333232477,4.029137173395704,4.327797371183446,1.497101775176173,2.5320353982195316,4.25,117.50209585869987,7076.272446087613,27222.09635736417,17.604973765768584,61.28242336175439,3608.7066242221035,2.972229514482238
2025-05-29,3.6669591682740097,3.969627766825024,4.228330832680055,1.527085166972557,2.442542599852467,4.25,117.53157583710862,7046.756480780419,27092.552018148912,17.208488505177762,59.85658358774477,3572.556531872173,2.9005170826800604
2025-05-30,3.7390404911568056,4.0134981726544625,4.286177425613932,1.5287543694054984,2.484743803248964,4.0,117.35550695889921,7056.838908057468,27106.188964321813,15.103744978182643,58.22484669012036,3562.6385422854696,2.820009807654332
2025-06-02,3.7339687139770943,4.01090113362364,4.28136918412088,1.5085216242792536,2.502379509344386,4.0,117.54332723556874,6922.525502489154,26867.58040050765,15.759245780840928,58.46867572603297,3506.045255809449,3.024130427802213
2025-06-03,3.6818382282738096,3.994640279549385,4.279692596364673,1.5035023818120825,2.4911378977373024,4.0,117.81632607882047,6874.814662162018,26748.852635588537,16.139632116372717,57.68493223596816,3504.4021220483637,3.0372322343348834
2025-06-04,3.80268925703245,4.045595731069994,4.282469308260266,1.5869008154253454,2.4586949156446494,4.0,118.5404659305004,6662.342510225735,25611.32192865978,17.219809555861346,54.193116884480126,3451.089838374946,3.1385905556335896
2025-06-05,3.877646104501801,4.074550759999884,4.280313114392092,1.639687235091663,2.4348635249082204,4.0,118.68844115751997,6504.273221419401,24842.51652675397,17.89699341346303,52.3129895391804,3484.6001521289627,3.2021136298066266
2025-06-06,3.80909611524497,4.0567300467010465,4.30783934510182,1.5742792460045427,2.4824508006965034,4.0,118.21222853608147,6553.776612820208,25247.015306385714,16.193325891389584,51.60575509562511,3516.198000442622,3.1018590654539766
2025-06-09,3.866367133984176,4.120895495071107,4.327300371938083,1.652188821564402,2.4687066735067047,4.0,118.50841148084561,6449.34312842231,24758.189023757393,15.787579371721268,50.070843604462034,3505.826688212953,3.247748676752012
2025-06-10,3.768544551385071,3.9852307609257975,4.242418442720963,1.5551767335763382,2.4300540273494593,4.0,118.40647470647602,6303.5503671141805,24239.39623447785,17.727571135141662,48.60987864009171,3595.9074259455206,3.3863607339592234
2025-06-11,3.7882786506023853,4.025019676468842,4.241608647597601,1.62902858245125,2.3959910940175924,4.0,117.57306849264047,6388.304444017848,24515.8395203817,17.44436297079298,50.94205802272583,3605.316464700726,3.063646579029825
2025-06-12,3.705181452514926,3.9564747613850555,4.2189257130438795,1.510028543063302,2.4464462183217535,4.0,117.66718555522316,6539.519925449377,25079.74536532108,14.922487386618718,51.1866125964085,3617.88276519598,2.9433513670126192
2025-06-13,3.7585273143505042,3.9594786400984083,4.23544197202869,1.5410910541899145,2.418387585908494,4.0,118.2120329019958,6545.422833192225,25104.713461219286,14.337751803326553,50.94559626798406,3608.5240526196653,2.949717027431307
2025-06-16,3.707746155729664,3.913634549267837,4.224479860372017,1.5057843901785697,2.4078501590892674,4.0,117.66617884642582,6587.9191879374275,24984.026358798288,13.5738387021826,50.93201918393983,3666.4528947257613,2.90229763017879
2025-06-17,3.712822879364348,3.951060271663391,4.317192224485956,1.4746555800648289,2.476404691598562,4.0,117.64985542228233,6594.18604590929,24838.731993524245,14.07148708154281,53.30762676474666,3713.812864592765,2.9282974416941934
2025-06-18,3.766029807034674,4.041606134482427,4.368599957344079,1.5550303479088665,2.48657578657356,4.0,118.54211327847675,6513.012004730978,24694.016361693913,13.782065754369459,53.46543314934343,3635.203536399326,2.8788731226353974
2025-06-20,3.6931551456088427,3.9801080911176054,4.3029606071911,1.5156337753795286,2.464474315738077,4.0,118.20610067981613,6531.857607865542,24815.860659070124,13.31859588073481,54.00790428644431,3678.791344266336,2.935308565225185
2025-06-23,3.6249788894438177,3.913945611694396,4.253905331838528,1.4494801943631002,2.464465417331296,4.0,117.94834384429755,6519.210755168008,24760.73807985797,13.324413349136398,51.80141330480278,3702.1585157584004,2.9121006580366573
2025-06-24,3.6791368783071583,3.9921124850274845,4.315522730285243,1.558581774006802,2.4335307110206825,4.0,118.26911464171243,6334.73368892876,23566.400322801328,13.805395661026903,50.71767576040074,3657.0267388137554,2.9208681334032653
2025-06-25,3.682266707080818,4.027057862024154,4.339876991309538,1.6070526371051619,2.4200052249189925,4.0,118.13733212904043,6265.110597278017,23058.22330910634,12.928573473052428,50.11807456706502,3629.076777414203,2.7958144950088344
2025-06-26,3.6331703713149865,4.006058015271747,4.312320433804251,1.568322721680525,2.437735293591222,4.0,117.68891875113276,6334.0487107200515,23308.75911792361,11.961389628901097,51.0501962287939,3651.9492015468604,2.758175898021353
2025-06-27,3.510992291611006,3.909491382434559,4.226082477334997,1.4775220019419848,2.4319693804925744,4.0,117.77411445453325,6406.468157130339,23613.535957133332,11.493759126394847,52.15441327881462,3653.0427916614576,2.7450286646498294
2025-06-30,3.5052757647756256,3.883144034918546,4.217441999459764,1.4399999549947875,2.4431440799237585,4.0,118.14237922332777,6390.558909781884,23553.17009477697,11.427569479606445,50.11165667808511,3643.9501790937634,2.792380074013355
2025-07-01,3.491933466630616,3.8884262106847585,4.255721552272788,1.4150008562960927,2.4734253543886657,4.0,117.80122991297783,6506.903673991808,23917.319605346893,10.564819823893133,49.98145627705125,3654.7448365605374,2.6064742676652712
2025-07-02,3.445779060958753,3.8408820441236324,4.224478636054768,1.3869396967037322,2.4539423474199005,4.0,118.06818295606219,6510.24772809073,23917.719368514612,10.665758641545947,50.39563976344588,3647.1237451418456,2.6132018691405543
2025-07-03,3.4935725364221093,3.965110443462617,4.336335319355883,1.4891310768277495,2.4759793666348675,4.0,118.27189398384567,6460.259425003907,23930.521146952342,9.92733430192698,52.30114529135632,3591.4544779730677,2.528197159001436
2025-07-07,3.4639985277251473,3.9161779650380115,4.284806807824885,1.4413493261070585,2.474828638930953,4.0,118.05194073234281,6569.3008204417765,24542.150369506813,9.536909352296346,52.53087100862508,3601.3969673513097,2.462850425214337
2025-07-08,3.4020735971611953,3.8218261399747373,4.203515556356657,1.4082462840289072,2.41357985594583,4.0,117.88775515414865,6610.711038195021,24593.99254977632,9.344183024437257,50.68732070713901,3582.4153341896854,2.3746451676408036
2025-07-09,3.4555507091860655,3.9209675006846965,4.292764127514424,1.4788163247522885,2.4421511759324077,4.0,117.56576340640163,6668.383160629072,24889.915299397268,8.572235825572028,51.60563581890581,3581.497277917523,2.2613441140458903
2025-07-10,3.4743153459476077,3.946858695164326,4.3234603967874055,1.4681776458055382,2.4786810493587876,4.0,117.40339836646318,6715.241054637089,25144.406117274477,8.5,51.44781965476341,3567.9920430050524,2.2
2025-07-11,3.5097144685313624,3.9612780079901864,4.326853037011641,1.4924586876388175,2.468819320351369,4.0,117.41907502531076,6705.597943129038,25086.08916187813,8.5,50.03797240937514,3574.095210787043,2.2
2025-07-14,3.4861161415996484,3.9541935746439885,4.334362910635297,1.4339022122762748,2.5202913623677135,4.0,117.21387475844274,6832.358975873973,25645.90295103987,8.5,51.3302616780019,3588.743639816452,2.2
2025-07-15,3.5034561668168136,3.961083884637653,4.324610342360907,1.4391785137671174,2.5219053708705355,4.0,117.12154256977311,6885.252420196546,25742.420989273036,8.5,50.08874204892584,3559.4152534068144,2.2
2025-07-16,3.534684630862771,4.008449172151056,4.361510476500113,1.4551660522029075,2.5532831199481483,4.0,116.90004827243159,6955.837544018395,25960.986703383252,8.5,50.33451198337576,3540.294257684452,2.2
2025-07-17,3.582047745288385,4.07183081857545,4.425518141737375,1.5248406698851187,2.5469901486903317,4.0,117.3233444283207,6829.569019251435,25426.759835279496,8.5,49.22403541747438,3512.2004233737284,2.2
2025-07-18,3.608239957754387,4.055421924589752,4.4142277714042315,1.532484309333071,2.5229376152566814,4.0,116.9261674239337,6829.931938949992,25468.435379027487,8.5,47.78782047357049,3508.4263234630125,2.2
2025-07-21,3.620810020728406,4.109669199124866,4.463627937404119,1.5299242136450353,2.5797449854798304,4.0,116.85582840685957,6873.949581306361,25639.92242314833,8.5,48.590935351974466,3522.063689306772,2.2
2025-07-22,3.666366744757247,4.171140193104499,4.509508363649362,1.5518107116945985,2.6193294814099004,4.0,116.83831417336819,6904.390354103788,25845.091851965448,8.5,49.622265130011556,3494.255858445677,2.2
2025-07-23,3.66929747415487,4.157258881330221,4.521357291435773,1.521636611920159,2.635622269410062,4.0,117.09511470889852,6945.6945706099805,25895.024926165777,8.5,48.6677234560441,3517.5985377824013,2.2
2025-07-24,3.6393183296321228,4.141384800203223,4.509265715477972,1.498190555940375,2.6431942442628484,4.0,116.81702513789286,7005.851011920223,26289.283403862224,8.5,49.23233922708224,3509.212468044955,2.2
2025-07-25,3.6232397948278665,4.124272632534798,4.4992695837239856,1.4927911369206956,2.6314814956141026,4.0,116.31666014770687,7084.29178090373,26665.5620678395,8.5,48.49403549375454,3515.292696923222,2.2
2025-07-28,3.6405897481564042,4.126213849527808,4.492011957271917,1.5111995338717619,2.6150143156560466,4.0,116.48110112390472,7086.256318894757,26733.89554313766,8.5,48.106943532224996,3486.201039316078,2.2
2025-07-29,3.5966630956046144,4.077583837760248,4.459463389725432,1.44744017943274,2.6301436583275075,4.0,116.42655717940971,7159.076504912131,27038.510586394907,8.5,49.118412134235065,3476.6281858419898,2.2
2025-07-30,3.60656996354234,4.078954591150302,4.467681106132587,1.433908039476693,2.645046551673609,4.0,116.4303470404692,7176.4614399745,27190.0341829798,8.5,49.13237915056707,3466.5909901893447,2.2
2025-07-31,3.6137168685721193,4.048031290494422,4.428349297992793,1.4546171134477277,2.5934141770466947,4.0,116.22433510926165,7145.104211201232,27141.517160584022,8.5,47.93875331254684,3501.403803980349,2.2
2025-08-01,3.633646597713933,4.112752979220144,4.499006452945941,1.4628858223929577,2.649867156827186,4.0,116.31490928731243,7150.857921623349,27296.60710539768,8.5,49.01781511754088,3514.4727285578483,2.2
2025-08-04,3.6493738087680416,4.134116838844779,4.538908250121779,1.4765645101460227,2.657552328698756,4.0,116.45226651752596,7138.622339476364,27214.75272402497,8.5,48.143888725379526,3516.7898396866253,2.2
2025-08-05,3.6647733466224715,4.132686595358358,4.525769390282308,1.5103841033565741,2.6223024920017832,4.0,116.75066622264815,7100.260626971574,27029.236925048775,8.5,47.33564391354643,3479.442389725517,2.2
2025-08-06,3.720642837293328,4.135198876555695,4.514254526734176,1.5467173321078849,2.5884815444478098,4.0,116.9492509235568,7067.847202654598,26882.822678170593,8.5,47.11186226652777,3463.00604052767,2.2
2025-08-07,3.693125860506972,4.11957308710687,4.5025979727116745,1.4969838864750313,2.6225892006318383,4.0,116.78543750561371,7173.490989703994,27322.153587847024,8.5,47.00827166053578,3516.462578002779,2.2
2025-08-08,3.6899895615955427,4.179444332253028,4.556987710131745,1.526600953475191,2.652843378777837,4.0,116.63238949476855,7141.3538309384385,27252.066062703907,8.5,47.25637534140781,3539.9545589269555,2.2
2025-08-11,3.7095851982782007,4.178049682795134,4.53496277289371,1.5402677246514358,2.6377819581436976,4.0,116.89006138880134,7132.127806423968,27222.784704022317,8.5,46.24103367674557,3532.772169908897,2.2
2025-08-12,3.6902702880211264,4.182986197452886,4.534352558809978,1.5374925813436104,2.645493616109275,4.0,116.72424133960175,7195.586871619467,27663.154745720298,8.5,46.72311976767366,3518.70989053345,2.2
2025-08-13,3.760741800601048,4.188446036307385,4.51594429123294,1.5867175943788947,2.6017284419284907,4.0,117.08060148955589,7111.255668411706,27283.767123288635,8.5,45.863783335860184,3508.3216997146574,2.2
2025-08-14,3.7245726168687963,4.123624966731789,4.465579138952467,1.5248613050636228,2.598763661668167,4.0,117.25801199075043,7112.2382749003955,27265.23729046429,8.5,44.16426327520342,3502.233412710967,2.2
2025-08-15,3.738830685230776,4.120471820228953,4.483401762070647,1.5448112222479877,2.5756605979809652,4.0,117.52219053523322,7143.529902493891,27210.846814946988,8.5,43.127568818647795,3488.143901019308,2.2
2025-08-18,3.7108489006313103,4.092980993159415,4.452743891700466,1.5039717175638936,2.589009275595522,4.0,117.30291700392073,7154.501612723865,27192.445018518298,8.5,43.146772415390046,3474.245734218092,2.2
2025-08-19,3.744515573164779,4.139366166640542,4.494839735743002,1.51952649843996,2.6198396682005827,4.0,116.99224014183953,7184.098476270082,27413.271373887354,8.5,44.42226790038153,3442.8807001807095,2.2
2025-08-20,3.7397945562886696,4.13970768488224,4.482110408262059,1.5089665013678506,2.63074118351439,4.0,117.13965027394585,7176.215693287014,27490.241665945596,8.5,44.239656205838074,3465.08559386256,2.2
2025-08-21,3.7387809167979653,4.152791131446728,4.502755451807225,1.502949058151545,2.6498420732951833,4.0,117.14910618051184,7201.274322586534,27583.26306005335,8.5,45.073744817332546,3472.310931050782,2.2
2025-08-22,3.7578729178061656,4.13018608843325,4.461374594212277,1.4920424285790652,2.638143659854185,4.0,116.96225146992812,7231.062398045386,27811.54437589753,8.5,44.34604644490087,3462.571697350867,2.2
2025-08-25,3.7101041735269837,4.0278452732951155,4.37626957682848,1.423988496146404,2.6038567771487116,4.0,117.4054574558252,7226.5454256952435,27731.82905168055,8.5,44.47254378873406,3468.255101034844,2.2
2025-08-26,3.7297037334055343,4.0519473661910235,4.396495873644655,1.4502716903279564,2.601675675863067,4.0,117.22051645894838,7206.186111104994,27552.00263610467,8.5,43.87040460882958,3489.981337272534,2.2
2025-08-27,3.735086891226816,4.044162841872083,4.4122771802434215,1.4062620815509308,2.637900760321152,4.0,117.87256317227076,7161.012980710019,27347.41677378416,8.5,44.05662120808336,3481.08728325512,2.2
2025-08-28,3.722380004209139,4.027662648931248,4.39429520265039,1.3877984586817593,2.6398641902494884,4.0,117.73208582367073,7215.687714179548,27573.12410670891,8.5,43.9514615159147,3459.6205090296407,2.2
2025-08-29,3.715744218619488,4.020336571119715,4.41584662877352,1.3821255710524927,2.638211000067223,4.0,117.5857733299183,7170.7057245157985,27069.61405463643,8.5,43.01361569236126,3484.9355067252386,2.2
2025-09-02,3.7336009177894383,4.043261264355949,4.4297936299037035,1.4039225086013245,2.639338755754624,4.0,117.92672972118106,7166.793893275342,26892.255514273344,8.5,42.621446733443584,3495.4739322467876,2.2
2025-09-03,3.735506568791516,4.062818403535317,4.4472932616117,1.405887727857829,2.656930675677488,4.0,117.49351139806694,7209.148076430903,27078.418224982863,8.5,42.68192955079265,3518.5827709539826,2.2
2025-09-04,3.7167047771476414,4.038080935356393,4.438367846156137,1.3826471610570352,2.655433774299358,4.0,116.62715085909147,7293.305388122378,27400.05794078342,8.5,42.553050191967884,3588.8604673554228,2.2
2025-09-05,3.743365261738358,4.056930338727567,4.469273045683877,1.3910423597525106,2.6658879789750567,4.0,116.06666783106989,7284.275630138036,27294.21738560707,8.5,43.25224480357296,3635.4686758081707,2.2
2025-09-08,3.7645739705451735,4.012930997268835,4.397545163663333,1.4114857223726853,2.6014452748961503,4.0,115.85525700958995,7299.972356408551,27249.47691162037,13.047623814336673,42.8548411457956,3617.472592660627,2.2
2025-09-09,3.8279330421637567,4.14218998436653,4.511953135706198,1.4795914237259802,2.6625985606405496,4.0,116.20323200602405,7237.261899998232,27054.297219513515,13.193600774769884,43.617945354692246,3552.358249468224,2.2
2025-09-10,3.8343398692962487,4.199641791141936,4.574459440430259,1.4890007312561102,2.7106410598858255,4.0,116.98975641513361,7084.134639185017,26405.672239136347,13.733349635919087,41.347624142259704,3560.3942209693305,2.2
2025-09-11,3.79209388025638,4.123248018663466,4.460593571423005,1.452384376077025,2.6708636425864407,4.0,117.0148367937704,7212.232687472119,26767.468060621934,12.41438257740546,41.714854306194766,3551.1294509026166,2.2
2025-09-12,3.773268088721438,4.0235912019746785,4.36215093235845,1.4079713193102341,2.615619882664444,4.0,118.00976988321187,7218.897321349677,27028.093217856243,12.298494985091123,39.063590454321925,3522.57948430415,2.2
2025-09-15,3.6411464633589867,3.8886552863648993,4.2766340885035685,1.2648384184958945,2.623816867869005,4.0,117.44761917000957,7511.357539329644,28295.457018497596,11.180789619510268,41.157781614437276,3552.7983406525937,2.2
2025-09-16,3.655890934645594,3.9709427860685214,4.377711533079925,1.25299859951013,2.717944186558391,4.0,117.52935641646606,7356.007539173453,27513.805651734292,13.139557586230525,42.42383711326661,3603.1284240705395,2.2
2025-09-17,3.7420088241864837,4.029217691489318,4.4000109133541,1.2931145525897945,2.736103138899524,4.0,118.0379745699956,7191.093399993936,27150.105660101875,13.57958213168504,39.724877324886485,3608.025649881343,2.2538169725386257
2025-09-18,3.8122594933345546,4.044949243840772,4.406923218573172,1.352976057711049,2.691973186129723,4.0,117.31514406686179,7204.353972478021,27375.374992568977,13.304649507652647,41.171956410308184,3615.2315546068144,2.2
2025-09-19,3.798226663036241,3.927535058409211,4.343954780096704,1.2471110230696225,2.6804240353395885,4.0,117.06413526870342,7302.671912104685,28071.762419168444,12.283851771767493,41.746246774369986,3631.2852931298767,2.2
2025-09-22,3.7576036857416715,3.8671705414198554,4.257405540472375,1.2276757783514851,2.6394947630683703,4.0,116.7208351147753,7196.151240309233,27185.076806816593,12.777644787734781,44.09751644945313,3637.7767080274775,2.2
2025-09-23,3.887574774343163,4.089670339087564,4.485218499230877,1.3267280250224085,2.7629423140651554,4.0,117.4370042247484,7210.128945764205,27153.384556279954,10.829251276189165,45.5716731685273,3587.9674867977924,2.2
2025-09-24,3.93348800523073,4.165350815877505,4.56090116071346,1.369587618660925,2.7957631972165804,4.0,117.36428928606382,7150.607092442823,26761.71010285401,10.440417220154213,47.45797497276207,3579.2303975618624,2.2
2025-09-25,3.9572617738511098,4.196888686226844,4.5812928658221885,1.385485778825052,2.8114029074017917,4.0,117.31718403820607,7194.63498604922,26716.30283167605,9.80158689390561,48.496763167348014,3546.6754802841274,2.2
2025-09-26,3.9458326837369,4.235947411399423,4.614570992687067,1.351007283710919,2.8849401276885045,4.0,117.65518224074418,7338.424945456844,27162.425060640133,9.77340740196091,50.75975495281866,3524.4987735053232,2.2
2025-09-29,4.020974688420207,4.267125002730923,4.64556988501256,1.3792134404458363,2.887911562285087,4.0,117.95552476012811,7371.644988978006,27294.95772148188,8.5,50.45063795311341,3513.4560990946607,2.2
2025-09-30,3.956209204551713,4.185398828992639,4.581439006227578,1.3244841165188057,2.860914712473833,4.0,118.03829401312649,7368.768029801664,27422.085049473575,8.5,48.100657345361945,3528.1880872864986,2.2
2025-10-01,4.038653124295614,4.301152472554094,4.704331106074523,1.347008171608413,2.9541443009456807,4.0,117.59257198678526,7389.197017578837,27805.563305609114,8.552060430791444,47.92535250899889,3566.255330149983,2.2
2025-10-02,4.073650361750512,4.290642315059259,4.716544267278798,1.294124976866989,2.99651733819227,4.0,116.07341975110747,7401.473950211709,27926.70383569806,8.5,49.56987934683507,3627.0040401739993,2.2
2025-10-03,4.043071124939876,4.25145424100033,4.6724042413164035,1.2884633720346175,2.9629908689657123,4.0,116.32471669700284,7366.271135888537,27914.816926584725,8.5,49.29934831757478,3639.6057925750324,2.2
2025-10-06,3.9956996212572298,4.2523159097131344,4.672610184574134,1.306673810677382,2.9456420990357524,4.0,116.53490043198497,7302.350028891165,27396.191219750344,8.770366098020311,49.49935430612811,3655.4179894361505,2.2
2025-10-07,4.00535980983683,4.266452932936127,4.668015097446733,1.3396275123900567,2.92682542054607,4.0,116.53567497059954,7224.89448995824,27068.056859769775,8.943828750962362,50.053436733278474,3655.866827039059,2.2
2025-10-08,4.046320804480981,4.3129800935089655,4.7311373833424994,1.3773504976253697,2.9356295958835963,4.0,116.66374686451616,7228.122668716744,27101.80258629444,8.556962129916956,49.2204302100056,3657.369211486991,2.2
2025-10-09,4.056193905357306,4.317172170455802,4.742823678573825,1.3861050890490447,2.9310670814067565,4.0,116.83563646343484,7163.989145834696,26894.237392427156,8.640193967375355,49.20478098839745,3618.4800199907495,2.2
2025-10-10,4.0991906028899505,4.384369884189068,4.791887410211483,1.4475244159992051,2.936845468189863,4.0,116.69853361899067,7179.92323434443,26866.477452277715,8.956692461073018,51.26370619817611,3560.5172261859193,2.2
2025-10-13,4.169450074889548,4.495633559194445,4.874599022474011,1.5558927695298936,2.939740789664552,4.0,117.33629349532504,7064.560416650172,26335.033346667038,8.915854444306932,50.7440875151386,3508.109293122014,2.2
2025-10-14,4.154044709408961,4.556441016427136,4.936591747801968,1.5855812556354123,2.9708597607917233,4.0,116.73526948722058,7024.297156674947,26195.633655592195,9.868533251323719,50.99406141643666,3504.00536064129,2.2
2025-10-15,4.236270694216068,4.643221685563797,5.016129865039327,1.672637394930394,2.9705842906334032,4.0,116.96484866229889,6931.652764983124,25737.780502811536,9.86365162164191,51.45486953189655,3498.362411462363,2.2
2025-10-16,4.240854736189953,4.659709738778879,5.022798792584894,1.6603633069078652,2.9993464318710146,4.0,117.65144131685291,6878.110266169185,25646.894969864312,10.773435669094964,52.667260420032505,3491.667245100857,2.2
2025-10-17,4.1769616198257475,4.643998560263588,4.994661934641625,1.6322713557052246,3.011727204558363,4.0,117.60676513421197,6900.771401240669,25898.51844805359,11.321952506101765,53.73815628859762,3526.4003168657564,2.2
2025-10-20,4.188604412567016,4.58057521969701,4.935724013833241,1.6286381316761083,2.9519370880209026,4.0,116.91603801369287,6874.841222497244,25798.529154732278,11.6302029135136,53.75449725198712,3543.242673100259,2.2
2025-10-21,4.164779445641328,4.538384117314111,4.904830570558655,1.5912390717874234,2.9471450455266877,4.0,117.30450653078302,6878.835609391071,25712.920819566185,11.57761420413428,54.439055401651416,3516.9487951890405,2.2
2025-10-22,4.191818945007323,4.590356455374508,4.948623636155329,1.643623392169029,2.946733063205479,4.0,116.8343971700384,6830.354378520903,25545.845344247522,9.75457980381558,53.83180613630955,3546.8027761506046,2.2
2025-10-23,4.253659486182373,4.682447206020018,5.050376265049963,1.7051290817804845,2.9773181242395332,4.0,117.76807948638208,6775.26898848145,25249.61943007338,9.441289631258895,52.21524963940502,3542.888197803392,2.2
2025-10-24,4.218076994045532,4.606634332923806,4.989788809697845,1.6462814953613751,2.9603528375624313,4.0,118.08462040188294,6787.421976800149,25547.244115527483,10.120808727289763,52.10842646399988,3531.333228432251,2.2
2025-10-27,4.276579215047161,4.594802574047097,4.957924287080022,1.7045750097512224,2.8902275642958744,4.0,117.9540156286442,6759.602660448046,25306.97177878276,11.03134716293179,52.00616911204602,3535.6175597163037,2.2
2025-10-28,4.261635991732566,4.567823099071665,4.927748077964017,1.7416424463330968,2.826180652738569,4.0,118.23680269236156,6656.057942569985,24875.858645861095,10.566151505256782,51.39165141561134,3491.9792407060722,2.2
2025-10-29,4.219102326948296,4.522851663089822,4.883908235395707,1.7033982576594289,2.819453405430393,4.0,118.62435351771397,6692.877195510223,25104.481305487738,10.172277223257757,52.19320445041943,3504.029461161074,2.2
2025-10-30,4.195999302801311,4.541284205100748,4.9059609571700165,1.6918607631943745,2.8494234419063735,4.0,118.01088718561662,6777.130060629602,25445.39675427539,9.794967264430825,54.23479156243135,3519.7082305484387,2.2
2025-10-31,4.123801219135027,4.407958312153124,4.75128423144927,1.630482149481074,2.77747616267205,4.0,117.26705221617893,6834.721725117019,25673.448381058817,10.90751727273,54.63361261010228,3561.6387552106344,2.2
2025-11-03,4.132602891149722,4.461721146078435,4.812138067719375,1.7106457885307114,2.751075357547724,4.0,117.82934256582902,6751.149216406826,25275.044818993327,11.668255942349578,54.77113003354971,3565.8139373420645,2.2
2025-11-04,4.10054114345103,4.447821081907711,4.8142571857935605,1.6547505315679218,2.793070550339789,4.0,117.67780178719595,6771.525280183145,25339.161228129724,12.029231183666647,56.47477024329914,3590.507497250429,2.2
2025-11-05,4.163857522587698,4.515044771635086,4.882496793688409,1.659249769545935,2.8557950020891516,4.0,117.26016146505339,6765.631420731515,25448.91768141673,11.663423689503631,57.513716196802385,3621.1729729730882,2.2
2025-11-06,4.119504400412465,4.460103691726605,4.898873757879948,1.5504657196432445,2.9096379720833605,4.0,117.32483119499602,6832.49160516551,25868.12849854355,11.449441734469264,58.48049360009413,3672.4052948624835,2.2
2025-11-07,4.060061400103942,4.445543383366324,4.856582334648607,1.548930137945185,2.8966132454211397,4.0,117.36919608355629,6947.133993084979,26468.94915311221,10.570498196529272,58.14647175650909,3699.698781558648,2.2
2025-11-10,4.015348220189746,4.440514768356914,4.899767087277213,1.5609452660373453,2.879569502319569,4.0,117.11962616451979,6940.019744097723,26556.56987295336,10.125035752805736,57.60301366100347,3746.2193714176146,2.2
2025-11-11,4.04164319353405,4.527276296237559,4.962070881687244,1.6181968269964997,2.9090794692410586,4.0,116.98091429277386,6883.778907511429,26310.3643438753,9.560545370476268,59.23835762864526,3762.671044319109,2.2
2025-11-12,4.065826083287032,4.546417163741734,4.962259082234931,1.6389881602194123,2.9074290035223216,4.0,117.05205160656189,6857.572652181339,26261.72380097973,9.637296590969402,58.66618406322419,3752.788388155158,2.2
2025-11-13,4.145008584436127,4.619421009008116,4.986820897784438,1.7170651964370793,2.9023558125710363,4.0,117.46231850283417,6798.146587197972,26131.072693762846,9.484357136293069,58.93135877489828,3752.7517425908763,2.2
2025-11-14,4.077191664229831,4.606576894237059,4.9744159851861,1.7199932342488873,2.886583659988172,4.0,116.85279670983195,6865.950974506092,26280.03501518811,9.109378943249022,60.57450275841777,3747.65143066598,2.2
2025-11-17,4.080247845215043,4.611830987496686,4.963934728071323,1.7112295471489471,2.9006014403477387,4.0,116.82575307869323,6837.280994769102,26266.262008020774,9.480226408790331,62.30797931308969,3736.6526349887727,2.2
2025-11-18,4.122484267905719,4.661579686634938,4.996017223553272,1.7596122994239092,2.901967387211029,4.0,117.39907273612843,6777.825241085639,25901.76647445106,10.183952496071294,61.29441721988512,3745.986776591856,2.2
2025-11-19,4.052858465353142,4.566146418138621,4.888508408335075,1.71045696020434,2.855689457934281,4.0,117.01120381120273,6863.7921449304,26214.013966682047,9.504845874597073,61.81473740629739,3744.871487166265,2.2
2025-11-20,4.017826077720735,4.498785020072342,4.813133489748576,1.6687247914681516,2.83006022860419,4.0,116.44811932888338,6960.0918395978715,26622.343434420407,8.5,62.242436587969706,3753.4419978905407,2.2
2025-11-21,4.032435812254475,4.513402787324568,4.842145860965172,1.700195249057578,2.8132075382669903,4.0,116.62786686066158,6905.150951347994,26284.53416821828,8.845171468852268,61.470909254718116,3734.6784936994927,2.2
2025-11-24,3.963323342343787,4.44322061642511,4.770459466650001,1.6568212730454772,2.7863993433796335,4.0,116.12716108210455,7005.217184405279,26707.504007122126,8.5,61.961198411633276,3747.5136817521493,2.2
2025-11-25,3.94111897343593,4.369299591404854,4.725171787642851,1.6034880472537054,2.7658115441511484,4.0,116.15536283724002,7033.132820219098,26636.765847880757,9.121712722452035,61.81697464762247,3738.111499988599,2.2
2025-11-26,3.9308221177241136,4.3915875577635015,4.749644186218367,1.6482744207761113,2.74331313698739,4.0,116.44743058321491,6953.085139431997,26339.822147756222,9.98773194359572,59.207531061682694,3758.932902213852,2.2
2025-11-28,3.8536078067088004,4.416271000483782,4.761183307642367,1.65568296515099,2.7605880353327925,4.0,116.91573394811577,6880.173882886934,25894.295472113674,10.94082601664819,58.885182404128265,3720.6027581039566,2.2
2025-12-01,3.8327032069765887,4.4232088442644635,4.757088999536885,1.6570808342650307,2.7661280099994325,3.75,117.40708638108758,6846.501877231289,25889.79679046691,10.014898230115886,58.28882072676022,3707.0658198440738,2.2
2025-12-02,3.817827557310374,4.396670172331564,4.703018595834086,1.6666918251342768,2.729978347197288,3.75,117.20077357265657,6865.154132522068,25929.646710198474,9.429072935908241,56.80907792333476,3685.517889939961,2.2
2025-12-03,3.7671271220168205,4.346208310903517,4.649309965394891,1.6319119815560095,2.714296329347507,3.75,116.9474844536145,6905.605332512752,26220.800143386736,9.04157548117863,57.18083652169974,3678.0285762519256,2.2
2025-12-04,3.7995048158737443,4.406720775750733,4.7023607808772345,1.6931968347101973,2.7135239410405356,3.75,117.22730291200706,6901.220827949102,26045.634962239164,8.530926112042005,56.133080904236806,3648.1717648016956,2.2
2025-12-05,3.7846924499338974,4.449234085234888,4.75151749883124,1.7231600475712638,2.726074037663624,3.75,116.92582559581125,6904.811272312293,26226.489665382393,8.837138502651944,57.319186895242474,3644.2622650966464,2.2
2025-12-08,3.7472521144291213,4.421740912184673,4.748637011319646,1.6667259146817308,2.7550149975029425,3.75,116.4220688801303,7007.7499826239855,26648.584855601817,8.5,58.09549374674053,3644.50321865161,2.2
2025-12-09,3.8000183806087158,4.510455413786184,4.822840412450281,1.724803116099791,2.785652297686393,3.75,116.7639000961704,7011.199013579334,26635.966168733627,8.5,58.3929365087767,3632.436884716625,2.2
2025-12-10,3.7849964208834077,4.521827900675606,4.820765310666798,1.7423998950144786,2.779428005661128,3.75,117.0278119611257,6986.143307285687,26437.2178081462,8.5,58.82695383798569,3643.0779596876278,2.2
2025-12-11,3.793287755920923,4.503526061275104,4.786158263717937,1.739145825371719,2.764380235903385,3.75,117.4199438517686,6951.4216903029555,26362.255991835016,8.5,58.03989228476417,3647.586323499118,2.2
2025-12-12,3.7981059549793788,4.489485694309868,4.763959255090981,1.7040723617442048,2.785413332565664,3.75,117.06620919293722,7051.271582069872,26963.823732568773,8.5,57.97119660854361,3670.058949221361,2.2
2025-12-15,3.8007074971600576,4.509907153960296,4.81121609751627,1.7084510700111202,2.801456083949176,3.75,116.85150602222562,6989.409110001039,26830.7968891648,8.5,57.695202151925834,3711.999175501197,2.2
2025-12-16,3.779658087349267,4.478558986443853,4.7954988519066,1.651270562431078,2.8272884240127754,3.75,116.134812936587,7062.234046189108,27150.247575373145,8.5,57.19156942308802,3739.567815150417,2.2
2025-12-17,3.838420995125602,4.579324395686975,4.884521046548179,1.6890648220950963,2.890259573591879,3.75,116.05548326190404,7180.724396738879,27626.074109577843,8.5,59.41413578488001,3693.5168556588683,2.2
2025-12-18,3.797640017347353,4.511354084930412,4.830011739465354,1.664779399638837,2.8465746852915745,3.75,116.26201936428048,7126.804925996786,27395.79981563908,8.693529986053848,60.24879737262794,3663.4208010512384,2.2
2025-12-19,3.888345945831168,4.646220079811061,4.949119910296483,1.7356717178953038,2.9105483619157577,3.75,116.39605738773109,7193.998396559304,27676.83916706099,8.5,63.755291109592314,3624.735573259081,2.2
2025-12-22,3.8691095410909098,4.637813188452976,4.939176479737058,1.7567554763359532,2.8810577121170233,3.75,116.40085178074503,7142.20227918572,27389.29163678588,8.536952176709352,63.26178688601597,3632.621623999644,2.2
2025-12-23,3.9375511275253476,4.695413072203728,5.032887922763479,1.8040744743216846,2.8913385978820427,3.75,116.58435677602957,7083.990817668082,27037.848677213886,9.397060713901006,63.16408169176244,3635.0451430653675,2.2
2025-12-24,3.996419556721859,4.708458260100588,5.065861989817227,1.823399152800691,2.885059107299897,3.75,116.33612490177,6983.203038132442,26474.6456151747,9.71518724913596,64.9580990295411,3676.2757882780716,2.2
2025-12-26,4.05603565554695,4.810700159414934,5.162956434941501,1.927941921367016,2.882758238047918,3.75,116.89344415335222,6895.0041366011865,26067.56536113941,10.584932135274641,65.12622561037087,3664.2893174230885,2.2
2025-12-29,4.127893724228218,4.878173454854976,5.232161469238022,1.978405456433859,2.8997679984211175,3.75,116.47179177545647,6855.534281548419,25733.961809665187,9.825772132386023,63.73895727502174,3641.232002249888,2.2
2025-12-30,4.08789852298092,4.828836656748335,5.181075255525824,1.9276699038191307,2.9011667529292042,3.75,116.49912374591612,6933.685445702956,26220.788494260927,8.690942296546414,64.8219054615957,3675.5422577557924,2.2
2025-12-31,4.139126667459969,4.9866995808108285,5.322222443115407,2.0484075552988146,2.9382920255120144,3.75,116.856737606548,6971.563036398538,26311.37372466655,8.5,64.42149564427973,3631.209220492666,2.2
2026-01-02,4.182671696096634,5.003057275467327,5.325729592003671,2.082683036698453,2.920374238768874,3.75,116.70397511163381,7046.7629984312725,26613.6916082498,8.5,65.92661519552996,3656.8793658334966,2.2
2026-01-05,4.147032617064311,4.900377119580726,5.215597260511103,2.0386469264497165,2.8617301931310104,3.75,116.43204679886085,7133.012010328935,26898.904576297857,8.5,66.22851917981377,3676.3474011121934,2.2
2026-01-06,4.180663694300595,4.967913444400969,5.2716999360305,2.070561442096795,2.8973520023041734,3.75,116.34223116571903,7182.082534592696,27112.423156762557,8.5,68.61603493844162,3627.2064304994988,2.2
2026-01-07,4.19622121323078,4.997755022180749,5.29966450771575,2.0994161167115153,2.8983389054692337,3.75,116.72281166730492,7145.910552631296,26881.01574689065,8.5,68.06042727753622,3605.410439601352,2.2
2026-01-08,4.188091287970166,5.034986075867424,5.368937789005704,2.100968017780852,2.934018058086573,3.75,116.69814557139316,7117.588392367421,26786.152714830958,8.5,68.53917464275298,3618.264165616747,2.2
2026-01-09,4.174378629226242,4.9535707091709185,5.302506305049996,2.0669170023028176,2.886653706868101,3.75,117.03521171490496,7062.24329866162,26384.975426791672,8.5,65.93035215370723,3613.933532538391,2.2
2026-01-12,4.162031949613176,4.930458048416092,5.304452664466447,2.0340219048584633,2.8964361435576285,3.75,117.06077151024596,7170.85889485328,26864.03252012503,8.5,66.18904615727146,3589.9633557236707,2.2
2026-01-13,4.152242180256485,4.920945670539489,5.313680874619259,2.0060883621663397,2.9148573083731497,3.75,116.6802245476039,7256.996426745258,27441.245169232363,8.5,66.80394316245567,3627.3484895461256,2.2
2026-01-14,4.163282093904943,4.975055694515463,5.365401442982297,2.049559509002818,2.9254961855126447,3.75,116.63844915565424,7194.212571569703,27145.36655256647,8.5,66.80093202789108,3632.5414346287303,2.2
2026-01-15,4.164028352477112,4.969744529685437,5.327033829022207,2.0557026559830467,2.914041873702391,3.75,116.44076335133742,7212.423500694087,27257.254684162304,8.5,66.1858061895086,3615.772243841109,2.2
2026-01-16,4.098647417106482,4.902127234836936,5.285308630088135,2.0023286460436567,2.8997985887932787,3.75,116.18731953473271,7399.882127235587,28188.932931107447,8.5,66.31362917108036,3607.4091488201484,2.2
2026-01-20,4.120675299031363,4.887524166356402,5.279221922623277,1.9904280457457642,2.8970961206106383,3.75,116.16152454587882,7408.831679294543,28257.62846323569,8.5,65.11566549493644,3609.7270154421494,2.2
2026-01-21,4.141376289050451,4.929380194837615,5.316541524062102,2.0099067832083564,2.9194734116292587,3.75,116.39296633197222,7444.686633422351,28218.77502918656,8.5,65.52031485889765,3641.8476185624368,2.2
2026-01-22,4.105185863049461,4.896906096953375,5.298942472669926,1.9996829277628292,2.897223169190545,3.75,116.27613905768446,7507.8206565451455,28604.358106442767,8.5,64.95216741613731,3671.7606733382404,2.2
2026-01-23,4.136863165744769,4.950161147984268,5.362776895496966,2.0395441679867967,2.9106169799974717,3.75,116.0740764661321,7387.0990405586945,28039.651198691485,8.5,65.26932108852533,3692.5820730975634,2.2
2026-01-26,4.165497375581612,4.993975811465972,5.400294630707263,2.057780750603408,2.9361950608625635,3.75,115.73900439164458,7414.010310992445,28308.542788741463,8.5,65.26899917499807,3693.9323471306907,2.2
2026-01-27,4.2175074616057815,5.08771913586785,5.472748895984196,2.1428756166315206,2.94484351923633,3.75,115.84215552337308,7355.830694715024,28008.823194968267,8.5,64.8222445006006,3676.3884925307398,2.2
2026-01-28,4.235944011133828,5.057822048408184,5.439936060369077,2.156837273167713,2.9009847752404716,3.75,115.85353768971846,7253.44118489738,27475.772453969574,8.5,63.94207635456276,3673.8056488373236,2.2
2026-01-29,4.2721942988751005,5.108302874260959,5.476065497447257,2.1900753017257575,2.918227572535202,3.75,116.24229252817321,7178.084122046698,27126.373956268002,8.5,63.92696106170884,3651.6893195961006,2.2
2026-01-30,4.2613039496000775,5.141179686699644,5.49156427175852,2.2093628182470804,2.931816868452564,3.75,116.3525949641272,7137.085840755577,26828.612952651798,8.5,63.17386395444713,3620.486854983296,2.2
2026-02-02,4.2880525092174455,5.13634009688756,5.514309860241466,2.185207532778878,2.9511325641086823,3.75,116.32413412671387,7171.277994035647,26986.029204581064,8.5,61.982010885425225,3647.923593459165,2.2
2026-02-03,4.278004368838224,5.164327432295849,5.544951859522372,2.1718330974370743,2.9924943348587747,3.75,115.90344420161945,7277.212543385927,27561.642042472035,8.5,61.37053896069704,3661.071508376749,2.2
2026-02-04,4.211876199869183,5.090988425543106,5.503168127305227,2.1054431850360227,2.9855452405070837,3.75,116.36118948138585,7265.096432292245,27536.608115646814,8.5,62.4410845467005,3674.433357611762,2.2
2026-02-05,4.197925651913447,5.072792314942527,5.505266972465103,2.0887032607204916,2.9840890542220353,3.75,115.962494455995,7265.918937513163,27524.029815946673,8.5,62.52897037048486,3725.807888936693,2.2
2026-02-06,4.151259517275511,5.053561279934632,5.519509293702392,2.0195848765305775,3.033976403404055,3.75,115.50613131707561,7294.013339714484,27679.86390664984,8.5,62.331516939119346,3769.058071894264,2.2
2026-02-09,4.226582988726789,5.140718269938164,5.5977696856961,2.0888647189133533,3.05185355102481,3.75,115.46128827707001,7312.45646836682,27759.972228652125,8.5,63.56030574253332,3757.2857446220514,2.2
2026-02-10,4.2085825472326714,5.125585952732461,5.586295871423061,2.1046204139637013,3.0209655387687597,3.75,115.40272294468953,7345.82800777226,27864.901203238147,8.5,63.161980693396565,3741.256277097511,2.2
2026-02-11,4.141889558568929,5.049265133326834,5.5384970133166105,2.0130121432254784,3.036252990101356,3.75,115.1286473520937,7508.090149480386,28614.008182356243,8.5,63.87369318922934,3778.6853655239865,2.2
2026-02-12,4.085045022844041,5.019754271432723,5.5443190184854165,1.9502881501861786,3.0694661212465446,3.75,115.1571293417809,7559.674047852296,28663.352171024508,8.5,64.65006170476589,3817.1149375753084,2.2
2026-02-13,4.130868876022355,5.026062403292911,5.535278141987138,1.9767389207353847,3.049323482557526,3.75,115.75157391687054,7506.135887596352,28480.981374306575,8.5,63.852753336285055,3788.769267898847,2.2
2026-02-17,4.184281705551862,5.099885412293066,5.597391537666792,2.0117077149941025,3.0881776972989634,3.75,115.71614129957264,7568.13281947401,28896.17036264819,8.5,62.892558783776984,3779.8692885102373,2.2
2026-02-18,4.1638981510152355,5.108908231880242,5.613668504901666,2.006906013232329,3.102002218647913,3.75,115.35101714378085,7602.142722287821,29053.265798828357,8.5,65.36100496312082,3801.85083612155,2.2
2026-02-19,4.211189913163409,5.105593279245051,5.570401147125643,2.048641649529077,3.0569516297159733,3.75,115.6362677903968,7532.662256155332,28899.672285715977,8.5,65.32559158518735,3832.792885872779,2.2
2026-02-20,4.169379951296638,5.0328614730289845,5.497078086466252,2.059407434919081,2.9734540381099035,3.75,115.55295029416367,7491.975848104007,28551.42398057497,8.5,65.07487084643732,3807.889413480148,2.2
2026-02-23,4.165391896898944,5.081099660912946,5.543455237680697,2.0833456671130244,2.997753993799922,3.75,115.094673915226,7525.68899121485,28774.11195955826,8.5,66.71806026189067,3811.9494538438,2.2
2026-02-24,4.167828065072455,5.074927994350993,5.550107419218674,2.0909159729943916,2.9840120213566013,3.75,115.01967980976602,7655.0070886932,29252.126128915537,8.5,67.93052119253151,3781.002509083264,2.2
2026-02-25,4.207603170255628,5.078758717167544,5.522515217001794,2.1406523264334396,2.938106390734104,3.75,115.27803471697064,7633.347567988167,29209.445452386455,8.5,66.20046822911284,3767.0389060200478,2.2
2026-02-26,4.1384432637579405,5.016504539140183,5.467070054798209,2.0992767948378854,2.9172277443022967,3.75,115.22087471983488,7565.904466960243,28934.530520368226,8.5,65.5531685636868,3786.4056292346845,2.2
2026-02-27,4.117905681660817,5.022449623292016,5.471009131838085,2.1094579452204196,2.9129916780715965,3.75,115.27223807675796,7611.13059388039,29114.932773595214,8.5,65.78116861075264,3774.852718338504,2.2
2026-03-02,4.091177330189766,4.991861604829212,5.448304278775274,2.1036430049585926,2.888218599870619,3.75,115.39657103277334,7595.20808507123,29089.115559228427,8.5,64.43698962871916,3786.0331635482025,2.2
2026-03-03,4.109272241061765,4.976410764420619,5.434014159787301,2.114611209628358,2.8617995547922614,3.75,116.20796713159473,7594.114022335844,29142.448543955496,8.5,65.59684450933402,3716.4244228782513,2.2
2026-03-04,4.128995298406943,4.964798269330822,5.411134826719176,2.157881756927538,2.8069165124032835,3.75,116.90374075981848,7564.511693191604,28997.524437578588,8.5,64.04113286873724,3685.3566367627313,2.2
2026-03-05,4.128753467615142,4.932018206337972,5.385196103868412,2.1650171783630032,2.767001027974968,3.75,116.63137256027565,7533.87147356615,28756.447066122906,8.5,64.02272344077339,3675.252921526128,2.2
2026-03-06,4.120489520444551,4.892312089751658,5.341171414563619,2.126073303379793,2.766238786371865,3.75,116.79423608757756,7556.697330787926,29026.801141664444,8.5,64.1378885509254,3718.1562890450846,2.2
2026-03-09,4.047791425799473,4.7855646946484995,5.237882142810842,2.0274223423728306,2.7581423522756685,3.75,116.60616744476742,7734.453686789009,29864.91242467341,8.5,64.17270563214224,3702.554100857301,2.2
2026-03-10,4.102486672502919,4.826319667807968,5.260213495350894,2.0896025301386163,2.7367171376693515,3.75,116.51461134756666,7721.848511434383,29792.101260442876,8.5,65.69502708814949,3673.139753696377,2.2
2026-03-11,4.062872229190468,4.795806063130668,5.241573855143939,2.050516573041426,2.7452894900892417,3.75,116.34848624393301,7778.57825150282,30155.29358731241,8.5,67.01191881647611,3707.180909823772,2.2
2026-03-12,4.076593888543341,4.797783771666937,5.230398579926648,2.0921115684216187,2.705672203245319,3.75,116.22654259067778,7726.30688058371,30048.216359300226,8.5,65.96820137704493,3680.732950885138,2.2
2026-03-13,4.095081611788165,4.847003626525066,5.267875864199428,2.140993606996885,2.70601001952818,3.75,116.6437397145855,7695.68155838243,29825.63822186621,8.5,67.15516633710726,3660.0676467567055,2.2
2026-03-16,4.100303168446822,4.887893225474384,5.332541161422037,2.129440400255167,2.7584528252192166,3.75,116.23630353237056,7723.521577053918,29800.714732945005,8.5,67.15677953111197,3731.4839167215046,2.2
2026-03-17,4.071805567725418,4.813409209995767,5.271157799071256,2.076667606759117,2.736741603236649,3.75,116.0178594993441,7697.70261541818,29611.17760506982,8.5,65.74385608797068,3750.728882733013,2.2
2026-03-18,4.0636098158807865,4.795199792467841,5.255618706710374,2.0829665835181754,2.7122332089496655,3.75,115.42387216246658,7833.139271750688,30222.956640468932,8.5,68.01205727318425,3762.4540050940254,2.2
2026-03-19,4.00007911160247,4.736228338016184,5.212968078204335,2.048691710147985,2.6875366278681985,3.75,115.50341808782771,7836.878331220498,30403.858578209503,8.5,68.39297912203894,3759.912050161444,2.2
2026-03-20,3.9822927610226992,4.685858835342579,5.204925534383232,1.9913638735999792,2.6944949617425995,3.75,114.93123364408176,7897.594615877668,30699.8048693414,8.5,66.27380715606316,3817.650562272486,2.2
2026-03-23,3.965195123334912,4.71431487685998,5.229716522518489,1.9974036095567294,2.7169112673032507,3.75,114.64606747734028,7885.683926927652,30728.163366265224,8.5,65.91936745832976,3816.6067980759667,2.2
2026-03-24,3.9696568532951475,4.70800444330075,5.2007161861533255,2.003145523083455,2.704858920217295,3.75,114.56849236351437,7877.279569265477,30440.575271607726,8.5,66.18652448162801,3820.201356585809,2.2
2026-03-25,3.9977298808865633,4.752159918451938,5.207596519161187,2.0239431738674503,2.728216744584488,3.75,114.6349832438976,7953.926394070616,30581.911824260416,8.5,68.05837832345644,3772.1667435405857,2.2
2026-03-26,4.080352007802671,4.763325956308843,5.204224256566832,2.0872568209523807,2.676069135356462,3.75,114.98459766572208,7912.674962476806,30368.911929849677,8.5,67.54823352052804,3750.3778522328917,2.2
2026-03-27,4.012528792582848,4.692679287245737,5.153516703822254,2.005513842061978,2.6871654451837585,3.75,114.27810189564673,8037.761571654961,30911.976102395052,8.5,68.24128662607262,3780.314459243135,2.2
2026-03-30,3.9890932791924723,4.690564514306869,5.159430640634387,1.9766655605394285,2.7138989537674405,3.75,114.33793935359586,8058.333909488409,30919.130646439982,8.5,68.0922338890941,3791.9383948038057,2.2
2026-03-31,3.971176421341069,4.645677216500173,5.097578820983425,1.9204458635026458,2.725231352997527,3.75,113.82947209928031,8134.847916793194,31204.438062963494,8.5,67.57504989895624,3766.9268515861218,2.2
2026-04-01,3.984491850485681,4.616566403130433,5.09056812170685,1.9176901068062602,2.6988762963241726,3.75,113.75087925421677,8164.847220651578,31256.20865869383,8.5,66.45119411535309,3759.848206872511,2.2
2026-04-02,3.973820167709422,4.5665872037378765,5.033544870162289,1.9211623590419022,2.6454248446959743,3.75,113.62730665962823,8174.1003161945755,31172.994497176678,8.5,64.58164648105819,3750.0455624483916,2.2
2026-04-06,3.9256982131640226,4.513209795437742,4.99166878528772,1.864724570727232,2.64848522471051,3.75,113.76719563526574,8268.438977569296,31676.40539900563,8.5,63.284064429501264,3751.883429562899,2.2
2026-04-07,3.9171676898323415,4.4922608095434065,4.998926739281498,1.8261492609853969,2.6661115485580096,3.75,113.44952633818357,8306.331787698673,31800.811918875148,8.5,62.359297857241934,3794.9066738292704,2.2
2026-04-08,3.895197098023184,4.485211023651334,5.00302304865869,1.8235815871887724,2.6616294364625612,3.75,113.31049884562265,8281.406277988162,31706.790829705173,8.5,61.36495722068436,3842.0801248862263,2.2
2026-04-09,3.9238102302405395,4.5336453914435655,5.041528816068996,1.8575200661548177,2.676125325288748,3.75,113.11036344977697,8233.857917904166,31578.305035075493,8.5,63.292625667486135,3873.091718452367,2.2
2026-04-10,3.9367971815658525,4.521012265340021,5.052954775525915,1.8511519993726964,2.669860265967325,3.75,112.68609817708831,8250.786758288983,31581.974336686344,8.5,64.60354231597582,3885.3647000701785,2.2
2026-04-13,3.9454714933960044,4.563840831087215,5.114565998510605,1.85046892077422,2.7133719103129947,3.75,112.23040942358071,8302.103620172731,31877.54623203803,8.5,65.61935566806068,3929.5414378274527,2.2
2026-04-14,3.9999636863587,4.632958651126977,5.185451470980721,1.8780148470903786,2.7549438040365986,3.75,112.65434106114868,8292.863980877102,31852.543853564075,8.5,65.83329404252245,3910.3655950922484,2.2
2026-04-15,3.9318072125988346,4.552695748012873,5.149525254095777,1.7890227844117232,2.7636729636011497,3.75,112.44073515577543,8368.816942603937,32067.506412520666,8.5,66.16313535710096,3934.1517831856218,2.2
2026-04-16,3.952977215208731,4.5741928173274005,5.173659536856679,1.8106365008178433,2.763556316509557,3.75,112.47663117101666,8409.530758636703,32183.994860519313,8.5,67.14041903941761,3930.057345890907,2.2
2026-04-17,3.917190630148321,4.517466837777804,5.127315966698373,1.7525604531550008,2.7649063846228037,3.75,112.64470015739661,8427.62128168761,32176.86464865952,8.5,65.96187345806459,3901.2789593943207,2.2
2026-04-20,3.9271936041037643,4.507668794174469,5.110044163246752,1.7573589833532284,2.750309810821241,3.75,112.91769099550048,8410.804609017707,32042.89113586751,8.5,65.79467566740139,3902.6978460480823,2.2
2026-04-21,3.9308427821936576,4.523707507597716,5.112828968445961,1.7707732841181443,2.7529342234795715,3.75,112.84912735863527,8476.58512447094,32416.65993940532,8.5,66.03230842916697,3934.113209050282,2.2
2026-04-22,3.9414187995060663,4.52200297671699,5.109763585237465,1.7690021618833833,2.753000814833606,3.75,112.63211317513773,8469.681177123792,32420.5010031682,8.5,65.82335455935181,3973.2129159212477,2.2
2026-04-23,3.937626514098289,4.4953225942367485,5.093524547834163,1.7617463788813919,2.7335762153553564,3.75,112.40122367637515,8500.557381614462,32600.137763745923,8.5,66.74968533802225,3985.487797640602,2.2
2026-04-24,3.9647657383082677,4.496719499020417,5.081403268040366,1.757555250483194,2.739164248537223,3.75,112.60897473124973,8513.116381288217,32774.331954139285,8.5,66.47416052389264,3996.1366645547023,2.2
2026-04-27,3.9463488327155316,4.482890499421179,5.067957599376817,1.7713651306573337,2.711525368763845,3.75,112.44372204940149,8493.48772820405,32869.17433316252,8.5,67.1363367213306,4019.668489290011,2.2
2026-04-28,3.9964577072562157,4.523214983086284,5.08297540859413,1.8080912440502122,2.715123739036072,3.75,112.60320255078273,8512.628902190907,32926.14450383187,8.5,66.53330380032418,4015.748292996674,2.2
2026-04-29,4.032156381368174,4.557834673600987,5.110916054568724,1.8352946066547375,2.72254006694625,3.75,112.68165528858876,8548.28730867011,33141.25320266255,8.5,67.62298736149216,3989.4485859200604,2.2
2026-04-30,4.030219313835307,4.539420209733744,5.086108031088626,1.8476024554713955,2.6918177542623485,3.75,112.44523291573711,8513.255798681133,33019.397885204955,8.5,67.73412741593368,3996.842894317964,2.2
2026-05-01,4.030681120048982,4.544715479103132,5.0750240268942886,1.857101869205314,2.687613609897818,3.75,112.70417669015416,8537.60933739255,33085.412542317776,8.5,68.70056022447301,4001.712254649548,2.2
2026-05-04,4.032422489566249,4.534459718497435,5.067551810902483,1.8660986010053797,2.668361117492055,3.75,112.98480688721548,8495.300472253844,32838.86294320177,8.5,67.57920052215462,4014.1066875609245,2.2
2026-05-05,4.063599301895028,4.584615348378396,5.123058480984093,1.8756307826571823,2.708984565721213,3.75,113.16596902314572,8535.627190775267,33041.555594020894,8.5,69.36078274133548,3993.40638294552,2.2
2026-05-06,4.048587903768228,4.577852743645735,5.127162968941445,1.8795628630998573,2.698289880545878,3.75,113.29314689370992,8513.714161335138,32915.29660722091,8.5,70.19055399170011,3983.509537872512,2.2
2026-05-07,4.062985758506859,4.597976610293075,5.15203429714178,1.8770379978201042,2.7209386124729704,3.75,113.37679256747899,8504.910129711527,33023.11967268126,8.5,71.18157997480398,3996.713479866288,2.2
2026-05-08,4.073703766795393,4.590748257887449,5.133806167229544,1.890961645317244,2.699786612570205,3.75,113.66151061934904,8543.192034563619,33198.11652562253,8.5,70.99703039732123,3945.53142054809,2.2
2026-05-11,4.0538677908584315,4.55604877522501,5.076923674251663,1.898507021982499,2.657541753242511,3.75,113.68669287901449,8609.254771507318,33593.3337650511,8.5,69.54734436533742,3966.6739341485295,2.2
2026-05-12,4.029995265885395,4.543848505817021,5.072831399765042,1.8598225109245439,2.6840259948924774,3.75,113.70731521429957,8693.408789915455,34046.77806890646,8.5,70.56718786742596,3982.4966483752096,2.2
2026-05-13,4.011882365632484,4.517897807760325,5.047522094326122,1.839621401100256,2.6782764066600686,3.75,113.50385587991025,8732.226144710934,34276.48806689291,8.5,71.76241506178047,3977.2359069345625,2.2
2026-05-14,3.9851498717807785,4.50993796854908,5.052441824673876,1.8129485719610263,2.6969893965880534,3.75,113.55740459842264,8732.370794275457,34428.89217365569,8.5,71.36798126660489,3989.637580322189,2.2
2026-05-15,3.9976156639844294,4.507668523894597,5.038354589225614,1.8255170496880355,2.6821514742065613,3.75,113.50445659794671,8762.895666295393,34657.62169972471,8.5,72.37837581500747,3996.9183187605927,2.2
2026-05-18,3.9556029664652126,4.432226332422315,4.967324922926068,1.7922563309107769,2.639970001511538,3.75,113.27948542882892,8749.406494815375,34589.85082550701,8.5,71.43126062751212,4033.167475365323,2.2
2026-05-19,3.9697077556118034,4.43892602717885,4.983009233712832,1.7966121880886017,2.6423138390902485,3.75,113.36149546521422,8778.108730346585,34761.02107385481,8.5,72.20713841518344,4028.540580476507,2.2
2026-05-20,3.9320489549020987,4.403035297081198,4.977911285421742,1.7593401325546845,2.6436951645265134,3.75,113.11740287160735,8801.17130243103,34842.20260149482,8.5,72.07625055957786,4057.7014278920396,2.2
2026-05-21,3.9806766352515215,4.469369187346693,5.044079892092468,1.7853650449653147,2.6840041423813785,3.75,113.21605931457171,8749.235955857172,34533.24863987266,8.5,72.06609538064373,4056.593098853049,2.2
2026-05-22,3.985099640225807,4.48080847327971,5.07668606344948,1.7658930217242748,2.7149154515554357,3.75,113.0070150231596,8854.45123787917,35091.368416496814,8.5,73.55071375407813,4084.775914981533,2.2
2026-05-26,3.976128989716582,4.46351922162591,5.0615990971916025,1.7663252857019671,2.6971939359239436,3.75,112.92490330054382,8848.39858838555,35234.484967489174,8.5,72.82039223979707,4073.819162370407,2.2
2026-05-27,4.006507310749229,4.477578059106275,5.063352767079572,1.7689034212624515,2.7086746378438233,3.75,112.87241122797391,8843.863657044025,35249.86842961409,8.5,72.06739702588327,4062.506307795623,2.2
2026-05-28,4.015438709492166,4.4996352534564235,5.074157730897516,1.7920071115947085,2.7076281418617145,3.75,112.89252677114985,8869.615199791502,35313.05359806474,8.5,72.99172408160811,4032.8258506344505,2.2
2026-05-29,4.0493320774202335,4.512267692870308,5.07735135061855,1.8218223791054986,2.6904453137648097,3.75,113.00919419591008,8827.488834810763,35070.88192683354,8.5,72.39230852911766,4004.848982965976,2.2
2026-06-01,4.074961930397607,4.544746887382253,5.10787983567285,1.8378771797701656,2.706869707612088,3.75,113.18883012370513,8851.602474251615,35277.82040165231,8.5,73.11544351222392,3993.7195113216994,2.2
2026-06-02,4.053016165393013,4.556718781809957,5.100083316932768,1.8396895787085499,2.717029203101408,3.75,113.38814339855298,8877.475305084268,35270.01838783258,8.5,73.44243891735846,4014.988207577569,2.2
2026-06-03,4.056103723875486,4.532248224813061,5.0842070651273215,1.8253777694999558,2.706870455313105,3.75,113.38130078455539,8881.959606597173,35146.457421341,8.5,72.7013504978451,4022.0378519461256,2.2
2026-06-04,4.04810576381984,4.550919665753774,5.117299553003336,1.8162782615753958,2.7346414041783786,3.75,113.43213989447779,8948.21459751189,35500.17696844864,8.5,74.23285603056827,4010.935040361709,2.2
2026-06-05,3.982719093528398,4.463185030263171,5.038245836058429,1.7714442804277954,2.691740749835376,3.75,113.06672532838017,8988.8485189227,35708.08596147344,8.5,73.25160502236466,4053.0091127650808,2.2
2026-06-08,3.994580133384621,4.491224903926425,5.0682484672979236,1.7959995871071643,2.695225316819261,3.75,113.1930687777386,8932.396900008784,35319.45551796336,8.5,72.89604606770172,4062.3442508009907,2.2
2026-06-09,3.9961024382484625,4.512437241828155,5.10355576396535,1.8042420139980793,2.708195227830076,3.75,113.3169334990889,8847.401648420495,34816.00680952244,8.5,72.31196596803429,4039.883910740729,2.2
2026-06-10,3.9451351584258676,4.464001993075874,5.046503738906577,1.7714246779602631,2.692577315115611,3.75,113.01293041880385,8915.571010410782,35102.8149147498,8.5,71.40668987011838,4037.195520843788,2.2
2026-06-11,3.937043951651693,4.474358049030661,5.069462870119713,1.7261052718284087,2.7482527772022523,3.75,112.98284322821891,8939.042357875569,35250.0848740902,8.5,71.59425962487799,4056.4614875604398,2.2
2026-06-12,3.8844757019357417,4.4130686999532465,5.0111142215183255,1.672298291240986,2.7407704087122604,3.75,112.67041120069207,8974.45087905448,35293.08256935981,8.5,70.92631129467755,4077.8123355111893,2.2
2026-06-15,3.8830596576286256,4.424496057126979,5.0266573672374655,1.681572069175508,2.742923987951471,3.75,112.46431678629443,9018.427082144583,35466.18854743289,8.5,72.32257691293174,4095.489456011943,2.2
2026-06-16,3.811908269289437,4.329365817413332,4.953614320508486,1.581189733754751,2.748176083658581,3.75,112.05537952759886,9085.796800704837,35907.10837005803,8.5,73.90890855333582,4165.246805406276,2.2
2026-06-17,3.8213993911708877,4.336663662790067,4.951979484983236,1.5992462999696109,2.737417362820456,3.75,112.03389970617981,9108.297848490882,36085.701347586655,8.5,74.88841151366042,4169.934275776818,2.2
2026-06-18,3.8535840739887703,4.356311536678561,4.958989265380967,1.6250524917444489,2.7312590449341125,3.75,112.04850888018139,9061.88158799191,35612.24906559037,8.5,75.58994472165277,4155.864759634798,2.2
2026-06-22,3.835131181534339,4.306633322553285,4.912045262703427,1.5927756740071517,2.713857648546133,3.75,112.14193278122966,9048.972513893892,35589.01995342733,8.5,74.1501628409438,4196.675043085483,2.2
2026-06-23,3.833664944722117,4.311563615318499,4.925620722826365,1.5803963076995917,2.731167307618907,3.75,112.25064424787159,9074.508915031267,35645.08160789867,8.5,74.99372900741629,4221.196589376703,2.2
2026-06-24,3.845799325013323,4.274967133285884,4.895258728292445,1.5674363843384511,2.707530748947433,3.75,112.60257172888133,9011.211516455252,35353.52907116112,8.5,75.18167443157711,4252.735971007966,2.2
2026-06-25,3.848840168261498,4.280089836985264,4.906511371534508,1.5663764966567528,2.7137133403285105,3.75,112.5720050534541,9046.513771014046,35502.50996341355,8.5,76.15897866037064,4268.950055873435,2.2
2026-06-26,3.815822998900754,4.25816295014341,4.908357659037472,1.5229263269366284,2.735236623206781,3.75,112.34730758067414,9078.729391396879,35642.74185542634,8.5,76.96570216832122,4274.383359568201,2.2
2026-06-29,3.786806420443825,4.210915937525654,4.8556919945526404,1.484360063906061,2.7265558736195934,3.75,111.7621349648482,9139.139134557605,35979.822728094165,8.5,76.30827628678864,4305.774345012444,2.2
2026-06-30,3.7805283302857684,4.2075609553466435,4.863046274614126,1.456608681532479,2.750952273814164,3.75,111.5776182640525,9148.859343799008,36118.20248536724,8.5,76.40979715558974,4293.707460401666,2.2
2026-07-01,3.7514525354149413,4.215900602758197,4.857410789934092,1.465199803786089,2.7507007989721073,3.75,111.56249782945805,9175.839216027782,36401.668419206544,8.5,77.0721231385915,4286.1892838906015,2.2
2026-07-02,3.7226102687672995,4.168666663903331,4.809977807537887,1.4280930393632119,2.7405736245401195,3.75,111.53683598795534,9222.100172650757,36612.72652668018,8.5,77.14753361998265,4276.9573312590755,2.2
2026-07-06,3.7395019328566415,4.171837585269623,4.820240342038785,1.4279712468189723,2.743866338450651,3.5,111.5879621173657,9197.238387054882,36439.88945351173,8.5,76.08390898939071,4295.263270746417,2.2
2026-07-07,3.7541379793443284,4.199094215885047,4.850732537826064,1.4507990030572016,2.7482952128278457,3.5,111.4672267609158,9092.764699938767,35888.492580072685,8.5,76.36443015969768,4272.00361745335,2.2
2026-07-08,3.7231686951472183,4.186262427899404,4.842657975282068,1.4473494325739418,2.738912995325462,3.5,111.61508754918468,9134.967892521468,36134.69815623035,8.5,75.77666463493371,4275.965092311984,2.2
2026-07-09,3.7539287445997127,4.220343373031164,4.871832141653061,1.4812987853539175,2.7390445876772467,3.5,111.39781606354721,9115.238077480755,35978.335015640056,8.5,77.87198062754152,4234.98051255947,2.2
2026-07-10,3.801066413114333,4.274684835669671,4.910786357508129,1.516763414666999,2.7579214210026715,3.5,111.80999084668343,9159.785079495448,36148.23019311708,8.5,78.79382362013747,4180.967121799933,2.2
2026-07-13,3.8271018875589564,4.32660268913672,4.955118860734379,1.576442596633404,2.7501600925033167,3.5,112.08702215298406,9137.275873220353,35946.89838277359,8.5,77.22442723061208,4129.458601796075,2.2
2026-07-14,3.820880035867548,4.31378094908677,4.946076353848618,1.5614707167355832,2.7523102323511868,3.5,112.21967156379093,9163.977690822845,36051.117151253995,8.5,76.64036687076053,4120.804171400722,2.2
2026-07-15,3.826111562485569,4.287965649255749,4.918807323346127,1.5858115978583927,2.702154051397357,3.5,112.16853087716078,9017.885664076959,35384.56261780047,8.5,74.37256905965695,4114.678581465826,2.2
2026-07-16,3.8276593419295137,4.279494345761533,4.892233669142008,1.5945339181669897,2.684960427594543,3.5,112.21712257609265,9083.22781101411,35659.672244051755,8.5,73.67337111153655,4102.203677600314,2.2
2026-07-17,3.7858701238008052,4.192280878042861,4.810717646729309,1.53891525791803,2.6533656201248306,3.5,112.01723485175849,9183.125049210472,36220.57480811843,8.5,74.24299532252851,4118.704338906244,2.2
2026-07-20,3.8344072149641697,4.267092446284213,4.883871647837436,1.5852590942110818,2.6818333520731312,3.5,112.3079457003868,9118.367067469071,36010.191212484104,8.5,75.96398882809838,4085.81293308536,2.2
2026-07-21,3.7685043215827196,4.164799818299901,4.789347521541008,1.5148636599944512,2.6499361583054504,3.5,112.13632473154289,9100.923094310638,35819.249560085096,8.5,76.04488548478776,4094.8000323361766,2.2
2026-07-22,3.7867732538530556,4.182314556408462,4.80646234407345,1.5525628189452303,2.6297517374632324,3.5,111.91405970656247,9119.213745984438,35964.65301423036,8.5,74.49534520120294,4102.76463299297,2.2
2026-07-23,3.733848082774552,4.070621735241679,4.706305731387109,1.5098463034873548,2.5607754317543243,3.5,112.38379041076256,9035.420494181823,35453.450525436434,8.5,70.30384812233757,4136.337343281482,2.2
2026-07-24,3.7224828557796004,4.073105710506173,4.718357326274159,1.4856200600786575,2.5874856504275154,3.5,111.79112899988732,9008.158658520566,35340.71253510075,8.5,71.64866162998078,4186.657357531466,2.2
2026-07-27,3.665042385691601,3.9897402928079715,4.653902325483489,1.412231172431757,2.5775091203762144,3.5,111.90002544400744,9088.78373271524,35640.02657601777,8.5,70.26933373369204,4204.784589741918,2.2
2026-07-28,3.702843074629312,4.026119656931595,4.6866171159824175,1.4542700655304146,2.5718495914011803,3.5,112.1742423830374,9018.563292980885,35178.479706666956,8.5,69.43687445556455,4141.926650668665,2.2
2026-07-29,3.708462819546842,4.040539607877643,4.7092374657466936,1.4439328854708704,2.5966067224067726,3.5,112.04309073781589,9000.640019749926,34900.39784229961,8.5,71.24751800505284,4174.733271121279,2.200636385673827
2026-07-30,3.778405294613121,4.184615326915619,4.847619921758579,1.5470985261921806,2.637516800723438,3.5,112.64406218832961,8911.480423215813,34182.87020828043,13.798744780614532,72.61201963978363,4124.235304083111,2.3431540476923636
2026-07-31,3.7898433930499325,4.300959935400247,5.013515815497871,1.5636320523771872,2.73732788302306,3.5,112.66267661121782,9016.709477909337,34775.55518743741,12.323684787785888,73.39424474824763,4152.633666620796,2.272663029924416
2026-08-03,3.750580115864671,4.323854924865273,5.102847893910785,1.5220688947321075,2.801786030133165,3.5,113.13557061056548,8837.82236339858,33815.71633758619,13.441583772754031,72.9240674856995,4180.880428613979,2.452578839178517
2026-08-04,3.871574096060027,4.5639117851635564,5.328091202186699,1.7196359306039375,2.8442758545596187,3.5,114.51734621606481,8635.949329631745,32751.177950875455,14.335408336262597,75.67401239408015,4079.296975512195,2.588298318173134
2026-08-05,3.888194087653083,4.564691100307934,5.312581532884731,1.758285000412344,2.8064060998955904,3.5,114.00530252113491,8751.169841897832,33018.10877246919,13.319770645639597,76.58927509877574,4029.2738859272536,2.7948974617966997
2026-08-06,3.9062021639852844,4.658948450962555,5.390092112964902,1.8987712562818448,2.7601771946807103,3.5,113.95858169824147,8545.67442243419,32135.266542333247,14.88891307512015,79.76563044869876,3996.3074247006543,2.8409947743082
2026-08-07,3.8783254546043127,4.711368360767695,5.419539056419592,1.9495045101816917,2.7618638505860034,3.5,113.50381013342364,8422.244638740329,31332.074577188127,15.86166481072279,79.95058188449978,4037.675244467552,2.8600978165770203
2026-08-10,3.8275995459413363,4.476883865201748,5.188419755564411,1.923027718574247,2.5538561466275014,3.5,113.94247094219035,8134.895721474382,29930.113465506394,18.538162250380715,72.02140681213436,4064.3455333740826,3.02879237049042
2026-08-11,3.914441006581378,4.491052635168661,5.219151053502326,1.9474486930703239,2.5436039420983363,3.5,113.70316202769531,8194.963684209179,30231.180715790066,17.788154713550963,72.42036750376188,4040.2552926647286,3.0285041629869127
2026-08-12,4.118641716367442,4.659557963054931,5.32038661177454,2.0996113033646835,2.5599466596902474,3.5,115.20633684552546,7957.393185457599,29157.290676873796,16.621026354960936,67.88308306306874,3907.346033888221,3.060678812884026
2026-08-13,4.15,4.630000000000001,5.250000000000001,2.2,2.43,3.5,116.50000000000004,7798.990000000003,28449.99999999998,16.400000000000002,64.49999999999999,3859.9999999999977,3.15
